quantity,value
Rusanov min next-step h,0.039805442094802856
HCFL entropy-only min next-step h,-0.08748980611562729
HCFL entropy+positivity min next-step h,9.999051690101624e-05
entropy-only negative-h fraction,9.765625145519152e-05
entropy+positivity negative-h fraction,0.0
positivity limiter active interface fraction,0.00021093750547152013
mean alpha,0.999965488910675
candidate max Tadmor residual,7.62939453125e-06
safe-blend max Tadmor residual,8.58306884765625e-06
Rusanov max Tadmor residual,-0.00015744566917419434
