seed,arm,model,split,rollout_nrmse,final_snapshot_nrmse,peak_snapshot_nrmse,peak_snapshot_index
0,direct_broad,direct,sod,0.02209123782813549,0.02545876055955887,0.02764568291604519,44
0,direct_broad,direct,lax,0.09097080677747726,0.14427916705608368,0.14427916705608368,63
0,direct_broad,direct,collision,0.1508701592683792,0.18492157757282257,0.23203475773334503,46
0,direct_broad,direct,strong_pressure,0.1670050173997879,0.32637232542037964,0.32637232542037964,63
0,direct_broad,direct,near_vacuum_expansion,0.14078931510448456,0.30204591155052185,0.30204591155052185,63
0,direct_broad,direct,canonical_mean,0.11434530727565288,,,
0,invariant_broad,invariant,sod,0.017536744475364685,0.024409402161836624,0.024409402161836624,63
0,invariant_broad,invariant,lax,0.0924440324306488,0.14300724864006042,0.14300724864006042,63
0,invariant_broad,invariant,collision,0.16173464059829712,0.20960168540477753,0.24575650691986084,47
0,invariant_broad,invariant,strong_pressure,0.16059455275535583,0.3155522346496582,0.3155522346496582,63
0,invariant_broad,invariant,near_vacuum_expansion,0.14755664765834808,0.3092774748802185,0.3092774748802185,63
0,invariant_broad,invariant,canonical_mean,0.1159733235836029,,,
0,characteristic_broad,characteristic,sod,0.01869002729654312,0.027428867295384407,0.027428867295384407,63
0,characteristic_broad,characteristic,lax,0.08640138804912567,0.14031344652175903,0.14031344652175903,63
0,characteristic_broad,characteristic,collision,0.11126973479986191,0.13828721642494202,0.1602301299571991,44
0,characteristic_broad,characteristic,strong_pressure,0.16596199572086334,0.31964993476867676,0.31964993476867676,63
0,characteristic_broad,characteristic,near_vacuum_expansion,0.12183958292007446,0.2488473802804947,0.2488473802804947,63
0,characteristic_broad,characteristic,canonical_mean,0.1008325457572937,,,
0,dissipation_broad,dissipation,sod,0.018980463966727257,0.02668129652738571,0.02668129652738571,63
0,dissipation_broad,dissipation,lax,0.08220545947551727,0.13721002638339996,0.13721002638339996,63
0,dissipation_broad,dissipation,collision,0.10935710370540619,0.09294044226408005,0.1868312656879425,44
0,dissipation_broad,dissipation,strong_pressure,0.13795776665210724,0.2718740999698639,0.2718740999698639,63
0,dissipation_broad,dissipation,near_vacuum_expansion,0.10754644870758057,0.22672238945960999,0.22672238945960999,63
0,dissipation_broad,dissipation,canonical_mean,0.0912094485014677,,,
0,conv_broad,conv,sod,0.01842445693910122,0.02183504030108452,0.02264224737882614,44
0,conv_broad,conv,lax,0.09005983918905258,0.14220553636550903,0.14220553636550903,63
0,conv_broad,conv,collision,0.13891062140464783,0.17017024755477905,0.20734097063541412,46
0,conv_broad,conv,strong_pressure,0.1648254692554474,0.32168012857437134,0.32168012857437134,63
0,conv_broad,conv,near_vacuum_expansion,0.11624152213335037,0.23932120203971863,0.23932120203971863,63
0,conv_broad,conv,canonical_mean,0.10569238178431987,,,
0,direct_wave,direct,sod,0.024210520088672638,0.02655749022960663,0.030453843995928764,31
0,direct_wave,direct,lax,0.09068221598863602,0.14462344348430634,0.14462344348430634,63
0,direct_wave,direct,collision,0.15114350616931915,0.18443050980567932,0.23077742755413055,46
0,direct_wave,direct,strong_pressure,0.1660016030073166,0.32440584897994995,0.32440584897994995,63
0,direct_wave,direct,near_vacuum_expansion,0.14475774765014648,0.3100583553314209,0.3100583553314209,63
0,direct_wave,direct,canonical_mean,0.11535911858081818,,,
