comparison,arm,comparator,candidate,split,comparator_nrmse,candidate_nrmse,relative_change_percent
within_arm_convergence,direct_broad,fixed_1100,converged_best,ordinary_id,0.012355775208402796,0.011436939498612964,-7.436487749995324
within_arm_convergence,direct_broad,fixed_1100,converged_best,broad_random_in_support,0.03433295487331937,0.03307803516754148,-3.655146230227635
within_arm_convergence,direct_broad,fixed_1100,converged_best,moderate_ood_high_frequency,0.006759427558680807,0.006677296999784088,-1.2150519875198884
within_arm_convergence,direct_broad,fixed_1100,converged_best,sod,0.01785055275781293,0.020117149903617848,12.697630020520577
within_arm_convergence,direct_broad,fixed_1100,converged_best,lax,0.0627854350646183,0.06598664742727536,5.098654424170834
within_arm_convergence,direct_broad,fixed_1100,converged_best,collision,0.10187547939777021,0.11684410797669695,14.693063205604284
within_arm_convergence,direct_broad,fixed_1100,converged_best,strong_pressure,0.11930504573115763,0.12433850488075796,4.218982624542744
within_arm_convergence,direct_broad,fixed_1100,converged_best,near_vacuum_expansion,0.08905598094228177,0.11299746328019754,26.88363216551679
within_arm_convergence,invariant_broad,fixed_1100,converged_best,ordinary_id,0.012738949815996412,0.011997977522631627,-5.816588526271915
within_arm_convergence,invariant_broad,fixed_1100,converged_best,broad_random_in_support,0.034060082793571825,0.03314012569358587,-2.7009831583838073
within_arm_convergence,invariant_broad,fixed_1100,converged_best,moderate_ood_high_frequency,0.007269633123994258,0.006992009116298075,-3.818954862795665
within_arm_convergence,invariant_broad,fixed_1100,converged_best,sod,0.016235500905317796,0.014569569371038406,-10.261041799663406
within_arm_convergence,invariant_broad,fixed_1100,converged_best,lax,0.06948896315810688,0.06724496545210742,-3.2292864996326442
within_arm_convergence,invariant_broad,fixed_1100,converged_best,collision,0.11084086040613078,0.1281231214523529,15.5919585817887
within_arm_convergence,invariant_broad,fixed_1100,converged_best,strong_pressure,0.12114930178709941,0.11851746724344812,-2.1723893615799073
within_arm_convergence,invariant_broad,fixed_1100,converged_best,near_vacuum_expansion,0.08386009358317922,0.12083763749300436,44.09432702713099
within_arm_convergence,characteristic_broad,fixed_1100,converged_best,ordinary_id,0.012220000035085297,0.010201779799987582,-16.51571382408451
within_arm_convergence,characteristic_broad,fixed_1100,converged_best,broad_random_in_support,0.030445622475219487,0.02651457343435131,-12.91170526753973
within_arm_convergence,characteristic_broad,fixed_1100,converged_best,moderate_ood_high_frequency,0.007058271750988942,0.006668394018519127,-5.523699656579373
within_arm_convergence,characteristic_broad,fixed_1100,converged_best,sod,0.01591219023246425,0.01564247771696908,-1.695005599825583
within_arm_convergence,characteristic_broad,fixed_1100,converged_best,lax,0.06521968473214973,0.06272649570564859,-3.822755410027512
within_arm_convergence,characteristic_broad,fixed_1100,converged_best,collision,0.12516116726660395,0.08077096534384394,-35.466433313301636
within_arm_convergence,characteristic_broad,fixed_1100,converged_best,strong_pressure,0.12787743160580328,0.12535439374244747,-1.9730126197196052
within_arm_convergence,characteristic_broad,fixed_1100,converged_best,near_vacuum_expansion,0.08644056886506134,0.09335054603761814,7.993905249910682
within_arm_convergence,dissipation_broad,fixed_1100,converged_best,ordinary_id,0.014080183880862305,0.009132230837398706,-35.141253021480956
within_arm_convergence,dissipation_broad,fixed_1100,converged_best,broad_random_in_support,0.03403031215342381,0.02303506695316423,-32.31015087574899
within_arm_convergence,dissipation_broad,fixed_1100,converged_best,moderate_ood_high_frequency,0.003642371209981124,0.006798458041226869,86.64923615136146
within_arm_convergence,dissipation_broad,fixed_1100,converged_best,sod,0.028565188512022013,0.014677816211361282,-48.616420979739225
within_arm_convergence,dissipation_broad,fixed_1100,converged_best,lax,0.08008246854617011,0.05524289743886709,-31.01748929353022
within_arm_convergence,dissipation_broad,fixed_1100,converged_best,collision,0.08464179329830085,0.075152315766467,-11.211337995156045
within_arm_convergence,dissipation_broad,fixed_1100,converged_best,strong_pressure,0.12015134981138877,0.08845181729941635,-26.38300157404283
within_arm_convergence,dissipation_broad,fixed_1100,converged_best,near_vacuum_expansion,0.08659149999171574,0.07935008507353197,-8.362731814181023
within_arm_convergence,conv_broad,fixed_1100,converged_best,ordinary_id,0.012396976645104765,0.011589084475665465,-6.516848362042493
within_arm_convergence,conv_broad,fixed_1100,converged_best,broad_random_in_support,0.034338142603638495,0.033194581737197255,-3.3302933115551436
within_arm_convergence,conv_broad,fixed_1100,converged_best,moderate_ood_high_frequency,0.00686196806866283,0.006872858176323434,0.15870239487614235
within_arm_convergence,conv_broad,fixed_1100,converged_best,sod,0.0183569269619804,0.014690939596506464,-19.970594060033452
within_arm_convergence,conv_broad,fixed_1100,converged_best,lax,0.062386070948331054,0.06489257162992154,4.017724859875216
within_arm_convergence,conv_broad,fixed_1100,converged_best,collision,0.10290240524890704,0.10529360830679814,2.32375817854511
within_arm_convergence,conv_broad,fixed_1100,converged_best,strong_pressure,0.11844340231687121,0.12140744000288103,2.5024928599063134
within_arm_convergence,conv_broad,fixed_1100,converged_best,near_vacuum_expansion,0.08557672848355655,0.09006361813460201,5.243118930291435
within_arm_convergence,direct_wave,fixed_1100,converged_best,ordinary_id,0.012196332694996578,0.011377927997032989,-6.710252322809563
within_arm_convergence,direct_wave,fixed_1100,converged_best,broad_random_in_support,0.03435460796919267,0.03293925023111266,-4.119848316561281
within_arm_convergence,direct_wave,fixed_1100,converged_best,moderate_ood_high_frequency,0.0067983647279522665,0.006716251660487925,-1.2078355714974176
within_arm_convergence,direct_wave,fixed_1100,converged_best,sod,0.021612930512124238,0.022113392581258842,2.3155678442303707
within_arm_convergence,direct_wave,fixed_1100,converged_best,lax,0.06286304756574511,0.06541023147894226,4.05195740873554
within_arm_convergence,direct_wave,fixed_1100,converged_best,collision,0.09648176480968386,0.11773123885988288,22.024342208203684
within_arm_convergence,direct_wave,fixed_1100,converged_best,strong_pressure,0.11828332805982575,0.12322448353380235,4.1773896245778985
within_arm_convergence,direct_wave,fixed_1100,converged_best,near_vacuum_expansion,0.08637040642922157,0.1161398934206673,34.467230411658534
architecture,invariant_broad,direct_broad_converged,invariant_broad_converged,ordinary_id,0.011436939498612964,0.011997977522631627,4.905490879677243
architecture,invariant_broad,direct_broad_converged,invariant_broad_converged,broad_random_in_support,0.03307803516754148,0.03314012569358587,0.18770923281838936
architecture,invariant_broad,direct_broad_converged,invariant_broad_converged,moderate_ood_high_frequency,0.006677296999784088,0.006992009116298075,4.7131663684296665
architecture,invariant_broad,direct_broad_converged,invariant_broad_converged,sod,0.020117149903617848,0.014569569371038406,-27.5763741840079
architecture,invariant_broad,direct_broad_converged,invariant_broad_converged,lax,0.06598664742727536,0.06724496545210742,1.9069282557791167
architecture,invariant_broad,direct_broad_converged,invariant_broad_converged,collision,0.11684410797669695,0.1281231214523529,9.653044274945731
architecture,invariant_broad,direct_broad_converged,invariant_broad_converged,strong_pressure,0.12433850488075796,0.11851746724344812,-4.68160498060699
architecture,invariant_broad,direct_broad_converged,invariant_broad_converged,near_vacuum_expansion,0.11299746328019754,0.12083763749300436,6.9383630262262574
architecture,characteristic_broad,direct_broad_converged,characteristic_broad_converged,ordinary_id,0.011436939498612964,0.010201779799987582,-10.799739727356062
architecture,characteristic_broad,direct_broad_converged,characteristic_broad_converged,broad_random_in_support,0.03307803516754148,0.02651457343435131,-19.84235671782193
architecture,characteristic_broad,direct_broad_converged,characteristic_broad_converged,moderate_ood_high_frequency,0.006677296999784088,0.006668394018519127,-0.13333211425595737
architecture,characteristic_broad,direct_broad_converged,characteristic_broad_converged,sod,0.020117149903617848,0.01564247771696908,-22.24307224476191
architecture,characteristic_broad,direct_broad_converged,characteristic_broad_converged,lax,0.06598664742727536,0.06272649570564859,-4.940623366598262
architecture,characteristic_broad,direct_broad_converged,characteristic_broad_converged,collision,0.11684410797669695,0.08077096534384394,-30.872881189736447
architecture,characteristic_broad,direct_broad_converged,characteristic_broad_converged,strong_pressure,0.12433850488075796,0.12535439374244747,0.8170348056410814
architecture,characteristic_broad,direct_broad_converged,characteristic_broad_converged,near_vacuum_expansion,0.11299746328019754,0.09335054603761814,-17.387042746137883
architecture,dissipation_broad,direct_broad_converged,dissipation_broad_converged,ordinary_id,0.011436939498612964,0.009132230837398706,-20.151445773528533
architecture,dissipation_broad,direct_broad_converged,dissipation_broad_converged,broad_random_in_support,0.03307803516754148,0.02303506695316423,-30.361441250997046
architecture,dissipation_broad,direct_broad_converged,dissipation_broad_converged,moderate_ood_high_frequency,0.006677296999784088,0.006798458041226869,1.8145222752065537
architecture,dissipation_broad,direct_broad_converged,dissipation_broad_converged,sod,0.020117149903617848,0.014677816211361282,-27.03829179738011
architecture,dissipation_broad,direct_broad_converged,dissipation_broad_converged,lax,0.06598664742727536,0.05524289743886709,-16.28170305249874
architecture,dissipation_broad,direct_broad_converged,dissipation_broad_converged,collision,0.11684410797669695,0.075152315766467,-35.681552910263
architecture,dissipation_broad,direct_broad_converged,dissipation_broad_converged,strong_pressure,0.12433850488075796,0.08845181729941635,-28.862087103071843
architecture,dissipation_broad,direct_broad_converged,dissipation_broad_converged,near_vacuum_expansion,0.11299746328019754,0.07935008507353197,-29.777109352650545
architecture,conv_broad,direct_broad_converged,conv_broad_converged,ordinary_id,0.011436939498612964,0.011589084475665465,1.3302944994240118
architecture,conv_broad,direct_broad_converged,conv_broad_converged,broad_random_in_support,0.03307803516754148,0.033194581737197255,0.3523382482226056
architecture,conv_broad,direct_broad_converged,conv_broad_converged,moderate_ood_high_frequency,0.006677296999784088,0.006872858176323434,2.9287476136776514
architecture,conv_broad,direct_broad_converged,conv_broad_converged,sod,0.020117149903617848,0.014690939596506464,-26.973056984257692
architecture,conv_broad,direct_broad_converged,conv_broad_converged,lax,0.06598664742727536,0.06489257162992154,-1.658026040131244
architecture,conv_broad,direct_broad_converged,conv_broad_converged,collision,0.11684410797669695,0.10529360830679814,-9.885393341530246
architecture,conv_broad,direct_broad_converged,conv_broad_converged,strong_pressure,0.12433850488075796,0.12140744000288103,-2.357326783595992
architecture,conv_broad,direct_broad_converged,conv_broad_converged,near_vacuum_expansion,0.11299746328019754,0.09006361813460201,-20.295893801374053
data_distribution,direct_wave,direct_broad_converged,direct_wave_converged,ordinary_id,0.011436939498612964,0.011377927997032989,-0.5159728403488661
data_distribution,direct_wave,direct_broad_converged,direct_wave_converged,broad_random_in_support,0.03307803516754148,0.03293925023111266,-0.4195682594986927
data_distribution,direct_wave,direct_broad_converged,direct_wave_converged,moderate_ood_high_frequency,0.006677296999784088,0.006716251660487925,0.5833896665836003
data_distribution,direct_wave,direct_broad_converged,direct_wave_converged,sod,0.020117149903617848,0.022113392581258842,9.923088942544457
data_distribution,direct_wave,direct_broad_converged,direct_wave_converged,lax,0.06598664742727536,0.06541023147894226,-0.8735342236751431
data_distribution,direct_wave,direct_broad_converged,direct_wave_converged,collision,0.11684410797669695,0.11773123885988288,0.7592431475987205
data_distribution,direct_wave,direct_broad_converged,direct_wave_converged,strong_pressure,0.12433850488075796,0.12322448353380235,-0.8959584547232335
data_distribution,direct_wave,direct_broad_converged,direct_wave_converged,near_vacuum_expansion,0.11299746328019754,0.1161398934206673,2.7809740583977005
