case,method,rollout_nrmse,final_snapshot_nrmse,minimum_density,minimum_pressure
sod,classical_hllc_512,0.010811347514390945,0.012714155949652195,0.125,0.10000000149011612
sod,matched_safe_hllc_512_zero_nn,0.010533560998737812,0.012391834519803524,0.125,0.10000000149011612
sod,learned_hcfl_512,0.0068195536732673645,0.007109828758984804,0.125,0.10000000149011612
lax,classical_hllc_512,0.051048148423433304,0.05998900532722473,0.24970562756061554,0.5710000395774841
lax,matched_safe_hllc_512_zero_nn,0.04830339178442955,0.05676156282424927,0.24994893372058868,0.5710000395774841
lax,learned_hcfl_512,0.030756700783967972,0.03277136757969856,0.2220984399318695,0.5710000395774841
collision,classical_hllc_512,0.06802190840244293,0.060315243899822235,0.08217018097639084,0.06716174632310867
collision,matched_safe_hllc_512_zero_nn,0.06620276719331741,0.05793770030140877,0.0825241282582283,0.06699173897504807
collision,learned_hcfl_512,0.05115491896867752,0.04664769396185875,0.0742735043168068,0.06437119841575623
strong_pressure,classical_hllc_512,0.17141221463680267,0.24039193987846375,0.5615903735160828,0.05000000074505806
strong_pressure,matched_safe_hllc_512_zero_nn,0.16591429710388184,0.23268868029117584,0.5618643164634705,0.05000000074505806
strong_pressure,learned_hcfl_512,0.1297285109758377,0.1770087331533432,0.5011986494064331,0.05000000074505806
near_vacuum_expansion,classical_hllc_512,0.069891057908535,0.08317048102617264,0.02066754177212715,0.008250758051872253
near_vacuum_expansion,matched_safe_hllc_512_zero_nn,0.06860315054655075,0.08179470151662827,0.020832626149058342,0.00826486386358738
near_vacuum_expansion,learned_hcfl_512,0.06288488209247589,0.08141366392374039,0.017533134669065475,0.009008700959384441
