split,ntraj,rollout_nrmse,min_rho,min_pressure,entropy_violation_rate,max_entropy_residual,local_limiter_intervention_rate,fd_entropy_intervention_rate,mean_fd_beta,min_fd_beta,max_total_entropy_change,mean_substeps_per_snapshot,eval_seconds,seed,arm,model,stage,parameter_count
ordinary_id,90,0.012355775208402796,0.5742957592010498,0.5326337218284607,0.0,8.431772842840914e-09,0.0,0.0,1.0,1.0,-0.00015057246260674617,1.0,0.15172560000792146,0,direct_broad,direct,fixed_1100,6627
broad_random_in_support,90,0.03433295487331937,0.1967880129814148,0.23142218589782715,0.0,1.3907338112638364e-08,0.0,0.0014814814814814814,0.9999535285101997,0.9585424065589905,-3.8111075184588117e-07,1.0,0.15935430000536144,0,direct_broad,direct,fixed_1100,6627
moderate_ood_high_frequency,90,0.006759427558680807,0.6434857249259949,0.6503472328186035,0.0,-3.490673618211648e-08,0.0,0.0,1.0,1.0,-0.0036331327527605595,1.0,0.12875849986448884,0,direct_broad,direct,fixed_1100,6627
sod,1,0.01785055275781293,0.12289555370807648,0.09839679300785065,0.0,2.06910082936054e-15,0.0,0.0,1.0,1.0,-0.005621852143582906,1.0,0.16433890000917017,0,direct_broad,direct,fixed_1100,6627
lax,1,0.0627854350646183,0.20454631745815277,0.5710000395774841,0.0,1.9113733816493286e-15,0.0,0.0,1.0,1.0,-0.04629472399729195,1.0,0.15757779986597598,0,direct_broad,direct,fixed_1100,6627
collision,1,0.10187547939777021,0.04471881687641144,1.0054022823169362e-05,0.0,0.0,0.001984126984126984,0.047619047619047616,0.9997550182872348,0.9896544218063354,-1.0832558774431789e-05,1.0,0.15937080001458526,0,direct_broad,direct,fixed_1100,6627
strong_pressure,1,0.11930504573115763,0.5143840312957764,0.04971669614315033,0.0,2.9116757561866574e-22,0.0,0.0,1.0,1.0,-0.4560944252104093,1.0,0.16175290010869503,0,direct_broad,direct,fixed_1100,6627
near_vacuum_expansion,1,0.08905598094228177,0.007577680982649326,1.0013580322265625e-05,0.0,0.0,0.015873015873015872,0.23809523809523808,0.9967651632097032,0.9580955505371094,-7.572029488756016e-06,1.0,0.2190223999787122,0,direct_broad,direct,fixed_1100,6627
ordinary_id,90,0.011436939498612964,0.5834868550300598,0.5187276005744934,0.0,2.771121523744606e-09,0.0,0.0,1.0,1.0,-0.00015248836220926876,1.0,0.1528514998499304,0,direct_broad,direct,converged_best,6627
broad_random_in_support,90,0.03307803516754148,0.20664630830287933,0.25805649161338806,0.0,1.4941762427344996e-09,0.0,0.0,1.0,1.0,-0.0005401940038325392,1.0,0.147831300040707,0,direct_broad,direct,converged_best,6627
moderate_ood_high_frequency,90,0.006677296999784088,0.6452507972717285,0.6466557383537292,0.0,-3.4068516683097294e-08,0.0,0.0,1.0,1.0,-0.0035793999796744913,1.0,0.116474200040102,0,direct_broad,direct,converged_best,6627
sod,1,0.020117149903617848,0.12067621201276779,0.09707234054803848,0.0,4.831690837624754e-15,0.0,0.0,1.0,1.0,-0.0071596648630283255,1.0,0.16412620013579726,0,direct_broad,direct,converged_best,6627
lax,1,0.06598664742727536,0.1767493486404419,0.5710000395774841,0.0,6.307528640947331e-15,0.0,0.0,1.0,1.0,-0.04564289301323754,1.0,0.15924790012650192,0,direct_broad,direct,converged_best,6627
collision,1,0.11684410797669695,0.031642213463783264,0.0008139662677422166,0.0,0.0,0.0,0.047619047619047616,0.9986085693041483,0.9639187455177307,-3.168371431883088e-07,1.0,0.15708710020408034,0,direct_broad,direct,converged_best,6627
strong_pressure,1,0.12433850488075796,0.5036097168922424,0.049614109098911285,0.0,3.3821831887116074e-15,0.0,0.0,1.0,1.0,-0.4236629973087247,1.0,0.1791882999241352,0,direct_broad,direct,converged_best,6627
near_vacuum_expansion,1,0.11299746328019754,0.04314842447638512,1.0013580322265625e-05,0.0,0.0,0.00992063492063492,0.12698412698412698,0.9973246265971472,0.9175171256065369,-4.6525264281171985e-06,1.0,0.2020409000106156,0,direct_broad,direct,converged_best,6627
ordinary_id,90,0.012738949815996412,0.571653425693512,0.5831584930419922,0.0,3.6394875190957145e-14,0.0,0.0,1.0,1.0,-0.00016401810468202882,1.0,0.14552480005659163,0,invariant_broad,invariant,fixed_1100,6627
broad_random_in_support,90,0.034060082793571825,0.21452128887176514,0.24348898231983185,0.0,3.063592264065151e-14,0.0,0.0,1.0,1.0,-0.00027727847973579856,1.0,0.14347939984872937,0,invariant_broad,invariant,fixed_1100,6627
moderate_ood_high_frequency,90,0.007269633123994258,0.6451061964035034,0.6598644852638245,0.0,-2.525101485979092e-08,0.0,0.0,1.0,1.0,-0.004462227539896446,1.0,0.12514990009367466,0,invariant_broad,invariant,fixed_1100,6627
sod,1,0.016235500905317796,0.125,0.10000000149011612,0.0,5.456967990064896e-16,0.0,0.0,1.0,1.0,-0.007288050400472201,1.0,0.1696655999403447,0,invariant_broad,invariant,fixed_1100,6627
lax,1,0.06948896315810688,0.19352766871452332,0.5710000395774841,0.0,1.841630782051973e-08,0.0,0.0,1.0,1.0,-0.04720381200951351,1.0,0.1649221999105066,0,invariant_broad,invariant,fixed_1100,6627
collision,1,0.11084086040613078,0.10223684459924698,0.1469201296567917,0.0,0.0,0.0,0.0,1.0,1.0,-0.10281514184626239,1.0,0.1461313001345843,0,invariant_broad,invariant,fixed_1100,6627
strong_pressure,1,0.12114930178709941,0.5005543231964111,0.05000000074505806,0.0,6.984918967726063e-15,0.0,0.0,1.0,1.0,-0.5412956662812931,1.0,0.17308580013923347,0,invariant_broad,invariant,fixed_1100,6627
near_vacuum_expansion,1,0.08386009358317922,0.07923825085163116,0.06356196850538254,0.0,0.0,0.0,0.0,1.0,1.0,-0.1909138844608833,1.0,0.14750820002518594,0,invariant_broad,invariant,fixed_1100,6627
ordinary_id,90,0.011997977522631627,0.5841625928878784,0.5744920969009399,0.0,2.0458194339735412e-14,0.0,0.0,1.0,1.0,-0.00013466105609261092,1.0,0.14687029994092882,0,invariant_broad,invariant,converged_best,6627
broad_random_in_support,90,0.03314012569358587,0.24571110308170319,0.2522244453430176,0.0,1.0490464194108054e-14,0.0,0.0014814814814814814,0.9998008219401041,0.8281581401824951,-1.17749385708521e-06,1.0,0.14938489999622107,0,invariant_broad,invariant,converged_best,6627
moderate_ood_high_frequency,90,0.006992009116298075,0.644655168056488,0.6583014130592346,0.0,-5.589858270704795e-08,0.0,0.0,1.0,1.0,-0.004352666950204309,1.0,0.12421299982815981,0,invariant_broad,invariant,converged_best,6627
sod,1,0.014569569371038406,0.125,0.10000000149011612,0.0,4.837398981075772e-15,0.0,0.0,1.0,1.0,-0.006268240035537609,1.0,0.1741112000308931,0,invariant_broad,invariant,converged_best,6627
lax,1,0.06724496545210742,0.2281113564968109,0.5710000395774841,0.0,3.71287958878307e-15,0.0,0.0,1.0,1.0,-0.04190080867061852,1.0,0.16971389995887876,0,invariant_broad,invariant,converged_best,6627
collision,1,0.1281231214523529,0.1634250283241272,0.22387878596782684,0.0,0.0,0.0,0.0,1.0,1.0,-0.10319268562252049,1.0,0.15445169992744923,0,invariant_broad,invariant,converged_best,6627
strong_pressure,1,0.11851746724344812,0.49639514088630676,0.05000000074505806,0.0,4.6566127091193426e-15,0.0,0.0,1.0,1.0,-0.5451318798335194,1.0,0.17116080014966428,0,invariant_broad,invariant,converged_best,6627
near_vacuum_expansion,1,0.12083763749300436,0.12833172082901,0.12149176746606827,0.0,0.0,0.0,0.0,1.0,1.0,-0.18495953117597708,1.0,0.15449930005706847,0,invariant_broad,invariant,converged_best,6627
ordinary_id,90,0.012220000035085297,0.569835364818573,0.5873212814331055,0.0,1.5453413191187607e-14,0.0,0.0,1.0,1.0,-0.00016499341657549849,1.0,0.17739859991706908,0,characteristic_broad,characteristic,fixed_1100,6627
broad_random_in_support,90,0.030445622475219487,0.20432734489440918,0.2588709890842438,0.0,2.1873903079040502e-14,0.0,0.0,1.0,1.0,-0.0003671416555448559,1.0,0.18146320013329387,0,characteristic_broad,characteristic,fixed_1100,6627
moderate_ood_high_frequency,90,0.007058271750988942,0.6445304751396179,0.6604676842689514,0.0,-1.7764398512962187e-08,0.0,0.0,1.0,1.0,-0.004619612715398347,1.0,0.16133880009874701,0,characteristic_broad,characteristic,fixed_1100,6627
sod,1,0.01591219023246425,0.125,0.10000000149011612,0.0,1.23993500318972e-16,0.0,0.0,1.0,1.0,-0.00804468085122334,1.0,0.19332930003292859,0,characteristic_broad,characteristic,fixed_1100,6627
lax,1,0.06521968473214973,0.21906131505966187,0.5710000395774841,0.0,0.0,0.0,0.0,1.0,1.0,-0.042955905656128834,1.0,0.1841742000542581,0,characteristic_broad,characteristic,fixed_1100,6627
collision,1,0.12516116726660395,0.10647748410701752,0.11275380104780197,0.0,0.0,0.0,0.0,1.0,1.0,-0.05547306534035812,1.0,0.1626631999388337,0,characteristic_broad,characteristic,fixed_1100,6627
strong_pressure,1,0.12787743160580328,0.5347920060157776,0.05000000074505806,0.0,4.235164736271502e-22,0.0,0.0,1.0,1.0,-0.5444829684626811,1.0,0.18884290009737015,0,characteristic_broad,characteristic,fixed_1100,6627
near_vacuum_expansion,1,0.08644056886506134,0.0803336650133133,0.053124427795410156,0.0,0.0,0.0,0.0,1.0,1.0,-0.19143138199656562,1.0,0.16056820005178452,0,characteristic_broad,characteristic,fixed_1100,6627
ordinary_id,90,0.010201779799987582,0.5743061304092407,0.5549488663673401,0.0,1.672542377037285e-14,0.0,0.0,1.0,1.0,-0.00014574758953322942,1.0,0.18086230009794235,0,characteristic_broad,characteristic,converged_best,6627
broad_random_in_support,90,0.02651457343435131,0.23949114978313446,0.25808030366897583,0.0,1.431430063060087e-09,0.0,0.0,1.0,1.0,-0.00041841938596576256,1.0,0.18027959996834397,0,characteristic_broad,characteristic,converged_best,6627
moderate_ood_high_frequency,90,0.006668394018519127,0.642313539981842,0.6562142968177795,0.0,-1.4929362558702142e-08,0.0,0.0,1.0,1.0,-0.004556128103565982,1.0,0.1561439000070095,0,characteristic_broad,characteristic,converged_best,6627
sod,1,0.01564247771696908,0.125,0.10000000149011612,0.0,1.818989349322513e-16,0.0,0.0,1.0,1.0,-0.008450240315361235,1.0,0.1752105001360178,0,characteristic_broad,characteristic,converged_best,6627
lax,1,0.06272649570564859,0.22854375839233398,0.5710000395774841,0.0,1.9113723460192017e-16,0.0,0.0,1.0,1.0,-0.04239387029970487,1.0,0.17650689999572933,0,characteristic_broad,characteristic,converged_best,6627
collision,1,0.08077096534384394,0.08619686216115952,0.07472912222146988,0.0,0.0,0.0,0.0,1.0,1.0,-0.0863041755552576,1.0,0.1529347999021411,0,characteristic_broad,characteristic,converged_best,6627
strong_pressure,1,0.12535439374244747,0.5678491592407227,0.05000000074505806,0.0,2.9558583761070647e-16,0.0,0.0,1.0,1.0,-0.5318042802749972,1.0,0.18158219987526536,0,characteristic_broad,characteristic,converged_best,6627
near_vacuum_expansion,1,0.09335054603761814,0.07686469703912735,0.043434735387563705,0.0,0.0,0.0,0.0,1.0,1.0,-0.20509368757021207,1.0,0.15155609999783337,0,characteristic_broad,characteristic,converged_best,6627
ordinary_id,90,0.014080183880862305,0.5833216309547424,0.5380794405937195,0.0,3.193748392922379e-09,0.0,0.0,1.0,1.0,-3.0776815847843864e-05,1.0,0.15337050007656217,0,dissipation_broad,dissipation,fixed_1100,6627
broad_random_in_support,90,0.03403031215342381,0.23277369141578674,0.13480091094970703,0.0,1.7666481940431477e-08,0.0,0.0022222222222222222,0.9998400596336082,0.8183884024620056,-3.8656082779198186e-08,1.0,0.16272070002742112,0,dissipation_broad,dissipation,fixed_1100,6627
moderate_ood_high_frequency,90,0.003642371209981124,0.6443467736244202,0.6440920233726501,0.0,-1.6627832019611155e-07,0.0,0.0,1.0,1.0,-0.0008884603961760718,1.0,0.14113550004549325,0,dissipation_broad,dissipation,fixed_1100,6627
sod,1,0.028565188512022013,0.125,0.10000000149011612,0.0,1.0857338621640244e-14,0.0,0.0,1.0,1.0,-0.0062744542724280095,1.0,0.1797436000779271,0,dissipation_broad,dissipation,fixed_1100,6627
lax,1,0.08008246854617011,0.1920563280582428,0.530085563659668,0.0,0.0,0.0,0.0,1.0,1.0,-0.03823250482994922,1.0,0.17715330002829432,0,dissipation_broad,dissipation,fixed_1100,6627
collision,1,0.08464179329830085,0.08234503120183945,0.024306645616889,0.0,0.0,0.0,0.0,1.0,1.0,-0.0891625911141567,1.0,0.16301879985257983,0,dissipation_broad,dissipation,fixed_1100,6627
strong_pressure,1,0.12015134981138877,0.49681028723716736,0.05000000074505806,0.0,5.740963423390527e-15,0.0,0.0,1.0,1.0,-0.5190217156033725,1.0,0.18488349998369813,0,dissipation_broad,dissipation,fixed_1100,6627
near_vacuum_expansion,1,0.08659149999171574,0.03847797214984894,0.002759051276370883,0.0,0.0,0.0,0.0,1.0,1.0,-0.1513188999929298,1.0,0.1696345000527799,0,dissipation_broad,dissipation,fixed_1100,6627
ordinary_id,90,0.009132230837398706,0.5766535401344299,0.5283599495887756,0.0,1.1054914915682315e-08,0.0,0.0,1.0,1.0,-6.345277896180335e-05,1.0,0.1571253000292927,0,dissipation_broad,dissipation,converged_best,6627
broad_random_in_support,90,0.02303506695316423,0.22857177257537842,0.2128509134054184,0.0,2.649696067721604e-14,0.0,0.0,1.0,1.0,-0.0003562469849782701,1.0,0.15813950006850064,0,dissipation_broad,dissipation,converged_best,6627
moderate_ood_high_frequency,90,0.006798458041226869,0.6435145139694214,0.6494671702384949,0.0,-6.467855687697366e-07,0.0,0.0,1.0,1.0,-0.0017915313193874738,1.0,0.12509130011312664,0,dissipation_broad,dissipation,converged_best,6627
sod,1,0.014677816211361282,0.125,0.10000000149011612,0.0,4.541470180321031e-15,0.0,0.0,1.0,1.0,-0.007424922053340666,1.0,0.1734711998142302,0,dissipation_broad,dissipation,converged_best,6627
lax,1,0.05524289743886709,0.2282244861125946,0.5710000395774841,0.0,7.603019880020415e-15,0.0,0.0,1.0,1.0,-0.03431857044533615,1.0,0.17138569988310337,0,dissipation_broad,dissipation,converged_best,6627
collision,1,0.075152315766467,0.17585578560829163,0.18160942196846008,0.0,0.0,0.0,0.0,1.0,1.0,-0.11351018017002801,1.0,0.1626864999998361,0,dissipation_broad,dissipation,converged_best,6627
strong_pressure,1,0.08845181729941635,0.5270931720733643,0.05000000074505806,0.0,4.230131190042884e-15,0.0,0.0,1.0,1.0,-0.5337874464842969,1.0,0.1864984999410808,0,dissipation_broad,dissipation,converged_best,6627
near_vacuum_expansion,1,0.07935008507353197,0.10147736221551895,0.0736628994345665,0.0,0.0,0.0,0.0,1.0,1.0,-0.16678937147838724,1.0,0.1531073998194188,0,dissipation_broad,dissipation,converged_best,6627
ordinary_id,90,0.012396976645104765,0.5751035809516907,0.5342155694961548,0.0,2.0458194339735412e-14,0.0,0.0,1.0,1.0,-0.0001454352356127231,1.0,0.14577750000171363,0,conv_broad,conv,fixed_1100,6627
broad_random_in_support,90,0.034338142603638495,0.19363096356391907,0.23766212165355682,0.0,1.488032986319578e-14,0.0,0.0,1.0,1.0,-0.00040247681675964486,1.0,0.143921900074929,0,conv_broad,conv,fixed_1100,6627
moderate_ood_high_frequency,90,0.00686196806866283,0.6434109807014465,0.651168942451477,0.0,-3.4659923710614327e-08,0.0,0.0,1.0,1.0,-0.0035401542970419086,1.0,0.12329130014404655,0,conv_broad,conv,fixed_1100,6627
sod,1,0.0183569269619804,0.12436215579509735,0.09929915517568588,0.0,2.2168930653282977e-15,0.0,0.0,1.0,1.0,-0.005789848657761887,1.0,0.17880419990979135,0,conv_broad,conv,fixed_1100,6627
lax,1,0.062386070948331054,0.21497774124145508,0.5710000395774841,0.0,9.270467539168423e-15,0.0,0.0,1.0,1.0,-0.04618096444308151,1.0,0.1678623000625521,0,conv_broad,conv,fixed_1100,6627
collision,1,0.10290240524890704,0.03529532253742218,1.0053115147456992e-05,0.0,0.0,0.002976190476190476,0.06349206349206349,0.999112225714184,0.9718570113182068,-2.3176510337563627e-06,1.0,0.1685538999736309,0,conv_broad,conv,fixed_1100,6627
strong_pressure,1,0.11844340231687121,0.5248289108276367,0.04959487542510033,0.0,2.9558629173286276e-16,0.0,0.0,1.0,1.0,-0.44368652111000983,1.0,0.16554770013317466,0,conv_broad,conv,fixed_1100,6627
near_vacuum_expansion,1,0.08557672848355655,0.011566359549760818,1.0007433957071044e-05,0.0,0.0,0.014384920634920634,0.1111111111111111,0.9965830066847423,0.915953516960144,-3.234552451658601e-06,1.0,0.20342460018582642,0,conv_broad,conv,fixed_1100,6627
ordinary_id,90,0.011589084475665465,0.5827840566635132,0.5187029242515564,0.0,9.925522957086819e-15,0.0,0.0,1.0,1.0,-0.000144468629468264,1.0,0.14762780000455678,0,conv_broad,conv,converged_best,6627
broad_random_in_support,90,0.033194581737197255,0.20386898517608643,0.25768396258354187,0.0,1.8003544474662673e-14,0.0,0.0,1.0,1.0,-0.00026419237255481676,1.0,0.14971189992502332,0,conv_broad,conv,converged_best,6627
moderate_ood_high_frequency,90,0.006872858176323434,0.6439526677131653,0.6473841071128845,0.0,-3.310026126107646e-08,0.0,0.0,1.0,1.0,-0.0032448623696836876,1.0,0.12183369998820126,0,conv_broad,conv,converged_best,6627
sod,1,0.014690939596506464,0.12092827260494232,0.0977950394153595,0.0,1.2732925221918825e-15,0.0,0.0,1.0,1.0,-0.006859616289498938,1.0,0.1720004000235349,0,conv_broad,conv,converged_best,6627
lax,1,0.06489257162992154,0.18497668206691742,0.5710000395774841,0.0,6.6898025311247424e-15,0.0,0.0,1.0,1.0,-0.04621255107332445,1.0,0.16468159994110465,0,conv_broad,conv,converged_best,6627
collision,1,0.10529360830679814,0.05720029026269913,0.01844770647585392,0.0,0.0,0.0,0.0,1.0,1.0,-0.06893393329891495,1.0,0.1434663999825716,0,conv_broad,conv,converged_best,6627
strong_pressure,1,0.12140744000288103,0.5034549832344055,0.049741584807634354,0.0,2.6469779601696886e-22,0.0,0.0,1.0,1.0,-0.42869125185077905,1.0,0.16998400003649294,0,conv_broad,conv,converged_best,6627
near_vacuum_expansion,1,0.09006361813460201,0.002175946719944477,1.0072905752167571e-05,0.0,0.0,0.003472222222222222,0.047619047619047616,0.99573933983606,0.7671143412590027,-2.4699202469946613e-06,1.0,0.1655486999079585,0,conv_broad,conv,converged_best,6627
ordinary_id,90,0.012196332694996578,0.5789462327957153,0.5205917358398438,0.0,1.3241911346639156e-14,0.0,0.0,1.0,1.0,-0.00015298703592847573,1.0,0.15724819991737604,0,direct_wave,direct,fixed_1100,6627
broad_random_in_support,90,0.03435460796919267,0.20239201188087463,0.22052951157093048,0.0,1.488032986319578e-14,0.0,0.0022222222222222222,0.99906005859375,0.0,-5.623256242870411e-07,1.0,0.16672519990243018,0,direct_wave,direct,fixed_1100,6627
moderate_ood_high_frequency,90,0.0067983647279522665,0.6431822180747986,0.6493369936943054,0.0,-3.573794864729363e-08,0.0,0.0,1.0,1.0,-0.003522366595426263,1.0,0.13391209999099374,0,direct_wave,direct,fixed_1100,6627
sod,1,0.021612930512124238,0.12295184284448624,0.09837033599615097,0.0,2.8649081406037403e-15,0.0,0.0,1.0,1.0,-0.0042791320141537526,1.0,0.16017080005258322,0,direct_wave,direct,fixed_1100,6627
lax,1,0.06286304756574511,0.2002250850200653,0.5710000395774841,0.0,7.645489086291786e-16,0.0,0.0,1.0,1.0,-0.04555718895144878,1.0,0.1683062999509275,0,direct_wave,direct,fixed_1100,6627
collision,1,0.09648176480968386,0.05731404200196266,1.0064383786811959e-05,0.0,0.0,0.001984126984126984,0.06349206349206349,0.9995396392686027,0.9840968251228333,-5.061325574651221e-06,1.0,0.16501470003277063,0,direct_wave,direct,fixed_1100,6627
strong_pressure,1,0.11828332805982575,0.5154286026954651,0.049543317407369614,0.0,1.6562751416280282e-14,0.0,0.0,1.0,1.0,-0.45742749401300387,1.0,0.1650916999205947,0,direct_wave,direct,fixed_1100,6627
near_vacuum_expansion,1,0.08637040642922157,0.010462235659360886,1.0013580322265625e-05,0.0,0.0,0.014384920634920634,0.2222222222222222,0.996931583162338,0.9576940536499023,-2.7815285363885778e-06,1.0,0.219199099810794,0,direct_wave,direct,fixed_1100,6627
ordinary_id,90,0.011377927997032989,0.5845551490783691,0.5266762971878052,0.0,1.5055811531763025e-14,0.0,0.0,1.0,1.0,-0.00015931189449958083,1.0,0.16527080000378191,0,direct_wave,direct,converged_best,6627
broad_random_in_support,90,0.03293925023111266,0.2058476060628891,0.2578851282596588,0.0,1.1870657053168835e-08,0.0,0.0,1.0,1.0,-0.0003567906297234913,1.0,0.1582949000876397,0,direct_wave,direct,converged_best,6627
moderate_ood_high_frequency,90,0.006716251660487925,0.6432116031646729,0.6500499248504639,0.0,-2.5353984640288235e-06,0.0,0.0,1.0,1.0,-0.0039731051542304385,1.0,0.11503430013544858,0,direct_wave,direct,converged_best,6627
sod,1,0.022113392581258842,0.12015119940042496,0.09614195674657822,0.0,1.6681351587336025e-15,0.0,0.0,1.0,1.0,-0.007078102161141686,1.0,0.1699928999878466,0,direct_wave,direct,converged_best,6627
lax,1,0.06541023147894226,0.18252581357955933,0.5710000395774841,0.0,4.141306633351531e-15,0.0,0.0,1.0,1.0,-0.045136757961245166,1.0,0.16700090002268553,0,direct_wave,direct,converged_best,6627
collision,1,0.11773123885988288,0.164718896150589,0.1764928251504898,0.0,0.0,0.0,0.0,1.0,1.0,-0.07706567215043236,1.0,0.15008819987997413,0,direct_wave,direct,converged_best,6627
strong_pressure,1,0.12322448353380235,0.4820104241371155,0.049513138830661774,0.0,1.108446590980382e-15,0.0,0.0,1.0,1.0,-0.43016770168111407,1.0,0.17314089997671545,0,direct_wave,direct,converged_best,6627
near_vacuum_expansion,1,0.1161398934206673,0.06483961641788483,0.01200928632169962,0.0,0.0,0.0,0.0,1.0,1.0,-0.11528017243270483,1.0,0.14087510015815496,0,direct_wave,direct,converged_best,6627
