boundary_condition,case,method,family,stencil_size,rollout_nrmse,final_snapshot_nrmse,mean_normalized_final_tv_excess,mean_normalized_global_range_violation,total_excess_significant_extrema,minimum_density,minimum_pressure,hard_projection_intervention_rate,local_limiter_intervention_rate,fd_entropy_intervention_rate
periodic,sod,native_hllc_512,native_hllc,,0.010811347514390945,0.012714155949652195,0.0017630396357443772,0.00078028154970489,0,0.125,0.10000000149011612,,,
periodic,sod,hllc_roe_s2,hllc_roe,2,0.010117444209754467,0.00988786295056343,0.48580126676551827,0.055174072941259485,26,0.125,0.10000000149011612,0.00035264756944444444,0.0,0.0
periodic,sod,central_nonnegative_feas_s2,central_nonnegative_feas,2,0.011390011757612228,0.01281104888767004,0.5710340681345685,0.06413209576414222,22,0.125,0.10000000149011612,0.00010075644841269841,0.0,0.0
periodic,sod,hllc_roe_s4,hllc_roe,4,0.009457931853830814,0.009542815387248993,0.21315756638452402,0.02922402715843081,14,0.125,0.10000000149011612,7.750496031746031e-05,0.0,0.0
periodic,sod,central_nonnegative_feas_s4,central_nonnegative_feas,4,0.008084593340754509,0.008412335067987442,0.24578548282762858,0.03112705594540072,17,0.125,0.10000000149011612,7.36297123015873e-05,0.0,0.0
periodic,sod,hllc_roe_s6,hllc_roe,6,0.0074202013202011585,0.008123460225760937,0.009138378840247057,0.0020513963939042647,1,0.125,0.10000000149011612,9.688120039682539e-05,0.0,0.0
periodic,sod,central_nonnegative_feas_s6,central_nonnegative_feas,6,0.007218299899250269,0.007477801758795977,0.06953098738101547,0.008542260161134957,12,0.125,0.10000000149011612,8.913070436507936e-05,0.0,0.0
periodic,lax,native_hllc_512,native_hllc,,0.051048148423433304,0.05998900532722473,0.007251898276343878,0.0028174815162930558,1,0.24970562756061554,0.5710000395774841,,,
periodic,lax,hllc_roe_s2,hllc_roe,2,0.04256362095475197,0.05476682633161545,1.0897771540470973,0.09033357615781029,50,0.20705975592136383,0.5710000395774841,0.08537558903769842,0.0,0.0
periodic,lax,central_nonnegative_feas_s2,central_nonnegative_feas,2,0.03324815258383751,0.03837662190198898,0.9370635667040448,0.055545519847816305,75,0.1967567801475525,0.5710000395774841,0.0999542720734127,0.0,0.0
periodic,lax,hllc_roe_s4,hllc_roe,4,0.027430759742856026,0.03071381151676178,0.09962073504820308,0.005888265597069811,11,0.24207183718681335,0.5710000395774841,0.07629200768849206,0.0,0.0
periodic,lax,central_nonnegative_feas_s4,central_nonnegative_feas,4,0.032188210636377335,0.034038104116916656,0.14312432633344274,0.010262734240195326,14,0.2215423732995987,0.5710000395774841,0.09062267485119048,0.0,0.0
periodic,lax,hllc_roe_s6,hllc_roe,6,0.03930888697504997,0.044019561260938644,0.08037015083187994,0.004835428397197984,9,0.21700137853622437,0.5710000395774841,0.09316871279761904,0.0,0.0
periodic,lax,central_nonnegative_feas_s6,central_nonnegative_feas,6,0.03319189324975014,0.03631988912820816,0.07388473419234343,0.008101878019821202,9,0.168094202876091,0.5710000395774841,0.09554036458333333,0.0,0.0
periodic,collision,native_hllc_512,native_hllc,,0.06802190840244293,0.060315243899822235,0.05137274301502631,8.779487711586965e-05,0,0.08217018097639084,0.06716174632310867,,,
periodic,collision,hllc_roe_s2,hllc_roe,2,0.08382438123226166,0.08948574215173721,1.6210554829090846,0.0956555190912326,46,0.08922188729047775,0.060282882302999496,0.20331876240079366,0.0,0.0
periodic,collision,central_nonnegative_feas_s2,central_nonnegative_feas,2,0.080799400806427,0.09079644083976746,1.5021271848454871,0.09381554811322491,53,0.07608699798583984,0.015278257429599762,0.1767151847718254,0.0,0.0
periodic,collision,hllc_roe_s4,hllc_roe,4,0.04456467553973198,0.039271920919418335,0.1413019106421641,0.023510676733426685,15,0.07339632511138916,0.06249774619936943,0.2286163814484127,0.0,0.0
periodic,collision,central_nonnegative_feas_s4,central_nonnegative_feas,4,0.03964788839221001,0.044131580740213394,0.2053234805065248,0.03399688932349931,24,0.07797391712665558,0.05408838391304016,0.20480298239087302,0.0,0.0
periodic,collision,hllc_roe_s6,hllc_roe,6,0.07486274838447571,0.07947264611721039,0.08509301119967515,0.005799294541525946,12,0.0771469846367836,0.06299912929534912,0.25507657490079366,0.0,0.0
periodic,collision,central_nonnegative_feas_s6,central_nonnegative_feas,6,0.047407396137714386,0.05583096295595169,0.1273180344647131,0.006302429143291879,17,0.007019427604973316,0.002954775234684348,0.20354352678571427,0.0,0.0
periodic,strong_pressure,native_hllc_512,native_hllc,,0.17141221463680267,0.24039193987846375,0.007924737104286894,0.004379166436370404,0,0.5615903735160828,0.05000000074505806,,,
periodic,strong_pressure,hllc_roe_s2,hllc_roe,2,0.11273965984582901,0.12959805130958557,0.12877456282385297,0.006691117289078955,37,0.47604790329933167,0.05000000074505806,0.00618102058531746,0.0,0.0
periodic,strong_pressure,central_nonnegative_feas_s2,central_nonnegative_feas,2,0.10297145694494247,0.11960423737764359,0.4178577780083203,0.03674731770744322,53,0.23473061621189117,0.05000000074505806,0.0030033172123015875,0.0,0.0
periodic,strong_pressure,hllc_roe_s4,hllc_roe,4,0.12932512164115906,0.1797339916229248,0.056346151846812596,0.00844673491530013,6,0.5262886881828308,0.05000000074505806,0.001980251736111111,0.0,0.0
periodic,strong_pressure,central_nonnegative_feas_s4,central_nonnegative_feas,4,0.12180593609809875,0.1656932830810547,0.023676108893635316,0.006132156157638517,6,0.5076147317886353,0.05000000074505806,0.0017399863591269842,0.0,0.0
periodic,strong_pressure,hllc_roe_s6,hllc_roe,6,0.1462738811969757,0.20978543162345886,0.06925557468162413,0.01114797371992574,9,0.5189065337181091,0.05000000074505806,0.0023018973214285715,0.0,0.0
periodic,strong_pressure,central_nonnegative_feas_s6,central_nonnegative_feas,6,0.14256513118743896,0.2075032889842987,0.056278996982937986,0.008951165126284933,7,0.5211664438247681,0.05000000074505806,0.0027824280753968255,0.0,0.0
periodic,near_vacuum_expansion,native_hllc_512,native_hllc,,0.069891057908535,0.08317048102617264,0.06414881101675683,0.00010310434736049483,0,0.02066754177212715,0.008250758051872253,,,
periodic,near_vacuum_expansion,hllc_roe_s2,hllc_roe,2,0.09405424445867538,0.11889186501502991,1.5967139979102825,0.14677817965540096,50,0.01411417219787836,0.006416612770408392,0.24045913938492064,0.0,0.0
periodic,near_vacuum_expansion,central_nonnegative_feas_s2,central_nonnegative_feas,2,0.09576450288295746,0.11469857394695282,1.600442448679767,0.17575307136975857,67,0.021786874160170555,0.00015737077046651393,0.24833751860119047,0.0,0.0
periodic,near_vacuum_expansion,hllc_roe_s4,hllc_roe,4,0.07215101271867752,0.09031300246715546,0.1721095447255722,0.022110981460296154,14,0.013766400516033173,0.007850375957787037,0.2146422371031746,0.0,0.0
periodic,near_vacuum_expansion,central_nonnegative_feas_s4,central_nonnegative_feas,4,0.0486210435628891,0.04994116723537445,0.2725864759650442,0.019277716534604625,25,0.01008330937474966,0.0005742970388382673,0.21071661086309523,0.0,0.0
periodic,near_vacuum_expansion,hllc_roe_s6,hllc_roe,6,0.08580713719129562,0.11182145774364471,0.08217442941923668,0.001803644512740469,12,0.012726186774671078,0.007205964531749487,0.22466750372023808,0.0,0.0
periodic,near_vacuum_expansion,central_nonnegative_feas_s6,central_nonnegative_feas,6,0.052262093871831894,0.0585956908762455,0.11380367487269877,0.009642158629086595,21,1.927255652844906e-05,1.0011717677116394e-05,0.2202690972222222,0.0001834637964774951,0.0
transmissive_nonperiodic,sod,native_hllc_512,native_hllc,,0.007644777186214924,0.008990265429019928,0.0015517870585123699,0.0007254679997762045,0,0.125,0.10000000149011612,,,
transmissive_nonperiodic,sod,hllc_roe_s2,hllc_roe,2,0.007841688580811024,0.008054294623434544,0.418068786462148,0.05714378754297892,15,0.125,0.10000000149011612,0.015989500823160314,0.0,0.0
transmissive_nonperiodic,sod,central_nonnegative_feas_s2,central_nonnegative_feas,2,0.009137344546616077,0.010409355163574219,0.4766979018847148,0.06919350226720174,12,0.125,0.10000000149011612,0.012925946634361507,0.0,0.0
transmissive_nonperiodic,sod,hllc_roe_s4,hllc_roe,4,0.0065135047771036625,0.006784371100366116,0.10051135222117107,0.019238750139872234,7,0.125,0.10000000149011612,0.011621315192743764,0.0,0.0
transmissive_nonperiodic,sod,central_nonnegative_feas_s4,central_nonnegative_feas,4,0.0045613013207912445,0.004437790717929602,0.1250566045443217,0.01888875166575114,10,0.125,0.10000000149011612,0.013605442176870748,0.0,0.0
transmissive_nonperiodic,sod,hllc_roe_s6,hllc_roe,6,0.004554158076643944,0.00451116356998682,0.008308271567026774,0.002133528391520182,1,0.125,0.10000000149011612,0.014300469046065915,0.0,0.0
transmissive_nonperiodic,sod,central_nonnegative_feas_s6,central_nonnegative_feas,6,0.005276000127196312,0.005273051094263792,0.07880343993504842,0.011321802934010824,10,0.125,0.10000000149011612,0.013912185878917778,0.0,0.0
transmissive_nonperiodic,lax,native_hllc_512,native_hllc,,0.042972713708877563,0.05072939395904541,0.006954933337081482,0.002995403859070249,0,0.33981072902679443,0.5710000395774841,,,
transmissive_nonperiodic,lax,hllc_roe_s2,hllc_roe,2,0.03645584359765053,0.04679981619119644,0.7134781338152457,0.08226725276200784,23,0.3339320123195648,0.5710000395774841,0.01716211598794769,0.0,0.0
transmissive_nonperiodic,lax,central_nonnegative_feas_s2,central_nonnegative_feas,2,0.021807264536619186,0.02341965027153492,0.21116644264218112,0.03333860912558919,20,0.3168930113315582,0.5710000395774841,0.01753098499673842,0.0,0.0
transmissive_nonperiodic,lax,hllc_roe_s4,hllc_roe,4,0.024055471643805504,0.026797307655215263,0.040788313513354095,0.008981833803105063,6,0.30488860607147217,0.5710000395774841,0.013228807504737055,0.0,0.0
transmissive_nonperiodic,lax,central_nonnegative_feas_s4,central_nonnegative_feas,4,0.029544968158006668,0.03158899024128914,0.08831585534615144,0.01854459363924106,9,0.27004072070121765,0.5710000395774841,0.015220700152207,0.0,0.0
transmissive_nonperiodic,lax,hllc_roe_s6,hllc_roe,6,0.032070424407720566,0.035739656537771225,0.06997403518232301,0.017220600906525347,8,0.29763156175613403,0.5710000395774841,0.015286708290622186,0.0,0.0
transmissive_nonperiodic,lax,central_nonnegative_feas_s6,central_nonnegative_feas,6,0.028321318328380585,0.03016241267323494,0.053427558293951814,0.00998528497866604,6,0.3108401894569397,0.5710000395774841,0.014490727797968502,0.0,0.0
transmissive_nonperiodic,collision,native_hllc_512,native_hllc,,0.06288647651672363,0.05336242914199829,0.051306346522390474,2.873493801528769e-05,0,1.0,1.0,,,
transmissive_nonperiodic,collision,hllc_roe_s2,hllc_roe,2,0.0828942209482193,0.08826932311058044,1.525450818945398,0.09710334887016377,43,0.9843702912330627,0.9635215997695923,0.6542377224862548,0.0,0.0
transmissive_nonperiodic,collision,central_nonnegative_feas_s2,central_nonnegative_feas,2,0.07982846349477768,0.08968283236026764,1.3503914659816836,0.09733984942920143,42,0.9738635420799255,0.9366270899772644,0.6719628490665672,0.0,0.0
transmissive_nonperiodic,collision,hllc_roe_s4,hllc_roe,4,0.04379899427294731,0.03849015384912491,0.11976965197001271,0.025546712011857164,15,0.9474155902862549,0.9569787383079529,0.6907013947131364,0.0,0.0
transmissive_nonperiodic,collision,central_nonnegative_feas_s4,central_nonnegative_feas,4,0.038840796798467636,0.043148934841156006,0.1707690205396669,0.03405690054732435,22,0.9565336108207703,0.9711805582046509,0.6946541173547044,0.0,0.0
transmissive_nonperiodic,collision,hllc_roe_s6,hllc_roe,6,0.07396651804447174,0.07865424454212189,0.05993256927139167,0.009268542547363923,11,0.9514366984367371,0.9681469202041626,0.6861235361724598,0.0,0.0
transmissive_nonperiodic,collision,central_nonnegative_feas_s6,central_nonnegative_feas,6,0.046416327357292175,0.05500270053744316,0.029421660870688936,0.005266967717081297,12,0.9271224737167358,0.9329572916030884,0.6839491504364302,0.0,0.0
transmissive_nonperiodic,strong_pressure,native_hllc_512,native_hllc,,0.12120673060417175,0.16998277604579926,0.007924679980830511,0.004379166436370404,0,0.5615903735160828,0.05000000074505806,,,
transmissive_nonperiodic,strong_pressure,hllc_roe_s2,hllc_roe,2,0.07814206182956696,0.09997165203094482,0.04625980050190298,0.005409694951590722,12,0.5450298190116882,0.05000000074505806,0.011194203708880813,0.0,0.0
transmissive_nonperiodic,strong_pressure,central_nonnegative_feas_s2,central_nonnegative_feas,2,0.06660287827253342,0.07147656381130219,0.18448851899803162,0.009452903809497615,19,0.5429040789604187,0.05000000074505806,0.010048768365793806,0.0,0.0
transmissive_nonperiodic,strong_pressure,hllc_roe_s4,hllc_roe,4,0.08647708594799042,0.11492768675088882,0.034383213811786544,0.005762239243965181,3,0.5262884497642517,0.05000000074505806,0.009206193893082347,0.0,0.0
transmissive_nonperiodic,strong_pressure,central_nonnegative_feas_s4,central_nonnegative_feas,4,0.08110572397708893,0.10289695113897324,0.004534035578135247,0.004667391328555647,2,0.5076146125793457,0.05000000074505806,0.009505171931786413,0.0,0.0
transmissive_nonperiodic,strong_pressure,hllc_roe_s6,hllc_roe,6,0.11088555306196213,0.1532176285982132,0.038811257630510236,0.008823912096640399,4,0.5189061760902405,0.05000000074505806,0.008243251638554966,0.0,0.0
transmissive_nonperiodic,strong_pressure,central_nonnegative_feas_s6,central_nonnegative_feas,6,0.10098621249198914,0.1439630687236786,0.0690662558067615,0.015164799376441399,4,0.521166205406189,0.05000000074505806,0.00901593514117976,0.0,0.0
transmissive_nonperiodic,near_vacuum_expansion,native_hllc_512,native_hllc,,0.023001139983534813,0.023862935602664948,3.9736429850260414e-08,0.0,0,0.02066754177212715,0.008250758051872253,,,
transmissive_nonperiodic,near_vacuum_expansion,hllc_roe_s2,hllc_roe,2,0.006643845699727535,0.00865547452121973,2.0345052083333332e-05,4.3710072835286457e-07,1,0.01911023072898388,0.006811709608882666,0.59695430683689,0.0,0.15674603174603174
transmissive_nonperiodic,near_vacuum_expansion,central_nonnegative_feas_s2,central_nonnegative_feas,2,0.006211104337126017,0.0054020145907998085,0.008688787619272867,0.0010281075568248828,1,0.015022107400000095,0.0019453726708889008,0.575579318485385,0.0,0.25
transmissive_nonperiodic,near_vacuum_expansion,hllc_roe_s4,hllc_roe,4,0.007234958466142416,0.008245287463068962,0.0009749333063761393,0.00046374866118033725,0,0.013769901357591152,0.007851425558328629,0.6324395054825583,0.0,0.0
transmissive_nonperiodic,near_vacuum_expansion,central_nonnegative_feas_s4,central_nonnegative_feas,4,0.00874293688684702,0.010024703107774258,0.048676749070485435,0.0022269714002807937,3,0.012059485539793968,0.0005052441265434027,0.6159374708787625,0.0,0.023809523809523808
transmissive_nonperiodic,near_vacuum_expansion,hllc_roe_s6,hllc_roe,6,0.009809374809265137,0.010552994906902313,0.0016862551371256511,0.000820303646226724,1,0.012699699960649014,0.007208053022623062,0.627170502904358,0.0,0.0
transmissive_nonperiodic,near_vacuum_expansion,central_nonnegative_feas_s6,central_nonnegative_feas,6,0.009334603324532509,0.00934545323252678,0.02696754535039266,0.003370649181306362,3,0.00056657032109797,0.0016048246761783957,0.6042773273693038,0.0,0.07341269841269842
transmissive_nonperiodic,contact_right_exit,native_hllc_512,native_hllc,,0.009725094772875309,0.0022314453963190317,0.01412959893544515,0.01412959893544515,0,0.25,1.0,,,
transmissive_nonperiodic,contact_right_exit,hllc_roe_s2,hllc_roe,2,0.010305141098797321,0.0021677997428923845,0.02795378367006644,0.01619748274465375,2,0.25,0.9999971389770508,0.4662387786164694,0.0,0.0
transmissive_nonperiodic,contact_right_exit,central_nonnegative_feas_s2,central_nonnegative_feas,2,0.00971999391913414,0.002540352987125516,0.04111190636911507,0.020684103170961993,5,0.25,0.999997615814209,0.4653263131736713,0.0,0.0
transmissive_nonperiodic,contact_right_exit,hllc_roe_s4,hllc_roe,4,0.009627043269574642,0.001690796110779047,0.017450968424067053,0.01207709312427833,2,0.25,0.999997615814209,0.4687004938961886,0.0,0.0
transmissive_nonperiodic,contact_right_exit,central_nonnegative_feas_s4,central_nonnegative_feas,4,0.011176947504281998,0.003429437056183815,0.06479543447443348,0.03251967827469334,6,0.25,0.9999988675117493,0.4665921162985742,0.0,0.0
transmissive_nonperiodic,contact_right_exit,hllc_roe_s6,hllc_roe,6,0.008154109120368958,0.0013464869698509574,0.019872307776935827,0.010649641354757952,5,0.25,0.9999971389770508,0.462266641816544,0.0,0.0
transmissive_nonperiodic,contact_right_exit,central_nonnegative_feas_s6,central_nonnegative_feas,6,0.00864048209041357,0.002318692160770297,0.04901152849123491,0.021564006805294394,6,0.25,0.9999980926513672,0.46341984282297394,0.0,0.0
transmissive_nonperiodic,contact_left_exit,native_hllc_512,native_hllc,,0.009725094772875309,0.0022314409725368023,0.014129559199015299,0.014129559199015299,0,0.25,1.0,,,
transmissive_nonperiodic,contact_left_exit,hllc_roe_s2,hllc_roe,2,0.011144145391881466,0.003384173847734928,0.06177095572153727,0.03000583251317342,6,0.25,0.9999979138374329,0.4657223620041624,0.0,0.0
transmissive_nonperiodic,contact_left_exit,central_nonnegative_feas_s2,central_nonnegative_feas,2,0.01301515568047762,0.006563305854797363,0.178073783715566,0.05792117118835449,13,0.25,0.9999975562095642,0.4655554002422887,0.0,0.0
transmissive_nonperiodic,contact_left_exit,hllc_roe_s4,hllc_roe,4,0.00880309659987688,0.0009446857147850096,0.00587377945582072,0.005062401294708252,1,0.25,0.9999988675117493,0.4705836672568571,0.0,0.0
transmissive_nonperiodic,contact_left_exit,central_nonnegative_feas_s4,central_nonnegative_feas,4,0.011705037206411362,0.003118801163509488,0.045395215352376304,0.02779535452524821,4,0.25,0.9999977350234985,0.4679821700369646,0.0,0.0
transmissive_nonperiodic,contact_left_exit,hllc_roe_s6,hllc_roe,6,0.007948805578052998,0.0006491176900453866,0.007430871327718099,0.0058247049649556475,1,0.25,0.9999986886978149,0.4505094275152984,0.0,0.0
transmissive_nonperiodic,contact_left_exit,central_nonnegative_feas_s6,central_nonnegative_feas,6,0.007903487421572208,0.00046752922935411334,0.006857395172119141,0.004630863666534424,1,0.25,0.9999982714653015,0.3459331221072904,0.0,0.0
transmissive_nonperiodic,pressure_right_exit,native_hllc_512,native_hllc,,0.1328648179769516,0.11646619439125061,0.025117482726973967,0.01403367554454848,0,0.5615903735160828,0.05000000074505806,,,
transmissive_nonperiodic,pressure_right_exit,hllc_roe_s2,hllc_roe,2,0.06509164720773697,0.0580359548330307,0.056337190360663224,0.016342565209329803,13,0.5450298190116882,0.05000000074505806,0.011194203708880813,0.0,0.0
transmissive_nonperiodic,pressure_right_exit,central_nonnegative_feas_s2,central_nonnegative_feas,2,0.052849262952804565,0.03977970406413078,0.17289897309998167,0.017868156924574625,20,0.5429040789604187,0.05000000074505806,0.010048768365793806,0.0,0.0
transmissive_nonperiodic,pressure_right_exit,hllc_roe_s4,hllc_roe,4,0.09434636682271957,0.05912882089614868,0.11145740930395882,0.02140708172177078,10,0.5262884497642517,0.05000000074505806,0.009268319199826049,0.0,0.0
transmissive_nonperiodic,pressure_right_exit,central_nonnegative_feas_s4,central_nonnegative_feas,4,0.10954053699970245,0.06344498693943024,0.04861818008328315,0.0121299405442888,10,0.5076146125793457,0.05000000074505806,0.009613891218587892,0.0,0.0
transmissive_nonperiodic,pressure_right_exit,hllc_roe_s6,hllc_roe,6,0.11702753603458405,0.07668503373861313,0.07220346028221059,0.022824726357123196,9,0.5189061760902405,0.05000000074505806,0.008243251638554966,0.0,0.0
transmissive_nonperiodic,pressure_right_exit,central_nonnegative_feas_s6,central_nonnegative_feas,6,0.10999684035778046,0.06973016262054443,0.0935610230326286,0.025146036812737152,4,0.521166205406189,0.05000000074505806,0.009023700804522722,0.0,0.0
