split,ntraj,rollout_nrmse,min_rho,min_pressure,entropy_violation_rate,max_entropy_residual,local_limiter_intervention_rate,fd_entropy_intervention_rate,mean_fd_beta,min_fd_beta,max_total_entropy_change,mean_substeps_per_snapshot,eval_seconds,seed,arm,model,stage,parameter_count,family,stencil_size
ordinary_id,90,0.013524233096392217,0.5901870131492615,0.5509534478187561,0.0,1.601450208266006e-14,0.0,0.0007407407407407407,0.9999798810040509,0.9728377461433411,-8.602800960488821e-08,1.0,0.21323560015298426,0,hllc_roe_s2,dissipation_2,converged_best,5979,hllc_roe,2
broad_random_in_support,90,0.033076179269471276,0.2546262741088867,0.25885018706321716,0.0,1.1572280006873198e-08,0.0,0.0,1.0,1.0,-0.00024253779179161938,1.0,0.20539399981498718,0,hllc_roe_s2,dissipation_2,converged_best,5979,hllc_roe,2
moderate_ood_high_frequency,90,0.003062502090044691,0.6445868015289307,0.6438701748847961,0.0,-1.7196507516581416e-07,0.0,0.0,1.0,1.0,-0.0007538147571324316,1.0,0.1837156000547111,0,hllc_roe_s2,dissipation_2,converged_best,5979,hllc_roe,2
sod,1,0.03335701231726868,0.125,0.10000000149011612,0.0,4.4695942466697016e-15,0.0,0.0,1.0,1.0,-0.006327717049929404,1.0,0.23516659997403622,0,hllc_roe_s2,dissipation_2,converged_best,5979,hllc_roe,2
lax,1,0.05965527053411719,0.2073362171649933,0.5710000395774841,0.0,0.0,0.0,0.0,1.0,1.0,-0.031480210376003015,1.0,0.22597919986583292,0,hllc_roe_s2,dissipation_2,converged_best,5979,hllc_roe,2
collision,1,0.08236455827357028,0.13738347589969635,0.11093249171972275,0.0,0.0,0.0,0.0,1.0,1.0,-0.07347632703887719,1.0,0.21191359986551106,0,hllc_roe_s2,dissipation_2,converged_best,5979,hllc_roe,2
strong_pressure,1,0.10541581180603367,0.5597272515296936,0.05000000074505806,0.0,6.669967772357125e-15,0.0,0.0,1.0,1.0,-0.4508867794263409,1.0,0.2324103000573814,0,hllc_roe_s2,dissipation_2,converged_best,5979,hllc_roe,2
near_vacuum_expansion,1,0.0982318086076514,0.08690529316663742,0.04747805744409561,0.0,0.0,0.0,0.0,1.0,1.0,-0.12684502359194028,1.0,0.20422800001688302,0,hllc_roe_s2,dissipation_2,converged_best,5979,hllc_roe,2
ordinary_id,90,0.01326480890942449,0.5681769847869873,0.5641550421714783,0.0,1.1735571921627538e-14,0.0,0.0014814814814814814,0.9999445032190394,0.9623870849609375,-8.177081411986364e-07,1.0,0.1493361999746412,0,central_nonnegative_feas_s2,central_roe_upwind_2,converged_best,5979,central_nonnegative_feas,2
broad_random_in_support,90,0.03252647429182319,0.22768299281597137,0.2175927609205246,0.0,2.8645482829574385e-14,0.0,0.0007407407407407407,0.9999803218135127,0.9734306931495667,-1.4466595814610628e-06,1.0,0.1442400999367237,0,central_nonnegative_feas_s2,central_roe_upwind_2,converged_best,5979,central_nonnegative_feas,2
moderate_ood_high_frequency,90,0.0030526793409181604,0.6439661383628845,0.6483100652694702,0.0,-1.9443396569174265e-07,0.0,0.0,1.0,1.0,-0.0012001902430576195,1.0,0.11975400010123849,0,central_nonnegative_feas_s2,central_roe_upwind_2,converged_best,5979,central_nonnegative_feas,2
sod,1,0.0273977810737867,0.125,0.10000000149011612,0.0,2.818043529822195e-15,0.0,0.0,1.0,1.0,-0.007082629890724945,1.0,0.16513550002127886,0,central_nonnegative_feas_s2,central_roe_upwind_2,converged_best,5979,central_nonnegative_feas,2
lax,1,0.08450797005382996,0.19665853679180145,0.5710000395774841,0.0,0.0,0.0,0.0,1.0,1.0,-0.03531379054892625,1.0,0.15974849998019636,0,central_nonnegative_feas_s2,central_roe_upwind_2,converged_best,5979,central_nonnegative_feas,2
collision,1,0.0753467462871536,0.07662411779165268,0.015226523391902447,0.0,0.0,0.0,0.0,1.0,1.0,-0.07276427565005772,1.0,0.14587790006771684,0,central_nonnegative_feas_s2,central_roe_upwind_2,converged_best,5979,central_nonnegative_feas,2
strong_pressure,1,0.11378006120084766,0.4629581570625305,0.05000000074505806,0.0,2.222082951008794e-14,0.0,0.0,1.0,1.0,-0.4757036685174967,1.0,0.167866799980402,0,central_nonnegative_feas_s2,central_roe_upwind_2,converged_best,5979,central_nonnegative_feas,2
near_vacuum_expansion,1,0.10423581010023503,0.036094535142183304,0.00012604304356500506,0.0,0.0,0.0,0.0,1.0,1.0,-0.15139679286738783,1.0,0.149548799963668,0,central_nonnegative_feas_s2,central_roe_upwind_2,converged_best,5979,central_nonnegative_feas,2
ordinary_id,90,0.009792820486423284,0.5807952880859375,0.5385457277297974,0.0,3.1937426070813768e-09,0.0,0.0,1.0,1.0,-7.202017599894361e-05,1.0,0.21086620003916323,0,hllc_roe_s4,dissipation_4,converged_best,6411,hllc_roe,4
broad_random_in_support,90,0.022738286622919667,0.22858363389968872,0.25881925225257874,0.0,1.0301806555842521e-09,0.0,0.0007407407407407407,0.9998375956217448,0.7807517647743225,-7.203739471606241e-07,1.0,0.21220250008627772,0,hllc_roe_s4,dissipation_4,converged_best,6411,hllc_roe,4
moderate_ood_high_frequency,90,0.004785085806174279,0.6441795229911804,0.6473855376243591,0.0,-2.042041806556323e-05,0.0,0.0,1.0,1.0,-0.002023353028416608,1.0,0.14382380014285445,0,hllc_roe_s4,dissipation_4,converged_best,6411,hllc_roe,4
sod,1,0.024547844965021326,0.125,0.10000000149011612,0.0,4.973843309854011e-15,0.0,0.0,1.0,1.0,-0.007196521071731077,1.0,0.20037190010771155,0,hllc_roe_s4,dissipation_4,converged_best,6411,hllc_roe,4
lax,1,0.05347213240873873,0.2519911527633667,0.5710000395774841,0.0,0.0,0.0,0.0,1.0,1.0,-0.0340861192287889,1.0,0.21935049979947507,0,hllc_roe_s4,dissipation_4,converged_best,6411,hllc_roe,4
collision,1,0.06600615468393883,0.16500593721866608,0.18280422687530518,0.0,0.0,0.0,0.0,1.0,1.0,-0.10002144208722363,1.0,0.1906910000834614,0,hllc_roe_s4,dissipation_4,converged_best,6411,hllc_roe,4
strong_pressure,1,0.08593151788606516,0.6484086513519287,0.05000000074505806,0.0,3.758708703440958e-21,0.0,0.0,1.0,1.0,-0.5220451392788021,1.0,0.2331701999064535,0,hllc_roe_s4,dissipation_4,converged_best,6411,hllc_roe,4
near_vacuum_expansion,1,0.07456369593085847,0.09911181777715683,0.0585189051926136,0.0,0.0,0.0,0.0,1.0,1.0,-0.19344006732475805,1.0,0.2010600999929011,0,hllc_roe_s4,dissipation_4,converged_best,6411,hllc_roe,4
ordinary_id,90,0.010388356294904926,0.5788623094558716,0.5292750597000122,0.0,1.606411316273474e-08,0.0,0.0,1.0,1.0,-6.594470832155253e-05,1.0,0.14501430001109838,0,central_nonnegative_feas_s4,central_roe_upwind_4,converged_best,6411,central_nonnegative_feas,4
broad_random_in_support,90,0.023269660037722427,0.20548532903194427,0.25463515520095825,0.0,2.8645482829574385e-14,0.0,0.0014814814814814814,0.9996669401945891,0.7738354802131653,-8.624350869013142e-07,1.0,0.15383620001375675,0,central_nonnegative_feas_s4,central_roe_upwind_4,converged_best,6411,central_nonnegative_feas,4
moderate_ood_high_frequency,90,0.004228148337781179,0.6443200707435608,0.6468436121940613,0.0,-1.922011418770131e-07,0.0,0.0,1.0,1.0,-0.001711709750615853,1.0,0.11484929989092052,0,central_nonnegative_feas_s4,central_roe_upwind_4,converged_best,6411,central_nonnegative_feas,4
sod,1,0.020517663921042498,0.125,0.10000000149011612,0.0,3.218988917980513e-15,0.0,0.0,1.0,1.0,-0.006676124737404976,1.0,0.16702569997869432,0,central_nonnegative_feas_s4,central_roe_upwind_4,converged_best,6411,central_nonnegative_feas,4
lax,1,0.0592076493995123,0.221418097615242,0.5710000395774841,0.0,0.0,0.0,0.0,1.0,1.0,-0.034756570325512826,1.0,0.1575259999372065,0,central_nonnegative_feas_s4,central_roe_upwind_4,converged_best,6411,central_nonnegative_feas,4
collision,1,0.04456645175261294,0.11501342803239822,0.06867105513811111,0.0,0.0,0.0,0.0,1.0,1.0,-0.10518335545812896,1.0,0.13850699993781745,0,central_nonnegative_feas_s4,central_roe_upwind_4,converged_best,6411,central_nonnegative_feas,4
strong_pressure,1,0.07893574757733902,0.5918614268302917,0.05000000074505806,0.0,1.951436781416437e-14,0.0,0.0,1.0,1.0,-0.5362385858674941,1.0,0.1638462000992149,0,central_nonnegative_feas_s4,central_roe_upwind_4,converged_best,6411,central_nonnegative_feas,4
near_vacuum_expansion,1,0.05052727132889806,0.03783678263425827,0.0009418703848496079,0.0,0.0,0.0,0.0,1.0,1.0,-0.150779558149452,1.0,0.14411630015820265,0,central_nonnegative_feas_s4,central_roe_upwind_4,converged_best,6411,central_nonnegative_feas,4
ordinary_id,90,0.01036723356270094,0.5765637159347534,0.533650279045105,0.0,2.5773497713807084e-14,0.0,0.0,1.0,1.0,-6.620122819711582e-05,1.0,0.15845059999264777,0,hllc_roe_s6,dissipation_6,converged_best,6843,hllc_roe,6
broad_random_in_support,90,0.023372875746106258,0.21794341504573822,0.25845789909362793,0.0,5.166640518177594e-11,0.0,0.0022222222222222222,0.9999433955439815,0.9521263241767883,-4.049181256959855e-08,1.0,0.16546749998815358,0,hllc_roe_s6,dissipation_6,converged_best,6843,hllc_roe,6
moderate_ood_high_frequency,90,0.005593576191213201,0.6437594890594482,0.64510577917099,0.0,-1.7035507643425873e-07,0.0,0.0,1.0,1.0,-0.0019464331775544963,1.0,0.12374909990467131,0,hllc_roe_s6,dissipation_6,converged_best,6843,hllc_roe,6
sod,1,0.020329903187130606,0.125,0.10000000149011612,0.0,5.1737420398497314e-15,0.0,0.0,1.0,1.0,-0.008198035466468134,1.0,0.18519570003263652,0,hllc_roe_s6,dissipation_6,converged_best,6843,hllc_roe,6
lax,1,0.05841145519713675,0.21684183180332184,0.5710000395774841,0.0,0.0,0.0,0.0,1.0,1.0,-0.0360955356410102,1.0,0.17058990010991693,0,hllc_roe_s6,dissipation_6,converged_best,6843,hllc_roe,6
collision,1,0.0625896622346343,0.15896542370319366,0.13744506239891052,0.0,0.0,0.0,0.0,1.0,1.0,-0.09075980688315255,1.0,0.15619469992816448,0,hllc_roe_s6,dissipation_6,converged_best,6843,hllc_roe,6
strong_pressure,1,0.08577308005362319,0.5569228529930115,0.05000000074505806,0.0,1.0587911840678754e-22,0.0,0.0,1.0,1.0,-0.5298795917634891,1.0,0.1735640000551939,0,hllc_roe_s6,dissipation_6,converged_best,6843,hllc_roe,6
near_vacuum_expansion,1,0.06727011587015796,0.06385260820388794,0.018534375354647636,0.0,0.0,0.0,0.0,1.0,1.0,-0.16262501296957055,1.0,0.15582640003412962,0,hllc_roe_s6,dissipation_6,converged_best,6843,hllc_roe,6
ordinary_id,90,0.01098852006583087,0.5740419626235962,0.535313069820404,0.0,1.811073119872801e-08,0.0,0.0,1.0,1.0,-6.081439110872111e-05,1.0,0.1943223001435399,0,central_nonnegative_feas_s6,central_roe_upwind_6,converged_best,6843,central_nonnegative_feas,6
broad_random_in_support,90,0.023875898296544473,0.2007518708705902,0.22702732682228088,0.0,1.4942547208957603e-09,0.0,0.0,1.0,1.0,-0.00010942002094793679,1.0,0.20164890005253255,0,central_nonnegative_feas_s6,central_roe_upwind_6,converged_best,6843,central_nonnegative_feas,6
moderate_ood_high_frequency,90,0.004705701215099138,0.6438179612159729,0.6493822932243347,0.0,-1.910200371629811e-07,0.0,0.0,1.0,1.0,-0.0018292793156007292,1.0,0.13459550007246435,0,central_nonnegative_feas_s6,central_roe_upwind_6,converged_best,6843,central_nonnegative_feas,6
sod,1,0.01932269713041604,0.125,0.10000000149011612,0.0,3.0535243536917254e-15,0.0,0.0,1.0,1.0,-0.007527527251905752,1.0,0.1831342000514269,0,central_nonnegative_feas_s6,central_roe_upwind_6,converged_best,6843,central_nonnegative_feas,6
lax,1,0.059917491050456566,0.16785621643066406,0.5710000395774841,0.0,1.523860936800284e-15,0.0,0.0,1.0,1.0,-0.04590301591800028,1.0,0.18778849998489022,0,central_nonnegative_feas_s6,central_roe_upwind_6,converged_best,6843,central_nonnegative_feas,6
collision,1,0.060693138817890166,0.0781157836318016,0.013720101676881313,0.0,0.0,0.0,0.0,1.0,1.0,-0.09380317198984489,1.0,0.1624407998751849,0,central_nonnegative_feas_s6,central_roe_upwind_6,converged_best,6843,central_nonnegative_feas,6
strong_pressure,1,0.08909556211437104,0.5527935028076172,0.05000000074505806,0.0,2.495330533482714e-14,0.0,0.0,1.0,1.0,-0.5601994026343959,1.0,0.20574370003305376,0,central_nonnegative_feas_s6,central_roe_upwind_6,converged_best,6843,central_nonnegative_feas,6
near_vacuum_expansion,1,0.07402878239454147,0.009088784456253052,0.005686016287654638,0.0,0.0,0.0,0.0,1.0,1.0,-0.15916717800760694,1.0,0.1593013999518007,0,central_nonnegative_feas_s6,central_roe_upwind_6,converged_best,6843,central_nonnegative_feas,6
