seed,arm,model,update,learning_rate,last_minibatch_loss,full_train_one_step_loss,validation_one_step_loss,validation_rollout_nrmse,new_absolute_best
0,central_nonnegative_feas_s2,central_roe_upwind_2,0,0.0003,,6.305289528800097e-05,8.276235023087341e-05,0.057476548746945605,True
0,central_nonnegative_feas_s2,central_roe_upwind_2,100,0.0003,0.00011175193503731862,5.282349219024752e-05,7.089199289052558e-05,0.05453077690899384,True
0,central_nonnegative_feas_s2,central_roe_upwind_2,200,0.0003,1.7296059013460763e-05,4.7178047359475e-05,6.522291634396157e-05,0.05508036433039642,False
0,central_nonnegative_feas_s2,central_roe_upwind_2,300,0.0003,0.00010171464236918837,4.541204279731117e-05,6.37395752158649e-05,0.056067621233429225,False
0,central_nonnegative_feas_s2,central_roe_upwind_2,400,0.0003,8.182380406651646e-05,4.417192810875189e-05,6.201831383091927e-05,0.05612738410055533,False
0,central_nonnegative_feas_s2,central_roe_upwind_2,500,0.0003,7.954270404297858e-05,4.3802287070958434e-05,6.181195140907577e-05,0.05616244020602558,False
0,central_nonnegative_feas_s2,central_roe_upwind_2,600,0.0003,4.883662040811032e-05,4.2609030700206644e-05,6.010795749793913e-05,0.05601611399561139,False
0,central_nonnegative_feas_s2,central_roe_upwind_2,700,0.0003,3.417846164666116e-05,4.223610827577982e-05,5.930782930341129e-05,0.05589912958137952,False
0,central_nonnegative_feas_s2,central_roe_upwind_2,800,0.0003,5.5596781749045476e-05,4.201798260004984e-05,5.903717787065878e-05,0.05588768665632056,False
0,central_nonnegative_feas_s2,central_roe_upwind_2,900,0.0003,3.891637970809825e-05,4.1381501837123285e-05,5.7759945694771076e-05,0.055581398842525886,False
0,central_nonnegative_feas_s2,central_roe_upwind_2,1000,0.0003,3.320629912195727e-05,4.122564038333137e-05,5.728496711098534e-05,0.05550417368858296,False
0,central_nonnegative_feas_s2,central_roe_upwind_2,1100,0.0003,3.021846896444913e-05,4.085110094562401e-05,5.724566857013973e-05,0.05540570728074797,False
0,central_nonnegative_feas_s2,central_roe_upwind_2,1200,0.0003,4.596697908709757e-05,4.039167339995618e-05,5.630415676350346e-05,0.054872522145615624,False
0,central_nonnegative_feas_s2,central_roe_upwind_2,1300,0.0003,4.272659498383291e-05,3.997017482252813e-05,5.5634197543125625e-05,0.05434240076936268,True
0,central_nonnegative_feas_s2,central_roe_upwind_2,1400,0.0003,1.0388682312623132e-05,3.9685153254304236e-05,5.509562804089749e-05,0.053943317709949555,True
0,central_nonnegative_feas_s2,central_roe_upwind_2,1500,0.0003,4.702327714767307e-05,3.9216423660545284e-05,5.445734033166291e-05,0.053145181424813163,True
0,central_nonnegative_feas_s2,central_roe_upwind_2,1600,0.0003,4.775787965627387e-05,3.8594857074134764e-05,5.3296731636567295e-05,0.052096618183376305,True
0,central_nonnegative_feas_s2,central_roe_upwind_2,1700,0.0003,2.8061105695087463e-05,3.7908809914314316e-05,5.2368600420605125e-05,0.050890036954002946,True
0,central_nonnegative_feas_s2,central_roe_upwind_2,1800,0.0003,2.8087228201911785e-05,3.7216276574480234e-05,5.084042109433391e-05,0.049728955070311755,True
0,central_nonnegative_feas_s2,central_roe_upwind_2,1900,0.0003,6.693337491014972e-05,3.6345099480786996e-05,4.9976791061911415e-05,0.04862768815955093,True
0,central_nonnegative_feas_s2,central_roe_upwind_2,2000,0.0003,2.848654185072519e-05,3.559568879940329e-05,4.874000906353829e-05,0.048246480664313265,True
0,central_nonnegative_feas_s2,central_roe_upwind_2,2100,0.0003,3.3272655855398625e-05,3.495531543818128e-05,4.771839347181026e-05,0.047273370876599496,True
0,central_nonnegative_feas_s2,central_roe_upwind_2,2200,0.0003,2.174717519665137e-05,3.423995856227803e-05,4.701330098232218e-05,0.04701828376176328,True
0,central_nonnegative_feas_s2,central_roe_upwind_2,2300,0.0003,7.020301563898101e-05,3.384573245956295e-05,4.6372995521641925e-05,0.04669938192089926,True
0,central_nonnegative_feas_s2,central_roe_upwind_2,2400,0.0003,2.1635920347762294e-05,3.335784959706738e-05,4.635237909098661e-05,0.04615203889313808,True
0,central_nonnegative_feas_s2,central_roe_upwind_2,2500,0.0003,4.428903048392385e-05,3.2838583929228714e-05,4.6217985324914645e-05,0.04612254702119474,True
0,central_nonnegative_feas_s2,central_roe_upwind_2,2600,0.0003,5.870790846529417e-05,3.232300314977337e-05,4.556443990402995e-05,0.0459607491647353,True
0,central_nonnegative_feas_s2,central_roe_upwind_2,2700,0.0003,5.334006709745154e-05,3.207776824394205e-05,4.531355107544002e-05,0.04600304954694703,False
0,central_nonnegative_feas_s2,central_roe_upwind_2,2800,0.0003,2.789076643239241e-05,3.1852524493860215e-05,4.552937395417199e-05,0.0457836624266382,True
0,central_nonnegative_feas_s2,central_roe_upwind_2,2900,0.0003,2.1451394786708988e-05,3.139405726754888e-05,4.529162170061099e-05,0.04555846925837534,True
0,central_nonnegative_feas_s2,central_roe_upwind_2,3000,0.0003,3.271622335887514e-05,3.112605666309966e-05,4.4978723223655926e-05,0.04534911741960082,True
0,central_nonnegative_feas_s2,central_roe_upwind_2,3100,0.0003,3.189556809957139e-05,3.094263980521952e-05,4.504289085447204e-05,0.04534262707040987,True
0,central_nonnegative_feas_s2,central_roe_upwind_2,3200,0.0003,2.8749433113262057e-05,3.064205731315203e-05,4.4870869792218694e-05,0.04554037311217919,False
0,central_nonnegative_feas_s2,central_roe_upwind_2,3300,0.0003,2.78295610769419e-05,3.056262431566343e-05,4.40611861253559e-05,0.04487311921772817,True
0,central_nonnegative_feas_s2,central_roe_upwind_2,3400,0.0003,2.767250953183975e-05,3.0204240086406357e-05,4.3611616402974025e-05,0.045073510626752994,False
0,central_nonnegative_feas_s2,central_roe_upwind_2,3500,0.0003,2.7371454052627087e-05,2.9946968995990995e-05,4.381724925075651e-05,0.04460750970406136,True
0,central_nonnegative_feas_s2,central_roe_upwind_2,3600,0.0003,2.3332968339673243e-05,2.981304009962413e-05,4.433817728544324e-05,0.044876535301760286,False
0,central_nonnegative_feas_s2,central_roe_upwind_2,3700,0.0003,2.3117334421840496e-05,3.0234369562610527e-05,4.526020930866936e-05,0.045185809850949464,False
0,central_nonnegative_feas_s2,central_roe_upwind_2,3800,0.0003,2.0089089957764372e-05,2.9784668396651687e-05,4.376035915638984e-05,0.044859589588493225,False
0,central_nonnegative_feas_s2,central_roe_upwind_2,3900,0.0003,4.5375414629234e-05,2.9479214079478235e-05,4.3292654095388026e-05,0.04475760150830069,False
0,central_nonnegative_feas_s2,central_roe_upwind_2,4000,0.0003,2.2906628146301955e-05,2.9336005329757474e-05,4.3412047842353143e-05,0.04470137011537782,False
0,central_nonnegative_feas_s2,central_roe_upwind_2,4100,0.0003,4.3976215238217264e-05,2.9115320113755163e-05,4.38648585710991e-05,0.04489073062461738,False
0,central_nonnegative_feas_s2,central_roe_upwind_2,4200,0.0003,2.5284090952482074e-05,2.90307670678244e-05,4.417725986712825e-05,0.04463518181050484,False
0,central_nonnegative_feas_s2,central_roe_upwind_2,4300,0.0003,2.7184612918063067e-05,2.8756386703022994e-05,4.3681363979951035e-05,0.04463562294456988,False
0,central_nonnegative_feas_s2,central_roe_upwind_2,4400,0.0003,3.593173823901452e-05,2.8858807284056685e-05,4.342192056546219e-05,0.0448767032007531,False
0,central_nonnegative_feas_s2,central_roe_upwind_2,4500,0.0003,2.6138875909964554e-05,2.86060003867066e-05,4.323826641684362e-05,0.0445039419490837,True
0,central_nonnegative_feas_s2,central_roe_upwind_2,4600,0.0003,2.1501549781532958e-05,2.841940361085808e-05,4.3559890792832944e-05,0.04471159158174443,False
0,central_nonnegative_feas_s2,central_roe_upwind_2,4700,0.0003,3.101912443526089e-05,2.8284019857495167e-05,4.3120126169954056e-05,0.04446611903341595,True
0,central_nonnegative_feas_s2,central_roe_upwind_2,4800,0.0003,2.9336652005440556e-05,2.8062471036060617e-05,4.284710589464559e-05,0.044365579753948406,True
0,central_nonnegative_feas_s2,central_roe_upwind_2,4900,0.0003,3.3005489967763424e-05,2.7961311357852314e-05,4.287324946608053e-05,0.04409860247962772,True
0,central_nonnegative_feas_s2,central_roe_upwind_2,5000,0.0003,2.2362606614478864e-05,3.185423305597142e-05,4.9250590153878516e-05,0.046413586807657274,False
0,central_nonnegative_feas_s2,central_roe_upwind_2,5100,0.0003,3.441043008933775e-05,2.8315830379867232e-05,4.401257550009082e-05,0.044759729350448633,False
0,central_nonnegative_feas_s2,central_roe_upwind_2,5200,0.0003,3.838635893771425e-05,2.7958826943375598e-05,4.34014550562388e-05,0.044369824326115664,False
0,central_nonnegative_feas_s2,central_roe_upwind_2,5300,0.0003,2.62076919170795e-05,2.7795008257017168e-05,4.299935678193601e-05,0.044419820999383255,False
0,central_nonnegative_feas_s2,central_roe_upwind_2,5400,0.0003,3.842445585178211e-05,2.767371030709924e-05,4.2746572380922004e-05,0.04435380189316122,False
0,central_nonnegative_feas_s2,central_roe_upwind_2,5500,0.0003,2.362009217904415e-05,2.7650424753854557e-05,4.2839014421071055e-05,0.044465828868723925,False
0,central_nonnegative_feas_s2,central_roe_upwind_2,5600,0.0003,3.210429713362828e-05,2.7448317384832607e-05,4.317974477695922e-05,0.0440560956760528,True
0,central_nonnegative_feas_s2,central_roe_upwind_2,5700,0.0003,2.318473889317829e-05,2.735803766404475e-05,4.2386094847803606e-05,0.044066490880229583,False
0,central_nonnegative_feas_s2,central_roe_upwind_2,5800,0.0003,3.51064809365198e-05,2.7235968625422752e-05,4.2467074030462436e-05,0.04409132041040923,False
0,central_nonnegative_feas_s2,central_roe_upwind_2,5900,0.0003,1.582815093570389e-05,2.7098197555098098e-05,4.3101824806345733e-05,0.04408392649034955,False
0,central_nonnegative_feas_s2,central_roe_upwind_2,6000,8.999999999999999e-05,2.01702077902155e-05,2.7018358995174538e-05,4.266849224413045e-05,0.043878969103359776,True
0,central_nonnegative_feas_s2,central_roe_upwind_2,6100,8.999999999999999e-05,6.562963244505227e-05,2.7001170098952862e-05,4.2662239143490986e-05,0.043935100055342874,False
0,central_nonnegative_feas_s2,central_roe_upwind_2,6200,8.999999999999999e-05,1.5640327546861954e-05,2.692025182037204e-05,4.258688449482221e-05,0.04384513206887614,True
0,central_nonnegative_feas_s2,central_roe_upwind_2,6300,8.999999999999999e-05,1.606292244105134e-05,2.687465796475495e-05,4.239900553525955e-05,0.043824887366569844,True
0,central_nonnegative_feas_s2,central_roe_upwind_2,6400,8.999999999999999e-05,2.4076880436041392e-05,2.688825476140326e-05,4.217436862805116e-05,0.04394499321662628,False
0,central_nonnegative_feas_s2,central_roe_upwind_2,6500,8.999999999999999e-05,1.771648931025993e-05,2.68452530334279e-05,4.2321826685128694e-05,0.0439001963741122,False
0,central_nonnegative_feas_s2,central_roe_upwind_2,6600,8.999999999999999e-05,2.4773398763500154e-05,2.6796435111227277e-05,4.2507186527455263e-05,0.043950789593742115,False
0,central_nonnegative_feas_s2,central_roe_upwind_2,6700,8.999999999999999e-05,2.5215082132490352e-05,2.676741297667225e-05,4.253272508161471e-05,0.043765217535862516,True
0,central_nonnegative_feas_s2,central_roe_upwind_2,6800,8.999999999999999e-05,2.5238448870368302e-05,2.675965811497036e-05,4.222083032539029e-05,0.043833968781022005,False
0,central_nonnegative_feas_s2,central_roe_upwind_2,6900,8.999999999999999e-05,2.575845610408578e-05,2.668611276662869e-05,4.233941937997645e-05,0.043810693303152085,False
0,central_nonnegative_feas_s2,central_roe_upwind_2,7000,8.999999999999999e-05,2.223568662884645e-05,2.6662937451111174e-05,4.21594846248018e-05,0.04380154813206169,False
0,central_nonnegative_feas_s2,central_roe_upwind_2,7100,8.999999999999999e-05,4.1493975004414096e-05,2.6603070880782386e-05,4.2395347944655594e-05,0.04403061091504995,False
0,central_nonnegative_feas_s2,central_roe_upwind_2,7200,8.999999999999999e-05,2.7671649149851874e-05,2.664906272514798e-05,4.264600493175166e-05,0.04382441992514228,False
0,central_nonnegative_feas_s2,central_roe_upwind_2,7300,8.999999999999999e-05,3.067827128688805e-05,2.658014886894788e-05,4.232724482920995e-05,0.04380638783892147,False
0,central_nonnegative_feas_s2,central_roe_upwind_2,7400,8.999999999999999e-05,1.8692115190788172e-05,2.653863024095009e-05,4.208462116509384e-05,0.04378451635391629,False
0,central_nonnegative_feas_s2,central_roe_upwind_2,7500,8.999999999999999e-05,4.889865522272885e-05,2.652953540767147e-05,4.2102216066506515e-05,0.04362255276815477,True
0,central_nonnegative_feas_s2,central_roe_upwind_2,7600,8.999999999999999e-05,2.5692019335110672e-05,2.6485243289449548e-05,4.239637432072092e-05,0.04369151738680883,False
0,central_nonnegative_feas_s2,central_roe_upwind_2,7700,8.999999999999999e-05,2.1560705135925673e-05,2.647667756157845e-05,4.222892548925444e-05,0.04373467510162404,False
0,central_nonnegative_feas_s2,central_roe_upwind_2,7800,8.999999999999999e-05,2.3844531824579462e-05,2.640315218225578e-05,4.231060514214382e-05,0.043700618930200816,False
0,central_nonnegative_feas_s2,central_roe_upwind_2,7900,8.999999999999999e-05,2.7061792934546247e-05,2.6374552862797205e-05,4.237610888606534e-05,0.043585995093068375,True
0,central_nonnegative_feas_s2,central_roe_upwind_2,8000,8.999999999999999e-05,4.288788841222413e-05,2.6383697839410997e-05,4.189994488234078e-05,0.043652851091031696,False
0,central_nonnegative_feas_s2,central_roe_upwind_2,8100,8.999999999999999e-05,1.9461687770672143e-05,2.6319244197637585e-05,4.222842421857458e-05,0.0436400844944906,False
0,central_nonnegative_feas_s2,central_roe_upwind_2,8200,8.999999999999999e-05,4.073387026437558e-05,2.6260028446942453e-05,4.2122762134371727e-05,0.04358493284962132,True
0,central_nonnegative_feas_s2,central_roe_upwind_2,8300,8.999999999999999e-05,3.6977387935621664e-05,2.62605470972728e-05,4.23484658396322e-05,0.043637509672637534,False
0,central_nonnegative_feas_s2,central_roe_upwind_2,8400,8.999999999999999e-05,3.217328412574716e-05,2.6274157850378662e-05,4.192734927736417e-05,0.043799878421113624,False
0,central_nonnegative_feas_s2,central_roe_upwind_2,8500,8.999999999999999e-05,3.089920210186392e-05,2.6209128059810778e-05,4.238612790823324e-05,0.04370472219744077,False
0,central_nonnegative_feas_s2,central_roe_upwind_2,8600,2.6999999999999996e-05,3.5202647268306464e-05,2.617333930028581e-05,4.214294615439048e-05,0.04363681787261977,False
0,central_nonnegative_feas_s2,central_roe_upwind_2,8700,2.6999999999999996e-05,4.068063572049141e-05,2.616928806492766e-05,4.2144272414042186e-05,0.04363920665963662,False
0,central_nonnegative_feas_s2,central_roe_upwind_2,8800,2.6999999999999996e-05,3.181070860591717e-05,2.6153883463221377e-05,4.210289249278824e-05,0.04360572249954049,False
0,central_nonnegative_feas_s2,central_roe_upwind_2,8900,2.6999999999999996e-05,2.2757487386115827e-05,2.615185017818835e-05,4.204158706200961e-05,0.043599601896041826,False
0,central_nonnegative_feas_s2,central_roe_upwind_2,9000,2.6999999999999996e-05,2.2691674530506134e-05,2.613086851984548e-05,4.203659868449143e-05,0.043568406570247645,True
0,central_nonnegative_feas_s2,central_roe_upwind_2,9100,2.6999999999999996e-05,1.8933133105747402e-05,2.6103870294652737e-05,4.178297495183358e-05,0.043507354208389595,True
0,central_nonnegative_feas_s2,central_roe_upwind_2,9200,2.6999999999999996e-05,3.039114199054893e-05,2.608268440547631e-05,4.195526359812813e-05,0.04347269563607337,True
0,central_nonnegative_feas_s2,central_roe_upwind_2,9300,2.6999999999999996e-05,9.735273124533705e-06,2.6091096117214737e-05,4.212735133288197e-05,0.043488014676013785,False
0,central_nonnegative_feas_s2,central_roe_upwind_2,9400,2.6999999999999996e-05,3.2911972084548324e-05,2.606453535493135e-05,4.192555944885742e-05,0.043524025922075306,False
0,central_nonnegative_feas_s2,central_roe_upwind_2,9500,2.6999999999999996e-05,2.538681474106852e-05,2.606415692930934e-05,4.2081827920210226e-05,0.04353801703905736,False
0,central_nonnegative_feas_s2,central_roe_upwind_2,9600,2.6999999999999996e-05,4.4517830247059464e-05,2.6060988880351358e-05,4.191623366851773e-05,0.04345415572745927,True
0,central_nonnegative_feas_s2,central_roe_upwind_2,9700,2.6999999999999996e-05,1.8375530999037437e-05,2.6026300236696942e-05,4.195371759504543e-05,0.043458565802527695,False
0,central_nonnegative_feas_s2,central_roe_upwind_2,9800,2.6999999999999996e-05,4.407844608067535e-05,2.6029531533519426e-05,4.214856587578634e-05,0.043452819760118125,True
0,central_nonnegative_feas_s2,central_roe_upwind_2,9900,2.6999999999999996e-05,2.279778527736198e-05,2.601777877341028e-05,4.2060377446058045e-05,0.04345140055680362,True
0,central_nonnegative_feas_s2,central_roe_upwind_2,10000,2.6999999999999996e-05,1.6493118891958147e-05,2.600529546032292e-05,4.192506569191156e-05,0.043527847307072966,False
0,central_nonnegative_feas_s2,central_roe_upwind_2,10100,2.6999999999999996e-05,2.171961750718765e-05,2.5990246750514285e-05,4.19825622492342e-05,0.04346328818781589,False
0,central_nonnegative_feas_s2,central_roe_upwind_2,10200,2.6999999999999996e-05,2.8271577320992947e-05,2.597164113335026e-05,4.190114810697588e-05,0.04350323879782458,False
0,central_nonnegative_feas_s2,central_roe_upwind_2,10300,2.6999999999999996e-05,4.9235452024731785e-05,2.5971939491100922e-05,4.1959907922717235e-05,0.043458806673136674,False
0,central_nonnegative_feas_s2,central_roe_upwind_2,10400,2.6999999999999996e-05,3.366922101122327e-05,2.5965367855104507e-05,4.191280198450888e-05,0.04349401455491152,False
0,central_nonnegative_feas_s2,central_roe_upwind_2,10500,2.6999999999999996e-05,2.8783568268409e-05,2.5968375099266226e-05,4.214452632118528e-05,0.04358127991034187,False
0,central_nonnegative_feas_s2,central_roe_upwind_2,10600,2.6999999999999996e-05,4.4712629460264e-05,2.5952017216647038e-05,4.202573401533871e-05,0.04351862364898634,False
0,central_nonnegative_feas_s2,central_roe_upwind_2,10700,8.099999999999999e-06,1.6118205167003907e-05,2.594136169993843e-05,4.1985345108044984e-05,0.04352368548802191,False
0,central_nonnegative_feas_s2,central_roe_upwind_2,10800,8.099999999999999e-06,2.416480128886178e-05,2.5937705634383064e-05,4.1967853287454034e-05,0.04352529662091585,False
0,central_nonnegative_feas_s2,central_roe_upwind_2,10900,8.099999999999999e-06,3.079423913732171e-05,2.5930521702857768e-05,4.201261583469151e-05,0.04349779518059917,False
0,central_nonnegative_feas_s2,central_roe_upwind_2,11000,8.099999999999999e-06,3.350550832692534e-05,2.593551388178092e-05,4.20163791882349e-05,0.043475677314306946,False
0,central_nonnegative_feas_s2,central_roe_upwind_2,11100,8.099999999999999e-06,3.6556219129124656e-05,2.5928192303633724e-05,4.19890881649955e-05,0.04351702021094306,False
0,central_nonnegative_feas_s2,central_roe_upwind_2,11200,8.099999999999999e-06,1.9562014131224714e-05,2.592505987954836e-05,4.1983864731246645e-05,0.04357273193721979,False
0,central_nonnegative_feas_s2,central_roe_upwind_2,11300,8.099999999999999e-06,2.4725788534851745e-05,2.5919327321480176e-05,4.195050375225643e-05,0.04350798083944715,False
0,central_nonnegative_feas_s2,central_roe_upwind_2,11400,8.099999999999999e-06,2.7831585612148046e-05,2.5915133921158324e-05,4.194314329842337e-05,0.04351204996733046,False
0,central_nonnegative_feas_s2,central_roe_upwind_2,11500,8.099999999999999e-06,2.6179162887274288e-05,2.5915902355949884e-05,4.189497577422146e-05,0.04353461633018433,False
0,central_nonnegative_feas_s2,central_roe_upwind_2,11600,8.099999999999999e-06,1.768881884345319e-05,2.59040967004652e-05,4.1892430102117846e-05,0.04352745211415293,False
0,central_nonnegative_feas_s2,central_roe_upwind_2,11700,3e-06,2.4408467652392574e-05,2.5903540435942938e-05,4.1888613068176055e-05,0.04353055183008189,False
0,central_nonnegative_feas_s2,central_roe_upwind_2,11800,3e-06,1.9027898815693334e-05,2.5902558983414224e-05,4.1908016325632e-05,0.04349204045796576,False
0,central_nonnegative_feas_s2,central_roe_upwind_2,11900,3e-06,2.2344329408952035e-05,2.5901103385998884e-05,4.1926176240819876e-05,0.04348873084954829,False
0,central_nonnegative_feas_s2,central_roe_upwind_2,12000,3e-06,2.8035939976689406e-05,2.5898918395298194e-05,4.192703830388685e-05,0.043540539195604376,False
0,central_nonnegative_feas_s2,central_roe_upwind_2,12100,3e-06,1.1423122487030923e-05,2.5900704335685376e-05,4.1942943547231455e-05,0.04362267956993779,False
0,central_nonnegative_feas_s2,central_roe_upwind_2,12200,3e-06,4.244781666784547e-05,2.590003736955881e-05,4.196690741296419e-05,0.043498827854695145,False
0,central_nonnegative_feas_s2,central_roe_upwind_2,12300,3e-06,1.2666051588894334e-05,2.5897899810296138e-05,4.1958492049898683e-05,0.04347521123380495,False
0,central_nonnegative_feas_s2,central_roe_upwind_2,12400,3e-06,2.907849739131052e-05,2.5897473489358964e-05,4.196183617512872e-05,0.04354918662061701,False
0,central_nonnegative_feas_s2,central_roe_upwind_2,12500,3e-06,1.9810830053756945e-05,2.5896405608489596e-05,4.194922478157369e-05,0.043465701722340246,False
0,central_nonnegative_feas_s2,central_roe_upwind_2,12600,3e-06,3.103616472799331e-05,2.589587892059565e-05,4.198348215854197e-05,0.04350691219257234,False
