case,method,completed,failure_reason,rollout_nrmse,final_snapshot_nrmse,minimum_density,minimum_pressure,hard_projection_intervention_rate,local_limiter_intervention_rate,fd_entropy_intervention_rate
sod,native_hllc_512,True,,0.010811347514390945,0.012714155949652195,0.125,0.10000000149011612,,,
sod,roe_dissipation_hcfl_512,True,,0.0068195536732673645,0.007109828758984804,0.125,0.10000000149011612,0.00021701388888888888,0.0,0.0
sod,central_consistent_hcfl_512,True,,0.011012856848537922,0.013029461726546288,0.09282375127077103,0.07424476742744446,0.08231414310515874,0.0,0.00992063492063492
lax,native_hllc_512,True,,0.051048148423433304,0.05998900532722473,0.24970562756061554,0.5710000395774841,,,
lax,roe_dissipation_hcfl_512,True,,0.030756700783967972,0.03277136757969856,0.2220984399318695,0.5710000395774841,0.08563135540674603,0.0,0.0
lax,central_consistent_hcfl_512,True,,0.09147783368825912,0.12215901166200638,0.0654165968298912,0.5567483901977539,0.27782428075396826,0.0,0.003968253968253968
collision,native_hllc_512,True,,0.06802190840244293,0.060315243899822235,0.08217018097639084,0.06716174632310867,,,
collision,roe_dissipation_hcfl_512,True,,0.05115491896867752,0.04664769396185875,0.0742735043168068,0.06437119841575623,0.18214828249007936,0.0,0.0
collision,central_consistent_hcfl_512,True,,0.06906396150588989,0.08086375147104263,0.012783261016011238,2.0876806956948712e-05,0.42345610119047616,0.00010075644841269841,0.015873015873015872
strong_pressure,native_hllc_512,True,,0.17141221463680267,0.24039193987846375,0.5615903735160828,0.05000000074505806,,,
strong_pressure,roe_dissipation_hcfl_512,True,,0.1297285109758377,0.1770087331533432,0.5011986494064331,0.05000000074505806,0.0017826140873015873,0.0,0.0
strong_pressure,central_consistent_hcfl_512,True,,0.21271471679210663,0.25003135204315186,0.005480592604726553,1.1628866559476592e-05,0.09147910466269842,7.841012773722628e-05,0.0036496350364963502
near_vacuum_expansion,native_hllc_512,True,,0.069891057908535,0.08317048102617264,0.02066754177212715,0.008250758051872253,,,
near_vacuum_expansion,roe_dissipation_hcfl_512,True,,0.06288488209247589,0.08141366392374039,0.017533134669065475,0.009008700959384441,0.15609111483134921,0.0,0.0
near_vacuum_expansion,central_consistent_hcfl_512,True,,0.0850689485669136,0.10857030749320984,0.0046366136521101,1.0024011317000259e-05,0.44404141865079366,0.0004572792658730159,0.1865079365079365
