split,ntraj,completed_trajectories,failed_trajectories,completion_rate,first_failure_snapshot,rollout_nrmse,completed_rollout_nrmse,partial_rollout_nrmse,selection_score,min_rho,min_pressure,entropy_violation_rate,max_entropy_residual,local_limiter_intervention_rate,fd_entropy_intervention_rate,eval_seconds,seed,arm,model,stage,parameter_count
ordinary_id,90,90,0,1.0,,0.012346461415290833,0.012346461415290833,0.012346461415290833,0.012346461415290833,0.5740175843238831,0.5357521772384644,0.005856481481481482,0.05162294913814869,,,0.07482609990984201,0,unconstrained_direct_broad,unconstrained_direct,fixed_1100,6627
broad_random_in_support,90,90,0,1.0,,0.03432365134358406,0.03432365134358406,0.03432365134358406,0.03432365134358406,0.188998743891716,0.23154965043067932,0.011307870370370371,2.133226466692564,,,0.07668710011057556,0,unconstrained_direct_broad,unconstrained_direct,fixed_1100,6627
moderate_ood_high_frequency,90,90,0,1.0,,0.006766076665371656,0.006766076665371656,0.006766076665371656,0.006766076665371656,0.6434662938117981,0.6501225829124451,0.0019212962962962964,0.005919349000702845,,,0.08907809993252158,0,unconstrained_direct_broad,unconstrained_direct,fixed_1100,6627
sod,1,1,0,1.0,,0.018189391121268272,0.018189391121268272,0.018189391121268272,0.018189391121268272,0.12363052368164062,0.09757690131664276,0.05009920634920635,0.11088735406650915,,,0.06876260018907487,0,unconstrained_direct_broad,unconstrained_direct,fixed_1100,6627
lax,1,1,0,1.0,,0.06280543655157089,0.06280543655157089,0.06280543655157089,0.06280543655157089,0.20039981603622437,0.5710000395774841,0.016617063492063492,0.05091140934627464,,,0.07053769985213876,0,unconstrained_direct_broad,unconstrained_direct,fixed_1100,6627
collision,1,0,1,0.0,28,,,0.05988355726003647,2.0598835572600365,0.19511769711971283,-0.019264627248048782,0.0234375,46.20594506577599,,,0.05393920000642538,0,unconstrained_direct_broad,unconstrained_direct,fixed_1100,6627
strong_pressure,1,1,0,1.0,,0.12067461758852005,0.12067461758852005,0.12067461758852005,0.12067461758852005,0.5154509544372559,0.03417133539915085,0.027777777777777776,2.970034872102404,,,0.0709778000600636,0,unconstrained_direct_broad,unconstrained_direct,fixed_1100,6627
near_vacuum_expansion,1,0,1,0.0,16,,,0.0485001802444458,2.048500180244446,0.38539400696754456,-0.018185807392001152,0.0439453125,111.52804650019581,,,0.04477869998663664,0,unconstrained_direct_broad,unconstrained_direct,fixed_1100,6627
ordinary_id,90,90,0,1.0,,0.011401639319956303,0.011401639319956303,0.011401639319956303,0.011401639319956303,0.5835516452789307,0.5124949216842651,0.0032407407407407406,0.06574464231929616,,,0.08588830009102821,0,unconstrained_direct_broad,unconstrained_direct,converged_best,6627
broad_random_in_support,90,90,0,1.0,,0.03304142504930496,0.03304142504930496,0.03304142504930496,0.03304142504930496,0.20045097172260284,0.2525825500488281,0.006782407407407407,2.223544612705706,,,0.07412900007329881,0,unconstrained_direct_broad,unconstrained_direct,converged_best,6627
moderate_ood_high_frequency,90,90,0,1.0,,0.006675716023892164,0.006675716023892164,0.006675716023892164,0.006675716023892164,0.6455110311508179,0.6465387940406799,0.00015046296296296297,5.697799432802762e-05,,,0.07725850003771484,0,unconstrained_direct_broad,unconstrained_direct,converged_best,6627
sod,1,1,0,1.0,,0.019870970398187637,0.019870970398187637,0.019870970398187637,0.019870970398187637,0.12140814960002899,0.09325044602155685,0.04092261904761905,0.1499481529559179,,,0.056457400089129806,0,unconstrained_direct_broad,unconstrained_direct,converged_best,6627
lax,1,1,0,1.0,,0.06619816273450851,0.06619816273450851,0.06619816273450851,0.06619816273450851,0.155963733792305,0.5710000395774841,0.011408730158730158,0.101525184643811,,,0.05674219992943108,0,unconstrained_direct_broad,unconstrained_direct,converged_best,6627
collision,1,0,1,0.0,32,,,0.06441740691661835,2.0644174069166183,0.17659373581409454,-0.010320449247956276,0.02099609375,28.258076186228166,,,0.058282600017264485,0,unconstrained_direct_broad,unconstrained_direct,converged_best,6627
strong_pressure,1,1,0,1.0,,0.12572506070137024,0.12572506070137024,0.12572506070137024,0.12572506070137024,0.5053942799568176,0.03393613547086716,0.0339781746031746,3.0579526779315716,,,0.06410700012929738,0,unconstrained_direct_broad,unconstrained_direct,converged_best,6627
near_vacuum_expansion,1,0,1,0.0,14,,,0.04334644228219986,2.0433464422822,0.4124041497707367,-0.009223652072250843,0.015625,64.76927070635894,,,0.053688199957832694,0,unconstrained_direct_broad,unconstrained_direct,converged_best,6627
