method,epoch,updates,learning_rate,training_relative_l2,validation_completion,validation_completed_trajectories,validation_primitive_relative_l2_completed_only,validation_diagnostic_primitive_relative_l2_all_predictions,validation_minimum_depth,new_best
claw,1,10,0.009999901304280686,0.9829920470714569,0.0,0,,1034.021484375,-1.1541727781295776,True
claw,2,20,0.009999605221019081,0.828576797246933,0.0,0,,797.7191162109375,-1.17472243309021,True
claw,3,30,0.009999111761904043,0.6868784368038178,0.0,0,,726.705078125,-1.3626428842544556,True
claw,4,40,0.009998420946416496,0.6796468436717987,0.0,0,,337.5633850097656,-1.3655636310577393,True
claw,5,50,0.009997532801828654,0.6453310251235962,0.0,0,,626.3618774414062,-0.9048716425895691,False
claw,6,60,0.00999644736320294,0.6453796625137329,0.0,0,,457.046875,-1.5698634386062622,False
claw,7,70,0.009995164673390618,0.6432439923286438,0.0,0,,1173.10986328125,-1.0517187118530273,False
claw,8,80,0.009993684783030081,0.6292969226837158,0.0,0,,437.30902099609375,-0.7530169486999512,False
claw,9,90,0.009992007750544868,0.6222512423992157,0.0,0,,1217.1441650390625,-1.0176410675048828,False
claw,10,100,0.009990133642141352,0.6187984466552734,0.0,0,,386.5608215332031,-1.106722116470337,False
claw,11,110,0.009988062531806119,0.6157248616218567,0.0,0,,480.0547790527344,-0.7303544282913208,False
claw,12,120,0.00998579450130306,0.653013950586319,0.0,0,,300.5833435058594,-1.173815131187439,True
claw,13,130,0.009983329640170143,0.6314337074756622,0.0,0,,713.4808349609375,-0.9503914713859558,False
claw,14,140,0.009980668045715856,0.6063393294811249,0.0,0,,389.70068359375,-0.988539457321167,False
claw,15,150,0.009977809823015391,0.5841261982917786,0.0,0,,1097.761474609375,-1.0827020406723022,False
claw,16,160,0.009974755084906492,0.5611052870750427,0.0,0,,986.8131103515625,-0.9071812629699707,False
claw,17,170,0.009971503951984982,0.5175236344337464,0.0,0,,783.9668579101562,-1.2029014825820923,False
claw,18,180,0.009968056552600033,0.4765589594841003,0.0,0,,587.1056518554688,-1.1218608617782593,False
claw,19,190,0.009964413022849063,0.4646275669336319,0.0,0,,695.7457275390625,-0.999923825263977,False
claw,20,200,0.009960573506572382,0.48834188580513,0.0,0,,739.7813720703125,-1.1788055896759033,False
claw,21,210,0.00995653815534752,0.47704527378082273,0.0,0,,393.8890075683594,-1.2925074100494385,False
claw,22,220,0.009952307128483245,0.4433473825454712,0.0,0,,1060.7235107421875,-1.0584664344787598,False
claw,23,230,0.009947880593013245,0.4364017009735107,0.0,0,,417.14630126953125,-1.0393702983856201,False
claw,24,240,0.009943258723689561,0.45031909346580506,0.0,0,,513.7734985351562,-0.9949182271957397,False
claw,25,250,0.009938441702975684,0.438710606098175,0.0,0,,566.0755615234375,-1.0544201135635376,False
claw,26,260,0.009933429721039336,0.4306621789932251,0.0,0,,364.61468505859375,-0.9208666086196899,False
claw,27,270,0.009928222975744984,0.4289634317159653,0.0,0,,1584.5751953125,-0.928824782371521,False
claw,28,280,0.009922821672646019,0.4153610855340958,0.0,0,,224.79428100585938,-0.9375524520874023,True
claw,29,290,0.009917226024976643,0.4161244839429855,0.0,0,,536.2567749023438,-0.8678434491157532,False
claw,30,300,0.009911436253643439,0.4134256422519684,0.0,0,,492.41448974609375,-0.9105971455574036,False
claw,31,310,0.009905452587216663,0.41293983459472655,0.0,0,,804.2781982421875,-0.8788291215896606,False
claw,32,320,0.009899275261921227,0.40893855690956116,0.0,0,,534.1174926757812,-0.7661139965057373,False
claw,33,330,0.009892904521627352,0.4213464975357056,0.0,0,,368.57501220703125,-0.9069909453392029,False
claw,34,340,0.009886340617840958,0.4153363347053528,0.0,0,,602.9832153320312,-0.7990675568580627,False
claw,35,350,0.009879583809693726,0.4035782039165497,0.0,0,,543.9446411132812,-0.8706942796707153,False
claw,36,360,0.009872634363932875,0.4119851112365723,0.0,0,,1055.9490966796875,-0.86944580078125,False
claw,37,370,0.009865492554910621,0.42397165298461914,0.0,0,,740.8948364257812,-0.8716998100280762,False
claw,38,380,0.009858158664573355,0.40858365297317506,0.0,0,,672.8018188476562,-0.8346399068832397,False
claw,39,390,0.009850632982450517,0.39576766192913054,0.0,0,,675.0726928710938,-0.9494792819023132,False
claw,40,400,0.009842915805643143,0.3950510501861572,0.0,0,,731.589111328125,-0.8746770620346069,False
claw,41,410,0.009835007438812162,0.3943594813346863,0.0,0,,421.3759765625,-0.8801274299621582,False
claw,42,420,0.009826908194166357,0.3969989061355591,0.0,0,,662.8660888671875,-0.8105058670043945,False
claw,43,430,0.009818618391450037,0.3940458595752716,0.0,0,,599.1785278320312,-0.8204646110534668,False
claw,44,440,0.009810138357930416,0.3931387662887573,0.0,0,,334.2472229003906,-0.9915268421173096,False
claw,45,450,0.0098014684283847,0.3970820218324661,0.0,0,,1047.1590576171875,-0.9069243669509888,False
claw,46,460,0.009792608945086862,0.40059469640254974,0.0,0,,401.2144470214844,-0.9042923450469971,False
claw,47,470,0.009783560257794135,0.39116291105747225,0.0,0,,325.31854248046875,-0.8963252305984497,False
claw,48,480,0.009774322723733199,0.4026524156332016,0.0,0,,577.0711669921875,-0.9021486043930054,False
claw,49,490,0.009764896707586077,0.4273968368768692,0.0,0,,372.6368408203125,-0.7238783836364746,False
claw,50,500,0.00975528258147575,0.4103131502866745,0.0,0,,497.1266174316406,-0.8025482892990112,False
claw,51,510,0.009745480724951454,0.3944639086723328,0.0,0,,1255.90771484375,-0.872577428817749,False
claw,52,520,0.009735491524973697,0.3868297696113586,0.0,0,,295.6658935546875,-0.8387824296951294,False
claw,53,530,0.009725315375899,0.3813883066177368,0.0,0,,220.08291625976562,-0.8721761703491211,True
claw,54,540,0.0097149526794643,0.3820569425821304,0.0,0,,954.1653442382812,-0.84808748960495,False
claw,55,550,0.009704403844771106,0.38273038864135744,0.0,0,,272.4090270996094,-0.8444961309432983,False
claw,56,560,0.00969366928826935,0.384003809094429,0.0,0,,337.35760498046875,-0.7945085763931274,False
claw,57,570,0.009682749433740942,0.384831041097641,0.0,0,,1294.153564453125,-0.8587535619735718,False
claw,58,580,0.00967164471228304,0.3819210648536682,0.0,0,,809.1152954101562,-0.7744752168655396,False
claw,59,590,0.009660355562291032,0.3825374126434326,0.0,0,,528.1607666015625,-0.920717716217041,False
claw,60,600,0.009648882429441235,0.38836119174957273,0.0,0,,1000.3883666992188,-0.954990029335022,False
claw,61,610,0.009637225766673281,0.38753570020198824,0.0,0,,371.64569091796875,-0.8766986131668091,False
claw,62,620,0.009625386034172267,0.3849035114049911,0.0,0,,481.3741760253906,-0.7931650876998901,False
claw,63,630,0.009613363699350551,0.38654792308807373,0.0,0,,375.2774353027344,-0.9178754091262817,False
claw,64,640,0.00960115923682933,0.38274548649787904,0.0,0,,288.9859619140625,-0.8290364742279053,False
claw,65,650,0.009588773128419882,0.380513870716095,0.0,0,,1587.89599609375,-0.8596780300140381,False
claw,66,660,0.009576205863104564,0.37904264628887174,0.0,0,,347.9211730957031,-0.8899575471878052,False
claw,67,670,0.009563457937017494,0.3836521565914154,0.0,0,,466.94769287109375,-0.8235876560211182,False
claw,68,680,0.00955052985342496,0.38177610337734225,0.0,0,,626.8929443359375,-0.9183557629585266,False
claw,69,690,0.00953742212270557,0.384126216173172,0.0,0,,710.6519165039062,-0.8639529347419739,False
claw,70,700,0.009524135262330084,0.38179739713668825,0.0,0,,479.5638122558594,-0.9099469184875488,False
claw,71,710,0.009510669796840999,0.3821683943271637,0.0,0,,1412.3792724609375,-0.9246029853820801,False
claw,72,720,0.009497026257831843,0.3771255940198898,0.0,0,,568.9036865234375,-0.8891843557357788,False
claw,73,730,0.009483205183926166,0.3805897980928421,0.0,0,,1509.6453857421875,-0.8660761117935181,False
claw,74,740,0.009469207120756305,0.3770224988460541,0.0,0,,380.6058349609375,-0.8554074764251709,False
claw,75,750,0.009455032620941828,0.38118408918380736,0.0,0,,303.76666259765625,-0.8781013488769531,False
claw,76,760,0.009440682244067713,0.37744211554527285,0.0,0,,805.16064453125,-0.8445738554000854,False
claw,77,770,0.009426156556662265,0.374216228723526,0.0,0,,367.61163330078125,-0.7579209804534912,False
claw,78,780,0.009411456132174761,0.37942726016044614,0.0,0,,791.2246704101562,-0.8502457141876221,False
claw,79,790,0.009396581550952774,0.38839674592018125,0.0,0,,655.6551513671875,-0.830825686454773,False
claw,80,800,0.009381533400219312,0.38909602761268614,0.0,0,,477.4837341308594,-0.8528628349304199,False
claw,81,810,0.009366312274049594,0.3863727807998657,0.0,0,,752.2991943359375,-0.8474388718605042,False
claw,82,820,0.009350918773347625,0.38056244850158694,0.0,0,,610.869873046875,-0.8241392374038696,False
claw,83,830,0.009335353505822448,0.38051984906196595,0.0,0,,592.6373901367188,-0.8100540637969971,False
claw,84,840,0.009319617085964172,0.3750433951616287,0.0,0,,320.6395263671875,-0.7797245979309082,False
claw,85,850,0.009303710135019714,0.3755584418773651,0.0,0,,1860.8486328125,-0.8585703372955322,False
claw,86,860,0.009287633280968259,0.37776907086372374,0.0,0,,406.9720153808594,-0.8410506248474121,False
claw,87,870,0.009271387158496475,0.3818120777606964,0.0,0,,221.0964813232422,-0.8270939588546753,False
claw,88,880,0.009254972408973461,0.3793736964464188,0.0,0,,1315.7841796875,-0.8103914260864258,False
claw,89,890,0.009238389680425419,0.38119217157363894,0.0,0,,485.07257080078125,-0.8181656002998352,False
claw,90,900,0.009221639627510077,0.3876241624355316,0.0,0,,352.2317810058594,-0.7419695854187012,False
claw,91,910,0.009204722911490848,0.37688879370689393,0.0,0,,833.6057739257812,-0.7162532806396484,False
claw,92,920,0.009187640200210713,0.3730251282453537,0.0,0,,1372.9466552734375,-0.8148057460784912,False
claw,93,930,0.009170392168065863,0.37616139054298403,0.0,0,,1401.7156982421875,-0.8300537467002869,False
claw,94,940,0.00915297949597907,0.37395936250686646,0.0,0,,442.23687744140625,-0.8600537180900574,False
claw,95,950,0.009135402871372818,0.3727874279022217,0.0,0,,872.0335693359375,-0.811023473739624,False
claw,96,960,0.009117662988142148,0.3700511932373047,0.0,0,,443.49072265625,-0.8640207052230835,False
claw,97,970,0.009099760546627273,0.374776092171669,0.0,0,,656.8983154296875,-0.8499128818511963,False
claw,98,980,0.009081696253585932,0.3723991453647614,0.0,0,,423.40679931640625,-0.8110173940658569,False
claw,99,990,0.009063470822165482,0.37055522203445435,0.0,0,,1069.24072265625,-0.8559707403182983,False
claw,100,1000,0.00904508497187475,0.37176150977611544,0.0,0,,458.59075927734375,-0.8884053230285645,False
claw,101,1010,0.009026539428555622,0.37286012768745425,0.0,0,,634.7291870117188,-0.8645023703575134,False
claw,102,1020,0.009007834924354394,0.372854745388031,0.0,0,,573.2839965820312,-0.7854794263839722,False
claw,103,1030,0.00898897219769287,0.3735389977693558,0.0,0,,1158.2451171875,-0.9127138257026672,False
claw,104,1040,0.008969951993239193,0.3691642373800278,0.0,0,,351.8238220214844,-0.8716153502464294,False
claw,105,1050,0.008950775061878467,0.3705267280340195,0.0,0,,480.228515625,-0.8800738453865051,False
claw,106,1060,0.008931442160683109,0.37038137316703795,0.0,0,,515.124755859375,-0.8928720355033875,False
claw,107,1070,0.008911954052882953,0.3720780313014984,0.0,0,,417.9093322753906,-0.884883463382721,False
claw,108,1080,0.008892311507835133,0.37191559970378874,0.0,0,,498.27984619140625,-0.8788362741470337,False
claw,109,1090,0.008872515300993682,0.36961697340011596,0.0,0,,358.3712463378906,-0.8375320434570312,False
claw,110,1100,0.008852566213878959,0.3669338434934616,0.0,0,,286.13299560546875,-0.8620943427085876,False
claw,111,1110,0.008832465034046761,0.37084479331970216,0.0,0,,375.1829528808594,-0.8472939729690552,False
claw,112,1120,0.008812212555057252,0.36953001022338866,0.0,0,,656.2574462890625,-0.8334907293319702,False
claw,113,1130,0.008791809576443625,0.3780156970024109,0.0,0,,594.6239013671875,-0.7861264944076538,False
claw,114,1140,0.008771256903680536,0.37436935007572175,0.0,0,,699.4730224609375,-0.837507963180542,False
claw,115,1150,0.008750555348152318,0.3682056486606598,0.0,0,,259.33367919921875,-0.8524641394615173,False
claw,116,1160,0.008729705727120932,0.36954843401908877,0.0,0,,832.64111328125,-0.8276028037071228,False
claw,117,1170,0.008708708863693715,0.3694029003381729,0.0,0,,345.96368408203125,-0.8303394913673401,False
claw,118,1180,0.008687565586790888,0.371698197722435,0.0,0,,596.5081787109375,-0.8417874574661255,False
claw,119,1190,0.00866627673111282,0.3704122304916382,0.0,0,,372.4272155761719,-0.8854079842567444,False
claw,120,1200,0.008644843137107078,0.3731705456972122,0.0,0,,247.2498779296875,-0.8609080910682678,False
claw,121,1210,0.008623265650935255,0.36686535775661466,0.0,0,,240.55026245117188,-0.8730984330177307,False
claw,122,1220,0.008601545124439555,0.3689907044172287,0.0,0,,314.811767578125,-0.8525608777999878,False
claw,123,1230,0.008579682415109176,0.37308050096035006,0.0,0,,930.2999877929688,-0.9059897661209106,False
claw,124,1240,0.008557678386046446,0.3720647364854813,0.0,0,,236.18252563476562,-0.8794699907302856,False
claw,125,1250,0.008535533905932756,0.3760752469301224,0.0,0,,704.900390625,-0.8682726621627808,False
claw,126,1260,0.008513249848994266,0.3716110438108444,0.0,0,,1423.7608642578125,-0.8860622644424438,False
claw,127,1270,0.00849082709496738,0.37121337056159975,0.0,0,,313.3439025878906,-0.8926315903663635,False
claw,128,1280,0.008468266529064038,0.37012576758861543,0.0,0,,982.2335815429688,-0.9140589237213135,False
claw,129,1290,0.008445569041936754,0.37327415943145753,0.0,0,,300.249267578125,-0.8756849765777588,False
claw,130,1300,0.008422735529643455,0.36833314001560213,0.0,0,,833.8385009765625,-0.8564291000366211,False
claw,131,1310,0.008399766893612106,0.3696329653263092,0.0,0,,355.47613525390625,-0.9059301018714905,False
claw,132,1320,0.008376664040605133,0.36812034249305725,0.0,0,,440.3680725097656,-0.8839136362075806,False
claw,133,1330,0.008353427882683614,0.3701012909412384,0.0,0,,538.4584350585938,-0.8660578727722168,False
claw,134,1340,0.00833005933717127,0.38066803812980654,0.0,0,,1326.1448974609375,-0.8341528177261353,False
claw,135,1350,0.008306559326618274,0.3762472838163376,0.0,0,,382.38702392578125,-0.8460080623626709,False
claw,136,1360,0.008282928778764796,0.37279791831970216,0.0,0,,470.6979064941406,-0.8700566291809082,False
claw,137,1370,0.008259168626504408,0.36660907566547396,0.0,0,,390.132080078125,-0.8808509707450867,False
claw,138,1380,0.008235279807847235,0.3671374946832657,0.0,0,,431.55462646484375,-0.8668017387390137,False
claw,139,1390,0.008211263265882932,0.37028042376041415,0.0,0,,1018.259765625,-0.8903154730796814,False
claw,140,1400,0.00818711994874346,0.36839803755283357,0.0,0,,538.3923950195312,-0.914142370223999,False
claw,141,1410,0.008162850809565633,0.37103043794631957,0.0,0,,571.150146484375,-0.8750634789466858,False
claw,142,1420,0.008138456806453514,0.36789638698101046,0.0,0,,694.6661376953125,-0.911445140838623,False
claw,143,1430,0.008113938902440573,0.3682087928056717,0.0,0,,695.7711791992188,-0.8998514413833618,False
claw,144,1440,0.00808929806545168,0.3684579759836197,0.0,0,,365.0412292480469,-0.9342532157897949,False
claw,145,1450,0.008064535268264894,0.3672573000192642,0.0,0,,354.60919189453125,-0.9452009201049805,False
claw,146,1460,0.008039651488473038,0.3751520305871964,0.0,0,,422.5452575683594,-0.8835897445678711,False
claw,147,1470,0.008014647708445136,0.3663723796606064,0.0,0,,211.1731414794922,-0.8917340040206909,True
claw,148,1480,0.007989524915287607,0.36553690731525423,0.0,0,,312.8431396484375,-0.905101478099823,False
claw,149,1490,0.007964284100805309,0.3647651314735413,0.0,0,,582.2410888671875,-0.8985586762428284,False
claw,150,1500,0.007938926261462378,0.36594281792640687,0.0,0,,401.5454406738281,-0.8800253868103027,False
claw,151,1510,0.007913452398342895,0.36511639058589934,0.0,0,,544.3146362304688,-0.9003897905349731,False
claw,152,1520,0.007887863517111352,0.36334010362625124,0.0,0,,1481.922607421875,-0.8607059717178345,False
claw,153,1530,0.007862160627972967,0.363761642575264,0.0,0,,425.8507385253906,-0.8677665591239929,False
claw,154,1540,0.007836344745633793,0.3639396131038666,0.0,0,,215.08004760742188,-0.8762068152427673,False
claw,155,1550,0.007810416889260665,0.3647421807050705,0.0,0,,410.994140625,-0.9014430046081543,False
claw,156,1560,0.007784378082440951,0.3684093952178955,0.0,0,,353.5850830078125,-0.8762391805648804,False
claw,157,1570,0.0077582293531421615,0.3652551770210266,0.0,0,,1147.4237060546875,-0.8915494084358215,False
claw,158,1580,0.007731971733671358,0.3633705466985703,0.0,0,,250.9392852783203,-0.8723776340484619,False
claw,159,1590,0.007705606260634392,0.3667480915784836,0.0,0,,858.2771606445312,-0.9059233665466309,False
claw,160,1600,0.007679133974894997,0.36798919141292574,0.0,0,,573.577880859375,-0.8666616678237915,False
claw,161,1610,0.007652555921533684,0.3649486631155014,0.0,0,,657.7872924804688,-0.8432434797286987,False
claw,162,1620,0.007625873149806491,0.3661062330007553,0.0,0,,345.53253173828125,-0.879901111125946,False
claw,163,1630,0.00759908671310356,0.3664190649986267,0.0,0,,627.35546875,-0.8783340454101562,False
claw,164,1640,0.007572197668907547,0.3653510272502899,0.0,0,,405.32659912109375,-0.9004315137863159,False
claw,165,1650,0.0075452070787518696,0.3633083701133728,0.0,0,,387.74102783203125,-0.9000072479248047,False
claw,166,1660,0.007518116008178816,0.365878626704216,0.0,0,,447.94384765625,-0.8470802903175354,False
claw,167,1670,0.007490925526697464,0.3684691846370697,0.0,0,,413.24176025390625,-0.9050122499465942,False
claw,168,1680,0.007463636707741469,0.36649047434329984,0.0,0,,686.73486328125,-0.9081459045410156,False
claw,169,1690,0.007436250628626672,0.36212762296199796,0.0,0,,464.03704833984375,-0.8718218207359314,False
claw,170,1700,0.007408768370508585,0.36844817399978635,0.0,0,,980.7835083007812,-0.8567899465560913,False
claw,171,1710,0.0073811910183397035,0.36881365180015563,0.0,0,,234.3944091796875,-0.8445743322372437,False
claw,172,1720,0.00735351966082667,0.36433705389499665,0.0,0,,304.1813049316406,-0.8777017593383789,False
claw,173,1730,0.007325755390387299,0.36654330492019654,0.0,0,,493.92578125,-0.8392837047576904,False
claw,174,1740,0.0072978993031074454,0.3689702183008194,0.0,0,,431.57781982421875,-0.8601666688919067,False
claw,175,1750,0.007269952498697739,0.36533043086528777,0.0,0,,369.33349609375,-0.8450572490692139,False
claw,176,1760,0.007241916080450167,0.3608193904161453,0.0,0,,852.5769653320312,-0.86024409532547,False
claw,177,1770,0.007213791155194513,0.36128432750701905,0.0,0,,793.9661254882812,-0.8589762449264526,False
claw,178,1780,0.00718557883325467,0.36265128552913667,0.0,0,,408.9059753417969,-0.8552940487861633,False
claw,179,1790,0.007157280228404801,0.3696767568588257,0.0,0,,306.5596618652344,-0.8488211631774902,False
claw,180,1800,0.0071288964578253705,0.36886955201625826,0.0,0,,289.1405334472656,-0.8655657768249512,False
claw,181,1810,0.007100428642059039,0.3737155109643936,0.0,0,,1266.1259765625,-0.8304242491722107,False
claw,182,1820,0.007071877904966428,0.36619608402252196,0.0,0,,412.543701171875,-0.8762489557266235,False
claw,183,1830,0.007043245373681755,0.36333697736263276,0.0,0,,465.41888427734375,-0.8652287721633911,False
claw,184,1840,0.007014532178568322,0.36212781965732577,0.0,0,,173.22732543945312,-0.8575658798217773,True
claw,185,1850,0.006985739453173914,0.3655333071947098,0.0,0,,429.3990173339844,-0.8476808071136475,False
claw,186,1860,0.006956868334186025,0.37058825194835665,0.0,0,,483.75439453125,-0.8769800662994385,False
claw,187,1870,0.006927919961386997,0.37050660252571105,0.0,0,,323.89483642578125,-0.8713904619216919,False
claw,188,1880,0.00689889547760902,0.36948150098323823,0.0,0,,507.0684509277344,-0.8664031624794006,False
claw,189,1890,0.006869796028689016,0.36552552282810213,0.0,0,,447.77764892578125,-0.8201014399528503,False
claw,190,1900,0.0068406227634234,0.3623060047626495,0.0,0,,445.2703552246094,-0.8609821796417236,False
claw,191,1910,0.006811376833522737,0.3627170205116272,0.0,0,,1025.4832763671875,-0.8695098161697388,False
claw,192,1920,0.006782059393566262,0.3605819046497345,0.0,0,,338.20733642578125,-0.8747183084487915,False
claw,193,1930,0.006752671600956304,0.3615520030260086,0.0,0,,935.0881958007812,-0.8717387318611145,False
claw,194,1940,0.006723214615872593,0.3626020461320877,0.0,0,,359.6734619140625,-0.8550044298171997,False
claw,195,1950,0.006693689601226464,0.36271506249904634,0.0,0,,965.4533081054688,-0.8393509387969971,False
claw,196,1960,0.00666409772261494,0.37086728513240813,0.0,0,,311.76568603515625,-0.8942468166351318,False
claw,197,1970,0.00663444014827472,0.37122171819210054,0.0,0,,317.634765625,-0.8805384635925293,False
claw,198,1980,0.006604718049036054,0.3657022058963776,0.0,0,,864.115234375,-0.8200538158416748,False
claw,199,1990,0.006574932598276532,0.3603058487176895,0.0,0,,853.9505615234375,-0.8363962173461914,False
claw,200,2000,0.006545084971874747,0.3594278633594513,0.0,0,,750.6339111328125,-0.859713077545166,False
claw,201,2010,0.00651517634816388,0.35866900384426115,0.0,0,,738.4954833984375,-0.8670939207077026,False
claw,202,2020,0.0064852079078851835,0.36064707338809965,0.0,0,,454.5386657714844,-0.8706448674201965,False
claw,203,2030,0.006455180834141368,0.3576703011989594,0.0,0,,896.7852783203125,-0.861487865447998,False
claw,204,2040,0.006425096312349891,0.3585518002510071,0.0,0,,394.5577697753906,-0.8752769231796265,False
claw,205,2050,0.006394955530196158,0.35959344506263735,0.0,0,,327.1199645996094,-0.8300024271011353,False
claw,206,2060,0.006364759677586637,0.3611863523721695,0.0,0,,2395.50390625,-0.8477020263671875,False
claw,207,2070,0.006334509946601889,0.35775685906410215,0.0,0,,772.5795288085938,-0.8713527917861938,False
claw,208,2080,0.006304207531449495,0.3587639987468719,0.0,0,,700.7791137695312,-0.8812904357910156,False
claw,209,2090,0.006273853628416922,0.3590970695018768,0.0,0,,515.8651123046875,-0.8619709014892578,False
claw,210,2100,0.0062434494358242845,0.3602794498205185,0.0,0,,530.5259399414062,-0.8679010272026062,False
claw,211,2110,0.006212996153977049,0.36058776676654813,0.0,0,,1112.5345458984375,-0.8740062713623047,False
claw,212,2120,0.006182494985118636,0.3579746842384338,0.0,0,,397.37451171875,-0.8545112013816833,False
claw,213,2130,0.006151947133382965,0.36003938913345335,0.0,0,,282.9608154296875,-0.862545371055603,False
claw,214,2140,0.006121353804746916,0.36173332631587984,0.0,0,,403.829833984375,-0.8688086271286011,False
claw,215,2150,0.006090716206982723,0.3600719541311264,0.0,0,,420.3974609375,-0.8478809595108032,False
claw,216,2160,0.006060035549610284,0.3589684426784515,0.0,0,,360.1872863769531,-0.8409245014190674,False
claw,217,2170,0.006029313043849416,0.3590479105710983,0.0,0,,362.2976379394531,-0.8684432506561279,False
claw,218,2180,0.005998549902572043,0.3566778779029846,0.0,0,,649.7528076171875,-0.8308513164520264,False
claw,219,2190,0.005967747340254311,0.3579872906208038,0.0,0,,885.169921875,-0.8604210615158081,False
claw,220,2200,0.005936906572928633,0.3592731267213821,0.0,0,,778.317138671875,-0.8485161662101746,False
claw,221,2210,0.005906028818135696,0.35852638483047483,0.0,0,,448.0595703125,-0.8386292457580566,False
claw,222,2220,0.005875115294876391,0.3585388332605362,0.0,0,,323.4944763183594,-0.8440096378326416,False
claw,223,2230,0.00584416722356368,0.36235021650791166,0.0,0,,1082.085205078125,-0.8680665493011475,False
claw,224,2240,0.005813185825974429,0.3587221384048462,0.0,0,,492.128662109375,-0.8839669823646545,False
claw,225,2250,0.005782172325201163,0.35960633754730226,0.0,0,,270.1004638671875,-0.8464031219482422,False
claw,226,2260,0.005751127945603796,0.3621945232152939,0.0,0,,234.29833984375,-0.8315098881721497,False
claw,227,2270,0.005720053912761273,0.3622166723012924,0.0,0,,736.120849609375,-0.8240513801574707,False
claw,228,2280,0.005688951453423201,0.3604056417942047,0.0,0,,310.251220703125,-0.8598395586013794,False
claw,229,2290,0.005657821795461423,0.35660729110240935,0.0,0,,673.0516357421875,-0.8404815196990967,False
claw,230,2300,0.005626666167821532,0.35835390985012056,0.0,0,,995.9263916015625,-0.8374999761581421,False
claw,231,2310,0.005595485800474358,0.3573182672262192,0.0,0,,362.07025146484375,-0.845460057258606,False
claw,232,2320,0.005564281924367417,0.3566008508205414,0.0,0,,422.56048583984375,-0.8676655292510986,False
claw,233,2330,0.005533055771376308,0.3575128108263016,0.0,0,,411.72259521484375,-0.8630313873291016,False
claw,234,2340,0.005501808574256082,0.3595177561044693,0.0,0,,1500.34228515625,-0.8411349654197693,False
claw,235,2350,0.005470541566592579,0.3584629714488983,0.0,0,,711.650634765625,-0.8440766334533691,False
claw,236,2360,0.005439255982753722,0.35992633998394014,0.0,0,,354.7767639160156,-0.8768497705459595,False
claw,237,2370,0.005407953057840796,0.36700727641582487,0.0,0,,279.31536865234375,-0.9014424681663513,False
claw,238,2380,0.005376634027639671,0.3660792946815491,0.0,0,,404.4830017089844,-0.840762734413147,False
claw,239,2390,0.005345300128572035,0.3660437285900116,0.0,0,,272.5683898925781,-0.8745691776275635,False
claw,240,2400,0.005313952597646571,0.35886580049991607,0.0,0,,1325.839599609375,-0.8644402027130127,False
claw,241,2410,0.005282592672410128,0.3580144912004471,0.0,0,,588.65625,-0.8732467889785767,False
claw,242,2420,0.005251221590898852,0.35901043117046355,0.0,0,,315.8763122558594,-0.8532323837280273,False
claw,243,2430,0.005219840591589329,0.3613515168428421,0.0,0,,481.05914306640625,-0.8694064617156982,False
claw,244,2440,0.005188450913349676,0.3615759402513504,0.0,0,,845.77294921875,-0.884613037109375,False
claw,245,2450,0.005157053795390645,0.3615520805120468,0.0,0,,393.63995361328125,-0.8741104602813721,False
claw,246,2460,0.005125650477216691,0.3572055160999298,0.0,0,,325.01397705078125,-0.8587095141410828,False
claw,247,2470,0.005094242198577044,0.3564389169216156,0.0,0,,236.53067016601562,-0.8471786975860596,False
claw,248,2480,0.005062830199416766,0.35613241493701936,0.0,0,,437.019287109375,-0.8516091704368591,False
claw,249,2490,0.005031415719827798,0.354040202498436,0.0,0,,390.9326477050781,-0.860404372215271,False
claw,250,2500,0.005000000000000002,0.35707615613937377,0.0,0,,768.8594970703125,-0.8840339183807373,False
claw,251,2510,0.004968584280172207,0.35649561882019043,0.0,0,,245.5321807861328,-0.8480404615402222,False
claw,252,2520,0.0049371698005832385,0.35433792769908906,0.0,0,,602.24365234375,-0.8640040159225464,False
claw,253,2530,0.004905757801422962,0.35421588122844694,0.0,0,,259.59906005859375,-0.8663522005081177,False
claw,254,2540,0.004874349522783314,0.3542100518941879,0.0,0,,1551.595458984375,-0.8593968749046326,False
claw,255,2550,0.00484294620460936,0.3553998380899429,0.0,0,,539.5711669921875,-0.887571394443512,False
claw,256,2560,0.004811549086650329,0.35569012761116026,0.0,0,,584.9658813476562,-0.8675961494445801,False
claw,257,2570,0.004780159408410678,0.35469636619091033,0.0,0,,675.2522583007812,-0.8791475296020508,False
claw,258,2580,0.004748778409101153,0.3534188747406006,0.0,0,,162.91062927246094,-0.8698883056640625,True
claw,259,2590,0.0047174073275898796,0.35421456694602965,0.0,0,,280.21502685546875,-0.8781720399856567,False
claw,260,2600,0.0046860474023534375,0.3543636739253998,0.0,0,,670.3990478515625,-0.8681791424751282,False
claw,261,2610,0.004654699871427976,0.3555955529212952,0.0,0,,764.9248046875,-0.8813513517379761,False
claw,262,2620,0.004623365972360341,0.35706119537353515,0.0,0,,297.61688232421875,-0.8642199635505676,False
claw,263,2630,0.004592046942159218,0.35742759704589844,0.0,0,,199.84884643554688,-0.8559162616729736,False
claw,264,2640,0.00456074401724629,0.3585737973451614,0.0,0,,525.89208984375,-0.8694425821304321,False
claw,265,2650,0.004529458433407433,0.35708360373973846,0.0,0,,295.3214416503906,-0.871399998664856,False
claw,266,2660,0.004498191425743932,0.35698953866958616,0.0,0,,624.4237060546875,-0.852812647819519,False
claw,267,2670,0.004466944228623706,0.3552386999130249,0.0,0,,214.5653076171875,-0.8862054944038391,False
claw,268,2680,0.004435718075632597,0.35623989105224607,0.0,0,,603.501708984375,-0.8638609647750854,False
claw,269,2690,0.004404514199525656,0.35366854071617126,0.0,0,,263.5537109375,-0.870800256729126,False
claw,270,2700,0.004373333832178482,0.3530362993478775,0.0,0,,304.55242919921875,-0.8824448585510254,False
claw,271,2710,0.00434217820453859,0.35336670875549314,0.0,0,,318.97491455078125,-0.8748011589050293,False
claw,272,2720,0.004311048546576814,0.35344144999980925,0.0,0,,262.1487121582031,-0.8896883726119995,False
claw,273,2730,0.004279946087238743,0.3538839966058731,0.0,0,,1345.02001953125,-0.8848531246185303,False
claw,274,2740,0.00424887205439622,0.35351436734199526,0.0,0,,602.7457275390625,-0.8779901266098022,False
claw,275,2750,0.004217827674798853,0.3538848251104355,0.0,0,,335.04949951171875,-0.88467937707901,False
claw,276,2760,0.004186814174025588,0.35459226071834565,0.0,0,,1019.4501953125,-0.8868009448051453,False
claw,277,2770,0.004155832776436337,0.35273577868938444,0.0,0,,1353.8572998046875,-0.879449188709259,False
claw,278,2780,0.004124884705123627,0.35457943081855775,0.0,0,,254.67630004882812,-0.868886411190033,False
claw,279,2790,0.00409397118186432,0.3557878941297531,0.0,0,,238.7594757080078,-0.8836134076118469,False
claw,280,2800,0.004063093427071383,0.35463747978210447,0.0,0,,500.42059326171875,-0.8832347393035889,False
claw,281,2810,0.0040322526597457034,0.35295774042606354,0.0,0,,207.1207733154297,-0.8737872838973999,False
claw,282,2820,0.004001450097427968,0.35364468693733214,0.0,0,,272.95648193359375,-0.8761990666389465,False
claw,283,2830,0.003970686956150597,0.3536802500486374,0.0,0,,715.6863403320312,-0.8738617300987244,False
claw,284,2840,0.00393996445038973,0.3560105115175247,0.0,0,,429.7608947753906,-0.8781431913375854,False
claw,285,2850,0.003909283793017292,0.35304401218891146,0.0,0,,326.24346923828125,-0.8752515316009521,False
claw,286,2860,0.003878646195253098,0.3531510323286057,0.0,0,,230.2826690673828,-0.8745976686477661,False
claw,287,2870,0.0038480528666170505,0.3546488434076309,0.0,0,,649.1302490234375,-0.869915783405304,False
claw,288,2880,0.00381750501488138,0.3522010564804077,0.0,0,,447.568603515625,-0.8950600028038025,False
claw,289,2890,0.003787003846022966,0.35223802328109743,0.0,0,,266.1404113769531,-0.8804758787155151,False
claw,290,2900,0.003756550564175729,0.35135608315467837,0.0,0,,257.76287841796875,-0.8826769590377808,False
claw,291,2910,0.0037261463715830925,0.3523248642683029,0.0,0,,463.422119140625,-0.8771722316741943,False
claw,292,2920,0.0036957924685505155,0.3516224831342697,0.0,0,,487.63525390625,-0.8894325494766235,False
claw,293,2930,0.003665490053398123,0.3530092477798462,0.0,0,,530.6823120117188,-0.8789470791816711,False
claw,294,2940,0.0036352403224133756,0.3537846505641937,0.0,0,,1014.4110107421875,-0.892731785774231,False
claw,295,2950,0.0036050444698038555,0.35190050303936005,0.0,0,,467.8832092285156,-0.8976014852523804,False
claw,296,2960,0.003574903687650121,0.3516225069761276,0.0,0,,355.10443115234375,-0.8748177886009216,False
claw,297,2970,0.003544819165858642,0.35269366204738617,0.0,0,,309.25738525390625,-0.8838528394699097,False
claw,298,2980,0.003514792092114826,0.35199350118637085,0.0,0,,357.5437316894531,-0.8806228637695312,False
claw,299,2990,0.003484823651836132,0.3533030241727829,0.0,0,,270.3147888183594,-0.8974270820617676,False
claw,300,3000,0.003454915028125265,0.35340848863124846,0.0,0,,377.3697509765625,-0.8741515278816223,False
claw,301,3010,0.0034250674017234795,0.3524076759815216,0.0,0,,383.3805847167969,-0.8795011639595032,False
claw,302,3020,0.003395281950963955,0.3522389382123947,0.0,0,,379.84637451171875,-0.8905744552612305,False
claw,303,3030,0.003365559851725289,0.3517320603132248,0.0,0,,333.46832275390625,-0.9000897407531738,False
claw,304,3040,0.00333590227738507,0.35017840564250946,0.0,0,,317.51873779296875,-0.8836017847061157,False
claw,305,3050,0.0033063103987735457,0.35217808187007904,0.0,0,,653.3035888671875,-0.9002643823623657,False
claw,306,3060,0.0032767853841274173,0.35245034396648406,0.0,0,,268.69677734375,-0.881860613822937,False
claw,307,3070,0.0032473283990437085,0.3529737412929535,0.0,0,,579.8221435546875,-0.8820596933364868,False
claw,308,3080,0.003217940606433748,0.35124332308769224,0.0,0,,873.3615112304688,-0.882695198059082,False
claw,309,3090,0.0031886231664772736,0.35181796848773955,0.0,0,,361.9964294433594,-0.8968552947044373,False
claw,310,3100,0.003159377236576613,0.35143750309944155,0.0,0,,588.8861083984375,-0.8802194595336914,False
claw,311,3110,0.003130203971311,0.35117046535015106,0.0,0,,413.21746826171875,-0.8965179920196533,False
claw,312,3120,0.0031011045223909963,0.3501739025115967,0.0,0,,441.68280029296875,-0.8913845419883728,False
claw,313,3130,0.0030720800386130204,0.35093226432800295,0.0,0,,331.2937316894531,-0.8877331018447876,False
claw,314,3140,0.003043131665813989,0.3521158307790756,0.0,0,,361.481689453125,-0.8775137662887573,False
claw,315,3150,0.003014260546826098,0.3512523978948593,0.0,0,,1015.8805541992188,-0.8924181461334229,False
claw,316,3160,0.0029854678214316886,0.35074216723442075,0.0,0,,284.39813232421875,-0.8989912271499634,False
claw,317,3170,0.0029567546263182566,0.35029631555080415,0.0,0,,415.8111877441406,-0.8843374848365784,False
claw,318,3180,0.002928122095033582,0.34992536008358,0.0,0,,786.1563110351562,-0.8981205224990845,False
claw,319,3190,0.00289957135794097,0.3500424325466156,0.0,0,,959.2239990234375,-0.8891785144805908,False
claw,320,3200,0.002871103542174638,0.35087609589099883,0.0,0,,706.030517578125,-0.8954935073852539,False
claw,321,3210,0.0028427197715952058,0.3491663962602615,0.0,0,,427.1922302246094,-0.8969227075576782,False
claw,322,3220,0.0028144211667453373,0.34963372349739075,0.0,0,,640.4814453125,-0.8994192481040955,False
claw,323,3230,0.0027862088448054934,0.3519654005765915,0.0,0,,875.0645751953125,-0.8942208290100098,False
claw,324,3240,0.0027580839195498405,0.35167999267578126,0.0,0,,328.9076232910156,-0.8805959820747375,False
claw,325,3250,0.0027300475013022664,0.35038443505764005,0.0,0,,241.1118621826172,-0.8816437721252441,False
claw,326,3260,0.0027021006968925604,0.3510343670845032,0.0,0,,246.91995239257812,-0.8916412591934204,False
claw,327,3270,0.002674244609612708,0.35103862881660464,0.0,0,,974.1102294921875,-0.874182939529419,False
claw,328,3280,0.0026464803391733384,0.35191567838191984,0.0,0,,514.2191772460938,-0.878369927406311,False
claw,329,3290,0.0026188089816603045,0.35194059312343595,0.0,0,,627.4417724609375,-0.8635148406028748,False
claw,330,3300,0.002591231629491423,0.35363968312740324,0.0,0,,698.0257568359375,-0.8674851059913635,False
claw,331,3310,0.002563749371373339,0.35145740807056425,0.0,0,,582.1160888671875,-0.8781867027282715,False
claw,332,3320,0.002536363292258542,0.34950533509254456,0.0,0,,471.4466247558594,-0.8686789274215698,False
claw,333,3330,0.0025090744733025456,0.34947103559970855,0.0,0,,283.509765625,-0.8700289130210876,False
claw,334,3340,0.0024818839918211958,0.3489820659160614,0.0,0,,337.80950927734375,-0.8794233798980713,False
claw,335,3350,0.002454792921248144,0.3487704932689667,0.0,0,,550.9446411132812,-0.8900337815284729,False
claw,336,3360,0.0024278023310924687,0.3495334982872009,0.0,0,,479.7688903808594,-0.8800954818725586,False
claw,337,3370,0.0024009132868964534,0.3497890830039978,0.0,0,,345.085693359375,-0.8917534947395325,False
claw,338,3380,0.0023741268501935235,0.34974330067634585,0.0,0,,192.08242797851562,-0.8921701908111572,False
claw,339,3390,0.0023474440784663317,0.3492145150899887,0.0,0,,221.21890258789062,-0.8833880424499512,False
claw,340,3400,0.0023208660251050196,0.34877391457557677,0.0,0,,316.597900390625,-0.8838189840316772,False
claw,341,3410,0.002294393739365622,0.34882659316062925,0.0,0,,377.42742919921875,-0.8930937051773071,False
claw,342,3420,0.0022680282663286562,0.3489839881658554,0.0,0,,869.2023315429688,-0.8872977495193481,False
claw,343,3430,0.002241770646857851,0.3491164416074753,0.0,0,,314.16796875,-0.8900545835494995,False
claw,344,3440,0.002215621917559062,0.3495443105697632,0.0,0,,542.3973999023438,-0.8917648196220398,False
claw,345,3450,0.00218958311073935,0.35096305012702944,0.0,0,,335.6689758300781,-0.876429557800293,False
claw,346,3460,0.002163655254366218,0.34985204339027404,0.0,0,,868.8204956054688,-0.887497067451477,False
claw,347,3470,0.002137839372027046,0.34977701902389524,0.0,0,,1135.2340087890625,-0.8843441009521484,False
claw,348,3480,0.002112136482888664,0.3495595872402191,0.0,0,,403.5758361816406,-0.8877034187316895,False
claw,349,3490,0.0020865476016571215,0.34886643588542937,0.0,0,,224.0955352783203,-0.9004429578781128,False
claw,350,3500,0.0020610737385376356,0.3489616721868515,0.0,0,,830.193359375,-0.9027998447418213,False
claw,351,3510,0.0020357158991947052,0.34885569512844083,0.0,0,,482.10870361328125,-0.8981897830963135,False
claw,352,3520,0.0020104750847124066,0.34895773231983185,0.0,0,,312.9644470214844,-0.9031236171722412,False
claw,353,3530,0.001985352291554877,0.3485987693071365,0.0,0,,621.3421630859375,-0.9041786789894104,False
claw,354,3540,0.0019603485115269746,0.3491401016712189,0.0,0,,409.6399841308594,-0.8914580345153809,False
claw,355,3550,0.0019354647317351207,0.3497776389122009,0.0,0,,407.911865234375,-0.9072220325469971,False
claw,356,3560,0.001910701934548331,0.3500120937824249,0.0,0,,252.5279998779297,-0.9039160013198853,False
claw,357,3570,0.0018860610975594382,0.3493111878633499,0.0,0,,222.2301483154297,-0.8944884538650513,False
claw,358,3580,0.0018615431935465,0.348178306221962,0.0,0,,274.314697265625,-0.8991428017616272,False
