method,epoch,updates,learning_rate,training_relative_l2,validation_primitive_relative_l2,validation_minimum_depth,new_best
fno,1,10,0.009999901304280686,0.9764448821544647,0.626353457570076,0.7483508586883545,True
fno,2,20,0.009999605221019081,0.579721313714981,0.47768915444612503,0.8156991600990295,True
fno,3,30,0.009999111761904043,0.4626569479703903,0.4129645600914955,0.7483440041542053,True
fno,4,40,0.009998420946416496,0.3686981201171875,0.3315652012825012,0.8360527157783508,True
fno,5,50,0.009997532801828654,0.3389029115438461,0.3419695943593979,0.6684168577194214,False
fno,6,60,0.00999644736320294,0.3383247673511505,0.30291689932346344,0.5467079281806946,True
fno,7,70,0.009995164673390618,0.3113830745220184,0.275668665766716,0.5826269388198853,True
fno,8,80,0.009993684783030081,0.2900549113750458,0.3382917419075966,0.5902664065361023,False
fno,9,90,0.009992007750544868,0.2757490426301956,0.20570241659879684,0.478925883769989,True
fno,10,100,0.009990133642141352,0.19072048515081405,0.15736041590571404,0.24950331449508667,True
fno,11,110,0.009988062531806119,0.17281212359666825,0.17865467444062233,0.23016703128814697,False
fno,12,120,0.00998579450130306,0.15523423478007317,0.11985797248780727,0.14362172782421112,True
fno,13,130,0.009983329640170143,0.12667445838451385,0.11659377440810204,0.22113612294197083,True
fno,14,140,0.009980668045715856,0.10323884114623069,0.10368858277797699,0.19461962580680847,True
fno,15,150,0.009977809823015391,0.10228834301233292,0.09569489024579525,0.1973074972629547,True
fno,16,160,0.009974755084906492,0.12479335367679596,0.14259371161460876,0.16485248506069183,False
fno,17,170,0.009971503951984982,0.132944655418396,0.1124544832855463,0.2792789340019226,False
fno,18,180,0.009968056552600033,0.09643938690423966,0.0943510252982378,0.19794611632823944,True
fno,19,190,0.009964413022849063,0.08766115754842758,0.09730186127126217,0.17569883167743683,False
fno,20,200,0.009960573506572382,0.08726084530353546,0.10269146971404552,0.33432841300964355,False
fno,21,210,0.00995653815534752,0.0859257660806179,0.0827595554292202,0.3154696226119995,True
fno,22,220,0.009952307128483245,0.07604938149452209,0.07714566960930824,0.22597992420196533,True
fno,23,230,0.009947880593013245,0.0794154092669487,0.06903083249926567,0.2667508125305176,True
fno,24,240,0.009943258723689561,0.07843458577990532,0.07996479235589504,0.18709485232830048,False
fno,25,250,0.009938441702975684,0.09499292299151421,0.09988516755402088,0.25362256169319153,False
fno,26,260,0.009933429721039336,0.08720151335000992,0.0740362573415041,0.24251869320869446,False
fno,27,270,0.009928222975744984,0.07260819710791111,0.07708589918911457,0.27728980779647827,False
fno,28,280,0.009922821672646019,0.07539143711328507,0.07744136452674866,0.2708612084388733,False
fno,29,290,0.009917226024976643,0.08558515533804893,0.08435006625950336,0.28988879919052124,False
fno,30,300,0.009911436253643439,0.08780372217297554,0.08817985095083714,0.28546684980392456,False
fno,31,310,0.009905452587216663,0.0832157626748085,0.0779139120131731,0.2569119930267334,False
fno,32,320,0.009899275261921227,0.0780478872358799,0.07863729260861874,0.24940744042396545,False
fno,33,330,0.009892904521627352,0.07640606760978699,0.0668379608541727,0.19132566452026367,True
fno,34,340,0.009886340617840958,0.0746000774204731,0.10419397242367268,0.2337074726819992,False
fno,35,350,0.009879583809693726,0.07404334545135498,0.07168521359562874,0.33284318447113037,False
fno,36,360,0.009872634363932875,0.06297313682734966,0.07589641213417053,0.3953602910041809,False
fno,37,370,0.009865492554910621,0.07802457064390182,0.08580083772540092,0.29133516550064087,False
fno,38,380,0.009858158664573355,0.06560651063919068,0.06468767952173948,0.30106520652770996,True
fno,39,390,0.009850632982450517,0.05968771278858185,0.07223576121032238,0.32708168029785156,False
fno,40,400,0.009842915805643143,0.06429382376372814,0.06421506032347679,0.3132210373878479,True
fno,41,410,0.009835007438812162,0.06793079040944576,0.13076741248369217,0.24419230222702026,False
fno,42,420,0.009826908194166357,0.10449303016066551,0.0787730198353529,0.34018969535827637,False
fno,43,430,0.009818618391450037,0.06487910076975822,0.06131216790527105,0.40146392583847046,True
fno,44,440,0.009810138357930416,0.0592374287545681,0.0549534922465682,0.32385963201522827,True
fno,45,450,0.0098014684283847,0.05398134104907513,0.0561550073325634,0.31745243072509766,False
fno,46,460,0.009792608945086862,0.0605144340544939,0.05848818551748991,0.36810624599456787,False
fno,47,470,0.009783560257794135,0.05860971175134182,0.05478395614773035,0.2943721413612366,True
fno,48,480,0.009774322723733199,0.06010125316679478,0.06664682179689407,0.3226226568222046,False
fno,49,490,0.009764896707586077,0.059460030496120454,0.06279632076621056,0.328744113445282,False
fno,50,500,0.00975528258147575,0.05276971384882927,0.05902854446321726,0.28311753273010254,False
fno,51,510,0.009745480724951454,0.06220598742365837,0.06478062830865383,0.2943824827671051,False
fno,52,520,0.009735491524973697,0.06116286814212799,0.06728825345635414,0.3249548077583313,False
fno,53,530,0.009725315375899,0.05906981118023395,0.07900865934789181,0.3691699206829071,False
fno,54,540,0.0097149526794643,0.06273259371519088,0.06068994477391243,0.3500024676322937,False
fno,55,550,0.009704403844771106,0.0655409999191761,0.06755495630204678,0.30374330282211304,False
fno,56,560,0.00969366928826935,0.06261330582201481,0.05895670969039202,0.29871416091918945,False
fno,57,570,0.009682749433740942,0.056763768568634985,0.05179266165941954,0.2483956217765808,True
fno,58,580,0.00967164471228304,0.05254729986190796,0.06054429616779089,0.2875289022922516,False
fno,59,590,0.009660355562291032,0.055704298242926595,0.0784005131572485,0.3509514629840851,False
fno,60,600,0.009648882429441235,0.06697580590844154,0.06409879866987467,0.2432582974433899,False
fno,61,610,0.009637225766673281,0.057281991466879845,0.06540465541183949,0.21072575449943542,False
fno,62,620,0.009625386034172267,0.05552779771387577,0.05385477747768164,0.3024013340473175,False
fno,63,630,0.009613363699350551,0.05847987830638886,0.08017304912209511,0.2579807639122009,False
fno,64,640,0.00960115923682933,0.07117128856480122,0.07259038090705872,0.3204455077648163,False
fno,65,650,0.009588773128419882,0.0718777485191822,0.07847611419856548,0.4040706157684326,False
fno,66,660,0.009576205863104564,0.08138717412948608,0.08458518795669079,0.34924596548080444,False
fno,67,670,0.009563457937017494,0.06838724203407764,0.06735756993293762,0.2998214364051819,False
fno,68,680,0.00955052985342496,0.06365753188729287,0.06698848865926266,0.33680009841918945,False
fno,69,690,0.00953742212270557,0.05913388803601265,0.0523738544434309,0.2917473614215851,False
fno,70,700,0.009524135262330084,0.05950029604136944,0.05915210582315922,0.20290490984916687,False
fno,71,710,0.009510669796840999,0.04860232882201672,0.05748606286942959,0.2672865688800812,False
fno,72,720,0.009497026257831843,0.047790785878896715,0.05231977067887783,0.2861884534358978,False
fno,73,730,0.009483205183926166,0.051164522767066956,0.050333958119153976,0.35432663559913635,True
fno,74,740,0.009469207120756305,0.046881234273314476,0.05741974804550409,0.289514422416687,False
fno,75,750,0.009455032620941828,0.05231298729777336,0.047232299111783504,0.2561238408088684,True
fno,76,760,0.009440682244067713,0.06088439002633095,0.08815965615212917,0.27810609340667725,False
fno,77,770,0.009426156556662265,0.06603792645037174,0.05891371611505747,0.299834668636322,False
fno,78,780,0.009411456132174761,0.05452574826776981,0.05173195991665125,0.28495362401008606,False
fno,79,790,0.009396581550952774,0.04575339443981648,0.048047504387795925,0.3080146014690399,False
fno,80,800,0.009381533400219312,0.049856987223029135,0.04694714304059744,0.3427584767341614,True
fno,81,810,0.009366312274049594,0.04826943501830101,0.04263102449476719,0.3101916015148163,True
fno,82,820,0.009350918773347625,0.04142951667308807,0.05103981401771307,0.29687297344207764,False
fno,83,830,0.009335353505822448,0.04484026953577995,0.04991981107741594,0.21923315525054932,False
fno,84,840,0.009319617085964172,0.04561356380581856,0.041120718233287334,0.25834155082702637,True
fno,85,850,0.009303710135019714,0.06988118477165699,0.10174618847668171,0.36154574155807495,False
fno,86,860,0.009287633280968259,0.08865879848599434,0.09824797138571739,0.5030879974365234,False
fno,87,870,0.009271387158496475,0.06719319224357605,0.06642208155244589,0.3536792993545532,False
fno,88,880,0.009254972408973461,0.07178950421512127,0.07624718174338341,0.26806697249412537,False
fno,89,890,0.009238389680425419,0.061161547899246216,0.07563500292599201,0.30080172419548035,False
fno,90,900,0.009221639627510077,0.055254700034856795,0.04859869834035635,0.22841259837150574,False
fno,91,910,0.009204722911490848,0.045688701793551445,0.05613589007407427,0.3893779218196869,False
fno,92,920,0.009187640200210713,0.05392343439161777,0.053139098919928074,0.3477421998977661,False
fno,93,930,0.009170392168065863,0.04986664243042469,0.05920591205358505,0.3476836383342743,False
fno,94,940,0.00915297949597907,0.05355266965925694,0.05576710030436516,0.3500109612941742,False
fno,95,950,0.009135402871372818,0.04851998165249825,0.045834639109671116,0.27757424116134644,False
fno,96,960,0.009117662988142148,0.04063392505049705,0.04037273582071066,0.2797475755214691,True
fno,97,970,0.009099760546627273,0.03772599287331104,0.046894486993551254,0.2011430859565735,False
fno,98,980,0.009081696253585932,0.04194142855703831,0.04205955658107996,0.2800935208797455,False
fno,99,990,0.009063470822165482,0.04246433116495609,0.048715400509536266,0.32854971289634705,False
fno,100,1000,0.00904508497187475,0.04149953350424766,0.0436918530613184,0.26460233330726624,False
fno,101,1010,0.009026539428555622,0.04043906349688768,0.04112225025892258,0.3142794668674469,False
fno,102,1020,0.009007834924354394,0.04425033014267683,0.052745397202670574,0.3750099837779999,False
fno,103,1030,0.00898897219769287,0.04206679128110409,0.04159752931445837,0.25493958592414856,False
fno,104,1040,0.008969951993239193,0.03894892036914825,0.047482906840741634,0.2745142877101898,False
fno,105,1050,0.008950775061878467,0.04051545597612858,0.03791645169258118,0.24438443779945374,True
fno,106,1060,0.008931442160683109,0.03899691551923752,0.04403465986251831,0.2137247622013092,False
fno,107,1070,0.008911954052882953,0.040933058597147465,0.04433253314346075,0.3242100477218628,False
fno,108,1080,0.008892311507835133,0.03835255429148674,0.046168516390025616,0.3451938033103943,False
fno,109,1090,0.008872515300993682,0.040614615008234975,0.04021325707435608,0.2624770700931549,False
fno,110,1100,0.008852566213878959,0.04355512373149395,0.049017610028386116,0.2996443510055542,False
fno,111,1110,0.008832465034046761,0.03949329219758511,0.042108758352696896,0.26157301664352417,False
fno,112,1120,0.008812212555057252,0.043933625891804697,0.04262602888047695,0.20918488502502441,False
fno,113,1130,0.008791809576443625,0.041622549295425415,0.04119722172617912,0.3202499449253082,False
fno,114,1140,0.008771256903680536,0.03657813519239426,0.05084438342601061,0.3140844702720642,False
fno,115,1150,0.008750555348152318,0.03991473689675331,0.03879714570939541,0.24930280447006226,False
fno,116,1160,0.008729705727120932,0.04082418382167816,0.04239267576485872,0.29785335063934326,False
fno,117,1170,0.008708708863693715,0.04039771966636181,0.04883762076497078,0.21829736232757568,False
fno,118,1180,0.008687565586790888,0.04772997088730335,0.05132771655917168,0.30548784136772156,False
fno,119,1190,0.00866627673111282,0.050884668901562694,0.046227809973061085,0.31376999616622925,False
fno,120,1200,0.008644843137107078,0.05625199340283871,0.04983622767031193,0.33408281207084656,False
fno,121,1210,0.008623265650935255,0.04713572636246681,0.04106532037258148,0.24064671993255615,False
fno,122,1220,0.008601545124439555,0.03939714357256889,0.04308876860886812,0.2551473379135132,False
fno,123,1230,0.008579682415109176,0.03746598996222019,0.04490446485579014,0.35120004415512085,False
fno,124,1240,0.008557678386046446,0.042690998688340184,0.05041258782148361,0.2406105399131775,False
fno,125,1250,0.008535533905932756,0.0465473584830761,0.05453604646027088,0.30981090664863586,False
fno,126,1260,0.008513249848994266,0.051967309042811397,0.049542784690856934,0.2665601074695587,False
fno,127,1270,0.00849082709496738,0.043491434678435324,0.04613823164254427,0.22067829966545105,False
fno,128,1280,0.008468266529064038,0.04110253900289536,0.03824400529265404,0.18507397174835205,False
fno,129,1290,0.008445569041936754,0.041288917511701585,0.049471575766801834,0.26171496510505676,False
fno,130,1300,0.008422735529643455,0.03921910040080547,0.03639835584908724,0.28546229004859924,True
fno,131,1310,0.008399766893612106,0.038206331059336664,0.04364533443003893,0.26154136657714844,False
fno,132,1320,0.008376664040605133,0.04098896831274033,0.03802486415952444,0.3587478697299957,False
fno,133,1330,0.008353427882683614,0.03684641066938639,0.03765082824975252,0.2634853720664978,False
fno,134,1340,0.00833005933717127,0.03638757970184088,0.048323954455554485,0.23822280764579773,False
fno,135,1350,0.008306559326618274,0.04224312771111727,0.046159010380506516,0.26952505111694336,False
fno,136,1360,0.008282928778764796,0.039823651872575284,0.037978705018758774,0.286613792181015,False
fno,137,1370,0.008259168626504408,0.03674708642065525,0.03714361600577831,0.30457574129104614,False
fno,138,1380,0.008235279807847235,0.03573620859533548,0.042782338336110115,0.24318671226501465,False
fno,139,1390,0.008211263265882932,0.042165922746062276,0.04251082241535187,0.319015771150589,False
fno,140,1400,0.00818711994874346,0.03651670403778553,0.045246693305671215,0.2767276167869568,False
fno,141,1410,0.008162850809565633,0.03518575429916382,0.03338465839624405,0.26965081691741943,True
fno,142,1420,0.008138456806453514,0.03632992245256901,0.04612082336097956,0.33792001008987427,False
fno,143,1430,0.008113938902440573,0.04492362551391125,0.046868483535945415,0.3850620687007904,False
fno,144,1440,0.00808929806545168,0.04876143895089626,0.044131201691925526,0.3373532295227051,False
fno,145,1450,0.008064535268264894,0.04115119725465775,0.0491497740149498,0.3002541661262512,False
fno,146,1460,0.008039651488473038,0.04334499947726726,0.04190872889012098,0.3492628037929535,False
fno,147,1470,0.008014647708445136,0.03795596584677696,0.03834639023989439,0.30031445622444153,False
fno,148,1480,0.007989524915287607,0.03700506314635277,0.03699334617704153,0.31079232692718506,False
fno,149,1490,0.007964284100805309,0.0338711392134428,0.03675771597772837,0.2723568379878998,False
fno,150,1500,0.007938926261462378,0.039406831562519076,0.04646257311105728,0.2368151843547821,False
fno,151,1510,0.007913452398342895,0.03802926987409592,0.04799479339271784,0.26660478115081787,False
fno,152,1520,0.007887863517111352,0.039163734018802646,0.03457116987556219,0.30827298760414124,False
fno,153,1530,0.007862160627972967,0.03226123265922069,0.043332260102033615,0.32684263586997986,False
fno,154,1540,0.007836344745633793,0.03670854512602091,0.034218489192426205,0.33423271775245667,False
fno,155,1550,0.007810416889260665,0.03749829940497875,0.045647949911653996,0.3387407660484314,False
fno,156,1560,0.007784378082440951,0.0360638614743948,0.04028324317187071,0.3526303172111511,False
fno,157,1570,0.0077582293531421615,0.0331090833991766,0.03855555318295956,0.3011670708656311,False
fno,158,1580,0.007731971733671358,0.03407872337847948,0.03414512798190117,0.33414459228515625,False
fno,159,1590,0.007705606260634392,0.03175044897943735,0.040156928822398186,0.300470769405365,False
fno,160,1600,0.007679133974894997,0.03611153662204743,0.04098170157521963,0.2830313444137573,False
fno,161,1610,0.007652555921533684,0.03768996447324753,0.031831038650125265,0.27308428287506104,True
fno,162,1620,0.007625873149806491,0.036462355963885786,0.033115179277956486,0.28429797291755676,False
fno,163,1630,0.00759908671310356,0.031935017369687554,0.03223284799605608,0.26391172409057617,False
fno,164,1640,0.007572197668907547,0.03258661087602377,0.03949330374598503,0.22399571537971497,False
fno,165,1650,0.0075452070787518696,0.0366095133125782,0.037362704053521156,0.3650497496128082,False
fno,166,1660,0.007518116008178816,0.036582607217133044,0.035814627073705196,0.2786674201488495,False
fno,167,1670,0.007490925526697464,0.036622117087244985,0.03847319073975086,0.25040629506111145,False
fno,168,1680,0.007463636707741469,0.034058818407356736,0.036057825200259686,0.3068839907646179,False
fno,169,1690,0.007436250628626672,0.035608294606208804,0.051626319997012615,0.31516242027282715,False
fno,170,1700,0.007408768370508585,0.05059671960771084,0.05611149221658707,0.31991440057754517,False
fno,171,1710,0.0073811910183397035,0.0436130341142416,0.04080356378108263,0.3009294271469116,False
fno,172,1720,0.00735351966082667,0.0353344663977623,0.03535196650773287,0.29441699385643005,False
fno,173,1730,0.007325755390387299,0.04027110617607832,0.06532581709325314,0.3283848464488983,False
fno,174,1740,0.0072978993031074454,0.06235628351569176,0.047965362668037415,0.34391459822654724,False
fno,175,1750,0.007269952498697739,0.054940113052725795,0.04956083279103041,0.18987813591957092,False
fno,176,1760,0.007241916080450167,0.03814875744283199,0.034670691937208176,0.2990362346172333,False
fno,177,1770,0.007213791155194513,0.030042839609086512,0.03439454175531864,0.3411588966846466,False
fno,178,1780,0.00718557883325467,0.03349975626915693,0.036671229638159275,0.4102446138858795,False
fno,179,1790,0.007157280228404801,0.033970340713858606,0.03739453013986349,0.3385598659515381,False
fno,180,1800,0.0071288964578253705,0.033707570470869544,0.03722945973277092,0.33443722128868103,False
fno,181,1810,0.007100428642059039,0.0385189414024353,0.05048797372728586,0.3493449091911316,False
fno,182,1820,0.007071877904966428,0.041039373353123666,0.04207717627286911,0.322045236825943,False
fno,183,1830,0.007043245373681755,0.03496360778808594,0.04124605190008879,0.2848651111125946,False
fno,184,1840,0.007014532178568322,0.03435099218040705,0.042039149440824986,0.3048686683177948,False
fno,185,1850,0.006985739453173914,0.03848127201199532,0.04196062125265598,0.3928210735321045,False
fno,186,1860,0.006956868334186025,0.03970525041222572,0.03521042689681053,0.3222706913948059,False
fno,187,1870,0.006927919961386997,0.031811481900513174,0.03453022800385952,0.38335293531417847,False
fno,188,1880,0.00689889547760902,0.030387412384152414,0.030030825175344944,0.33581677079200745,True
fno,189,1890,0.006869796028689016,0.029918754100799562,0.034184264950454235,0.2524956166744232,False
fno,190,1900,0.0068406227634234,0.03179359193891287,0.03008624305948615,0.32408201694488525,False
fno,191,1910,0.006811376833522737,0.03221948500722647,0.03618162032216787,0.36903396248817444,False
fno,192,1920,0.006782059393566262,0.039125914312899114,0.04294681269675493,0.41430947184562683,False
fno,193,1930,0.006752671600956304,0.03478555101901293,0.030751314479857683,0.3218500316143036,False
fno,194,1940,0.006723214615872593,0.03153827004134655,0.03133453521877527,0.2905205488204956,False
fno,195,1950,0.006693689601226464,0.02955967579036951,0.03357703611254692,0.33236467838287354,False
fno,196,1960,0.00666409772261494,0.030065662041306496,0.04295015707612038,0.25104519724845886,False
fno,197,1970,0.00663444014827472,0.039987049624323846,0.03949992265552282,0.2633100748062134,False
fno,198,1980,0.006604718049036054,0.035000577382743356,0.03663162235170603,0.27967751026153564,False
fno,199,1990,0.006574932598276532,0.035331559181213376,0.0329367252998054,0.29903340339660645,False
fno,200,2000,0.006545084971874747,0.028878422826528548,0.029981771018356085,0.2739463746547699,True
fno,201,2010,0.00651517634816388,0.026485014893114566,0.031056649517267942,0.2985156774520874,False
fno,202,2020,0.0064852079078851835,0.028180880844593047,0.02965625887736678,0.3018711805343628,True
fno,203,2030,0.006455180834141368,0.028197789937257765,0.033348094671964645,0.3703349232673645,False
fno,204,2040,0.006425096312349891,0.028104028105735777,0.030021989718079567,0.26764142513275146,False
fno,205,2050,0.006394955530196158,0.03171548824757338,0.039820561185479164,0.34855398535728455,False
fno,206,2060,0.006364759677586637,0.02997242137789726,0.030356910545378923,0.3628147840499878,False
fno,207,2070,0.006334509946601889,0.028556819073855877,0.027787354309111834,0.31182852387428284,True
fno,208,2080,0.006304207531449495,0.028330921940505505,0.030281097162514925,0.2755924463272095,False
fno,209,2090,0.006273853628416922,0.02884651403874159,0.030060329008847475,0.3182651102542877,False
fno,210,2100,0.0062434494358242845,0.027416565641760825,0.03584773186594248,0.35441356897354126,False
fno,211,2110,0.006212996153977049,0.03109231051057577,0.03738332260400057,0.24205586314201355,False
fno,212,2120,0.006182494985118636,0.03148808516561985,0.03057327400892973,0.2654494345188141,False
fno,213,2130,0.006151947133382965,0.030695714056491852,0.033044347539544106,0.2791746258735657,False
fno,214,2140,0.006121353804746916,0.027197007834911347,0.0303544863127172,0.2879592776298523,False
fno,215,2150,0.006090716206982723,0.02965498622506857,0.0279325763694942,0.3083496689796448,False
fno,216,2160,0.006060035549610284,0.02630844693630934,0.03759472817182541,0.3144659399986267,False
fno,217,2170,0.006029313043849416,0.02653376255184412,0.028515190351754427,0.32896888256073,False
fno,218,2180,0.005998549902572043,0.025782741233706476,0.02798315929248929,0.31461745500564575,False
fno,219,2190,0.005967747340254311,0.02556402627378702,0.02935239765793085,0.285492479801178,False
fno,220,2200,0.005936906572928633,0.026860229671001434,0.033468663692474365,0.29903125762939453,False
fno,221,2210,0.005906028818135696,0.029499413445591927,0.03253439627587795,0.3240753710269928,False
fno,222,2220,0.005875115294876391,0.028115861862897874,0.030931662768125534,0.3305516839027405,False
fno,223,2230,0.00584416722356368,0.029386743530631067,0.029512636829167604,0.3301514685153961,False
fno,224,2240,0.005813185825974429,0.025938765704631807,0.028031507972627878,0.36199134588241577,False
fno,225,2250,0.005782172325201163,0.024412699043750763,0.03085606126114726,0.31566089391708374,False
fno,226,2260,0.005751127945603796,0.02886498849838972,0.029600621201097965,0.2929394245147705,False
fno,227,2270,0.005720053912761273,0.028264992497861387,0.0371328005567193,0.38423407077789307,False
fno,228,2280,0.005688951453423201,0.028682980313897134,0.03445969521999359,0.3266374468803406,False
fno,229,2290,0.005657821795461423,0.027390625700354575,0.0299459476955235,0.31409987807273865,False
fno,230,2300,0.005626666167821532,0.025479819625616074,0.029177121352404356,0.3427002727985382,False
fno,231,2310,0.005595485800474358,0.026563566550612448,0.02851136028766632,0.34115278720855713,False
fno,232,2320,0.005564281924367417,0.02464968953281641,0.028881297912448645,0.3384717106819153,False
fno,233,2330,0.005533055771376308,0.02482638359069824,0.029063374269753695,0.2809470295906067,False
fno,234,2340,0.005501808574256082,0.024921069107949733,0.029372512362897396,0.34431877732276917,False
fno,235,2350,0.005470541566592579,0.025481831282377243,0.025491248816251755,0.299328088760376,True
fno,236,2360,0.005439255982753722,0.026382413879036903,0.03548133047297597,0.3196794390678406,False
fno,237,2370,0.005407953057840796,0.028903740644454955,0.027105493005365133,0.308871865272522,False
fno,238,2380,0.005376634027639671,0.02518472783267498,0.025517127010971308,0.32016515731811523,False
fno,239,2390,0.005345300128572035,0.027311477810144424,0.02860940434038639,0.29913532733917236,False
fno,240,2400,0.005313952597646571,0.02521777655929327,0.03141992911696434,0.29113322496414185,False
fno,241,2410,0.005282592672410128,0.025195714458823203,0.028109615668654442,0.30788278579711914,False
fno,242,2420,0.005251221590898852,0.025186892226338388,0.031739344354718924,0.3537341058254242,False
fno,243,2430,0.005219840591589329,0.026710395701229572,0.027996386401355267,0.3401867151260376,False
fno,244,2440,0.005188450913349676,0.025246532820165157,0.02738440129905939,0.32098594307899475,False
fno,245,2450,0.005157053795390645,0.024017356149852277,0.02632355783134699,0.30234843492507935,False
fno,246,2460,0.005125650477216691,0.024877692572772503,0.030777889769524336,0.29809683561325073,False
fno,247,2470,0.005094242198577044,0.02700627725571394,0.031078451313078403,0.29553940892219543,False
fno,248,2480,0.005062830199416766,0.024469290487468244,0.0271729975938797,0.27547138929367065,False
fno,249,2490,0.005031415719827798,0.0257594496011734,0.028003407176584005,0.2862413823604584,False
fno,250,2500,0.005000000000000002,0.028210512548685073,0.034389691427350044,0.3509069085121155,False
fno,251,2510,0.004968584280172207,0.030531333386898042,0.03208734793588519,0.31983083486557007,False
fno,252,2520,0.0049371698005832385,0.024610722064971925,0.025909924879670143,0.3222671151161194,False
fno,253,2530,0.004905757801422962,0.023074058815836906,0.024557397700846195,0.3490407466888428,True
fno,254,2540,0.004874349522783314,0.024170659482479095,0.02708126464858651,0.3185921013355255,False
fno,255,2550,0.00484294620460936,0.025217732042074205,0.028918413911014795,0.3079574704170227,False
fno,256,2560,0.004811549086650329,0.02597782351076603,0.027055789716541767,0.27836883068084717,False
fno,257,2570,0.004780159408410678,0.023773002810776232,0.026013349182903767,0.3206656277179718,False
fno,258,2580,0.004748778409101153,0.022807832434773447,0.024887453764677048,0.32991304993629456,False
fno,259,2590,0.0047174073275898796,0.02270425222814083,0.02503663068637252,0.31503209471702576,False
fno,260,2600,0.0046860474023534375,0.022147594206035136,0.02446138486266136,0.31981605291366577,True
fno,261,2610,0.004654699871427976,0.02377617284655571,0.029469069559127092,0.31191620230674744,False
fno,262,2620,0.004623365972360341,0.025027262791991235,0.0263868966139853,0.30890774726867676,False
fno,263,2630,0.004592046942159218,0.025365180894732477,0.028241293504834175,0.29183870553970337,False
fno,264,2640,0.00456074401724629,0.022508553229272366,0.025300022680312395,0.2863841652870178,False
fno,265,2650,0.004529458433407433,0.021114428341388703,0.023706375155597925,0.3280652165412903,True
fno,266,2660,0.004498191425743932,0.025841897539794444,0.024607501924037933,0.3323020339012146,False
fno,267,2670,0.004466944228623706,0.033158795535564424,0.03264765813946724,0.26898854970932007,False
fno,268,2680,0.004435718075632597,0.033720011450350286,0.03032539412379265,0.30588299036026,False
fno,269,2690,0.004404514199525656,0.028761956840753555,0.029543280135840178,0.3154832124710083,False
fno,270,2700,0.004373333832178482,0.028352752327919006,0.028255776036530733,0.29070255160331726,False
fno,271,2710,0.00434217820453859,0.02731196638196707,0.02955371979624033,0.3297296166419983,False
fno,272,2720,0.004311048546576814,0.025442504696547984,0.026691877283155918,0.3164529800415039,False
fno,273,2730,0.004279946087238743,0.025546037964522837,0.026401315815746784,0.31409457325935364,False
fno,274,2740,0.00424887205439622,0.024610848538577555,0.03351575043052435,0.3109417259693146,False
fno,275,2750,0.004217827674798853,0.03120055217295885,0.03325590305030346,0.31597715616226196,False
fno,276,2760,0.004186814174025588,0.03534368257969618,0.030162683688104153,0.32553786039352417,False
fno,277,2770,0.004155832776436337,0.034858531691133975,0.02775122271850705,0.34461313486099243,False
fno,278,2780,0.004124884705123627,0.026780884899199008,0.030750207137316465,0.30829694867134094,False
fno,279,2790,0.00409397118186432,0.026710785180330276,0.02912159636616707,0.3328491449356079,False
fno,280,2800,0.004063093427071383,0.023919261805713177,0.029671795200556517,0.3203582167625427,False
fno,281,2810,0.0040322526597457034,0.024966191314160825,0.027652588207274675,0.3646073341369629,False
fno,282,2820,0.004001450097427968,0.02521735765039921,0.030944237485527992,0.3027762472629547,False
fno,283,2830,0.003970686956150597,0.022983968444168567,0.023429598659276962,0.29981285333633423,True
fno,284,2840,0.00393996445038973,0.02443318869918585,0.027074748650193214,0.35665881633758545,False
fno,285,2850,0.003909283793017292,0.02161229569464922,0.023686848115175962,0.3095305562019348,False
fno,286,2860,0.003878646195253098,0.020598061569035053,0.022178432904183865,0.2951774299144745,True
fno,287,2870,0.0038480528666170505,0.020677779242396353,0.02156885014846921,0.32014554738998413,True
fno,288,2880,0.00381750501488138,0.01886839959770441,0.021234774496406317,0.3160771429538727,True
fno,289,2890,0.003787003846022966,0.01919437078759074,0.021990615874528885,0.3137003183364868,False
fno,290,2900,0.003756550564175729,0.019064270704984666,0.022727305069565773,0.29472053050994873,False
fno,291,2910,0.0037261463715830925,0.021610201336443424,0.024922016076743603,0.3307992219924927,False
fno,292,2920,0.0036957924685505155,0.021887273527681828,0.023284283466637135,0.32410240173339844,False
fno,293,2930,0.003665490053398123,0.022411000542342664,0.024768988601863384,0.30973970890045166,False
fno,294,2940,0.0036352403224133756,0.02501246128231287,0.026951006148010492,0.3294369578361511,False
fno,295,2950,0.0036050444698038555,0.025698485784232616,0.030089963227510452,0.3263789415359497,False
fno,296,2960,0.003574903687650121,0.026088268496096134,0.02928420715034008,0.32814550399780273,False
fno,297,2970,0.003544819165858642,0.02435005810111761,0.02900129882618785,0.3103811740875244,False
fno,298,2980,0.003514792092114826,0.02285557296127081,0.025993578135967255,0.30040812492370605,False
fno,299,2990,0.003484823651836132,0.021092267893254756,0.024724593851715326,0.30508580803871155,False
fno,300,3000,0.003454915028125265,0.020810613967478277,0.024256302509456873,0.3109344244003296,False
fno,301,3010,0.0034250674017234795,0.02268750537186861,0.025602527428418398,0.3128772974014282,False
fno,302,3020,0.003395281950963955,0.02154537346214056,0.021876420825719833,0.3070928454399109,False
fno,303,3030,0.003365559851725289,0.019409440271556378,0.02236812189221382,0.3267178535461426,False
fno,304,3040,0.00333590227738507,0.01893091183155775,0.02191833406686783,0.308226078748703,False
fno,305,3050,0.0033063103987735457,0.01972009353339672,0.022295436821877956,0.32343602180480957,False
fno,306,3060,0.0032767853841274173,0.01933425888419151,0.022631613072007895,0.31879281997680664,False
fno,307,3070,0.0032473283990437085,0.020347461104393005,0.022749450989067554,0.3375111222267151,False
fno,308,3080,0.003217940606433748,0.02056168355047703,0.023947601206600666,0.33217501640319824,False
fno,309,3090,0.0031886231664772736,0.021242090314626694,0.024766602087765932,0.3216371238231659,False
fno,310,3100,0.003159377236576613,0.020664358884096144,0.02382312063127756,0.31986382603645325,False
fno,311,3110,0.003130203971311,0.020073197223246096,0.021874703001230955,0.30595117807388306,False
fno,312,3120,0.0031011045223909963,0.01798533499240875,0.020570787135511637,0.3127362132072449,True
fno,313,3130,0.0030720800386130204,0.018459317181259392,0.025641595013439655,0.3127559721469879,False
fno,314,3140,0.003043131665813989,0.019601219333708286,0.023583979345858097,0.2996457815170288,False
fno,315,3150,0.003014260546826098,0.01837480515241623,0.019721031188964844,0.31580573320388794,True
fno,316,3160,0.0029854678214316886,0.01819800157099962,0.024417887907475233,0.31188493967056274,False
fno,317,3170,0.0029567546263182566,0.018381470814347267,0.020340541377663612,0.32800084352493286,False
fno,318,3180,0.002928122095033582,0.01745799109339714,0.02158481301739812,0.3392353653907776,False
fno,319,3190,0.00289957135794097,0.017320439405739307,0.019484239164739847,0.31627172231674194,True
fno,320,3200,0.002871103542174638,0.017268396355211733,0.020531602203845978,0.32571983337402344,False
fno,321,3210,0.0028427197715952058,0.01778826182708144,0.020855140406638384,0.32017087936401367,False
fno,322,3220,0.0028144211667453373,0.017168122064322233,0.020156821701675653,0.33426904678344727,False
fno,323,3230,0.0027862088448054934,0.01766444034874439,0.023047474212944508,0.31451159715652466,False
fno,324,3240,0.0027580839195498405,0.018381489906460047,0.021374326199293137,0.31495416164398193,False
fno,325,3250,0.0027300475013022664,0.018309582211077213,0.021307574585080147,0.317147821187973,False
fno,326,3260,0.0027021006968925604,0.018609460443258286,0.021644868422299623,0.3058486580848694,False
fno,327,3270,0.002674244609612708,0.019771361723542213,0.02127876039594412,0.3179675340652466,False
fno,328,3280,0.0026464803391733384,0.019908294826745988,0.022253045812249184,0.33379536867141724,False
fno,329,3290,0.0026188089816603045,0.018249703291803598,0.021704220678657293,0.30762600898742676,False
fno,330,3300,0.002591231629491423,0.018238794058561325,0.020791795570403337,0.3302036225795746,False
fno,331,3310,0.002563749371373339,0.017113347724080085,0.01908353576436639,0.32726550102233887,True
fno,332,3320,0.002536363292258542,0.0163799443282187,0.019484977703541517,0.31788909435272217,False
fno,333,3330,0.0025090744733025456,0.01590957958251238,0.018598433583974838,0.31466734409332275,True
fno,334,3340,0.0024818839918211958,0.015928605385124684,0.018522112630307674,0.30921798944473267,True
fno,335,3350,0.002454792921248144,0.015868282597512006,0.018376963213086128,0.31048697233200073,True
fno,336,3360,0.0024278023310924687,0.01636194745078683,0.0188676118850708,0.3175908029079437,False
fno,337,3370,0.0024009132868964534,0.016381087619811295,0.02112707169726491,0.3057856559753418,False
fno,338,3380,0.0023741268501935235,0.016958263516426087,0.0195334916934371,0.3143150210380554,False
fno,339,3390,0.0023474440784663317,0.018023740872740744,0.021593285258859396,0.31211376190185547,False
fno,340,3400,0.0023208660251050196,0.018209990300238132,0.019707441329956055,0.32089871168136597,False
fno,341,3410,0.002294393739365622,0.016459118388593198,0.018619579263031483,0.3048999607563019,False
fno,342,3420,0.0022680282663286562,0.016482725460082292,0.020050800871104002,0.32577162981033325,False
fno,343,3430,0.002241770646857851,0.01612098850309849,0.018473845906555653,0.3360944986343384,False
fno,344,3440,0.002215621917559062,0.016957437619566917,0.021240594796836376,0.3178478479385376,False
fno,345,3450,0.00218958311073935,0.018126229755580425,0.018962989561259747,0.33157628774642944,False
fno,346,3460,0.002163655254366218,0.01694098925217986,0.018488732632249594,0.3014563322067261,False
fno,347,3470,0.002137839372027046,0.016744368895888328,0.02230506855994463,0.32629096508026123,False
fno,348,3480,0.002112136482888664,0.017476142104715108,0.019421454519033432,0.311700701713562,False
fno,349,3490,0.0020865476016571215,0.01697051040828228,0.018709064461290836,0.3180999755859375,False
fno,350,3500,0.0020610737385376356,0.01610305029898882,0.018574445508420467,0.3269745409488678,False
fno,351,3510,0.0020357158991947052,0.016459388472139836,0.018963677808642387,0.31916603446006775,False
fno,352,3520,0.0020104750847124066,0.016786014940589667,0.018992378376424313,0.3177041709423065,False
fno,353,3530,0.001985352291554877,0.015876866318285464,0.019100832752883434,0.3176787197589874,False
fno,354,3540,0.0019603485115269746,0.016361195780336856,0.01882756408303976,0.3048267364501953,False
fno,355,3550,0.0019354647317351207,0.016043439134955408,0.01817819243296981,0.3188176155090332,True
fno,356,3560,0.001910701934548331,0.015407078806310892,0.018558135721832514,0.3140473961830139,False
fno,357,3570,0.0018860610975594382,0.015674604289233684,0.01773131196387112,0.3070877194404602,True
fno,358,3580,0.0018615431935465,0.01645895140245557,0.018942312337458134,0.31631818413734436,False
fno,359,3590,0.0018371491904343791,0.015977139119058847,0.018147284630686045,0.32241085171699524,False
fno,360,3600,0.001812880051256553,0.015370288118720054,0.01791007025167346,0.32806897163391113,False
fno,361,3610,0.001788736734117081,0.015343769360333681,0.018081060610711575,0.3201447129249573,False
fno,362,3620,0.001764720192152781,0.01593515109270811,0.017703617922961712,0.31193602085113525,True
fno,363,3630,0.0017408313734956066,0.016291799303144217,0.0184777588583529,0.3154032826423645,False
fno,364,3640,0.0017170712212352197,0.01586389960721135,0.018068394623696804,0.31845948100090027,False
fno,365,3650,0.0016934406733817421,0.015126520488411187,0.01749032037332654,0.3056747317314148,True
fno,366,3660,0.001669940662828743,0.01455772053450346,0.017502385191619396,0.3165895938873291,False
fno,367,3670,0.0016465721173164007,0.014473737217485905,0.017168856225907803,0.3169304132461548,True
fno,368,3680,0.0016233359593948787,0.01460000779479742,0.017154109897091985,0.31936007738113403,True
fno,369,3690,0.0016002331063879039,0.01477230591699481,0.01757651101797819,0.30897510051727295,False
fno,370,3700,0.0015772644703565568,0.014563712663948536,0.01695480733178556,0.3151269853115082,True
fno,371,3710,0.0015544309580632597,0.014352320414036512,0.017470245016738772,0.3347412645816803,False
fno,372,3720,0.001531733470935978,0.014701117668300867,0.01697415322996676,0.31007134914398193,False
fno,373,3730,0.0015091729050326391,0.014383955020457506,0.016991905868053436,0.31673920154571533,False
fno,374,3740,0.001486750151005756,0.014515028428286314,0.017289909534156322,0.3201237916946411,False
fno,375,3750,0.0014644660940672642,0.014566769357770681,0.017668215790763497,0.3152826428413391,False
fno,376,3760,0.0014423216139535745,0.014942985866218806,0.017319324193522334,0.31959906220436096,False
fno,377,3770,0.0014203175848908451,0.015224908106029033,0.01721580675803125,0.3214651346206665,False
fno,378,3780,0.001398454875560468,0.014494827203452586,0.0167724397033453,0.31344491243362427,True
fno,379,3790,0.0013767343490647674,0.014145364426076413,0.016872412525117397,0.32513517141342163,False
fno,380,3800,0.0013551568628929426,0.014567048847675323,0.017657273914664984,0.30057430267333984,False
fno,381,3810,0.001333723268887202,0.014840712863951921,0.01688078115694225,0.30931076407432556,False
fno,382,3820,0.001312434413209132,0.01444056648761034,0.01672764797694981,0.31837064027786255,True
fno,383,3830,0.0012912911363063052,0.014310190081596374,0.016874037217348814,0.3209759593009949,False
fno,384,3840,0.0012702942728790908,0.014450832922011613,0.01684164651669562,0.30620861053466797,False
fno,385,3850,0.0012494446518477038,0.014288330730050803,0.01690290798433125,0.29617902636528015,False
fno,386,3860,0.0012287430963194815,0.014287448301911355,0.016916739055886865,0.3052002191543579,False
fno,387,3870,0.0012081904235563914,0.01498178942129016,0.01704765181057155,0.32180190086364746,False
fno,388,3880,0.0011877874449427632,0.015234464127570391,0.01726028765551746,0.31459659337997437,False
fno,389,3890,0.001167534965953253,0.014435084909200669,0.016672426369041204,0.32254451513290405,True
fno,390,3900,0.0011474337861210548,0.014109635818749666,0.01655046339146793,0.3153618574142456,True
fno,391,3910,0.0011274846990063326,0.014038156904280185,0.016577921342104673,0.3066658079624176,False
fno,392,3920,0.0011076884921648845,0.014253892004489899,0.016517404466867447,0.3033806383609772,True
fno,393,3930,0.001088045947117061,0.014466620609164238,0.016586370300501585,0.30905845761299133,False
fno,394,3940,0.001068557839316908,0.014580050390213728,0.017946211621165276,0.31208765506744385,False
fno,395,3950,0.001049224938121549,0.014423830341547728,0.01650028140284121,0.3187474012374878,True
fno,396,3960,0.001030048006760824,0.013979433942586184,0.01656930986791849,0.31822139024734497,False
fno,397,3970,0.0010110278023071466,0.014128270745277404,0.016861863434314728,0.3189275860786438,False
fno,398,3980,0.0009921650756456188,0.014268682803958654,0.016619239700958133,0.30989766120910645,False
fno,399,3990,0.0009734605714443913,0.014565948769450188,0.01730593666434288,0.3166429102420807,False
fno,400,4000,0.0009549150281252638,0.014414540491998196,0.016607893398031592,0.312142014503479,False
fno,401,4010,0.0009365291778345308,0.014601498004049062,0.016345603624358773,0.31256935000419617,True
fno,402,4020,0.000918303746414081,0.013869315199553967,0.01635610475204885,0.3173536956310272,False
fno,403,4030,0.0009002394533727389,0.013907556980848312,0.01678573852404952,0.3193264603614807,False
fno,404,4040,0.0008823370118578647,0.014293151069432497,0.016724399756640196,0.32250091433525085,False
fno,405,4050,0.0008645971286271928,0.014345915336161853,0.016303257551044226,0.3218241333961487,True
fno,406,4060,0.0008470205040209369,0.014339871425181627,0.016302590956911445,0.31081733107566833,True
fno,407,4070,0.0008296078319341452,0.014105062745511533,0.01626523840241134,0.31458744406700134,True
fno,408,4080,0.0008123597997892925,0.013965932838618755,0.017091643530875444,0.29926109313964844,False
fno,409,4090,0.0007952770885091557,0.014195386040955781,0.0171519722789526,0.30348899960517883,False
fno,410,4100,0.0007783603724899255,0.014282502047717572,0.016670552315190434,0.3122623562812805,False
fno,411,4110,0.0007616103195745857,0.01426831129938364,0.01655263965949416,0.3153749704360962,False
fno,412,4120,0.000745027591026541,0.0139244151301682,0.016261341515928507,0.31184959411621094,True
fno,413,4130,0.0007286128415035242,0.01377863297238946,0.016588479978963733,0.31302738189697266,False
fno,414,4140,0.0007123667190317399,0.013875130470842123,0.01606790185905993,0.3138602674007416,True
fno,415,4150,0.0006962898649802828,0.01396215483546257,0.016247734893113375,0.3205224275588989,False
fno,416,4160,0.000680382914035824,0.013896078150719405,0.016569378785789013,0.3198135197162628,False
fno,417,4170,0.0006646464941775502,0.013767026085406541,0.016226213425397873,0.3189643621444702,False
fno,418,4180,0.0006490812266523719,0.013678402546793223,0.016049530124291778,0.3071146309375763,True
fno,419,4190,0.0006336877259503995,0.01380949718877673,0.01617994625121355,0.32132822275161743,False
fno,420,4200,0.0006184665997806823,0.013679898902773857,0.01603439124301076,0.31688663363456726,True
fno,421,4210,0.0006034184490472196,0.013650863710790873,0.015908684115856886,0.3082982897758484,True
fno,422,4220,0.0005885438678252344,0.013527506310492755,0.01589206838980317,0.31950992345809937,True
fno,423,4230,0.0005738434433377234,0.013647461589425803,0.016509325243532658,0.31734025478363037,False
fno,424,4240,0.0005593177559322778,0.013895033113658427,0.015982623444870114,0.3092094957828522,False
fno,425,4250,0.0005449673790581612,0.013620960153639316,0.015909580513834953,0.3143167197704315,False
fno,426,4260,0.0005307928792436813,0.013525907509028911,0.015928433276712894,0.31434088945388794,False
fno,427,4270,0.0005167948160738219,0.013470534607768059,0.0157311272341758,0.31706562638282776,True
fno,428,4280,0.000502973742168145,0.013437354657799005,0.01578846713528037,0.31233203411102295,False
fno,429,4290,0.0004893302031589861,0.013409295957535506,0.01575846318155527,0.31825146079063416,False
fno,430,4300,0.00047586473766990356,0.013478710502386092,0.015717953676357865,0.3111804127693176,True
fno,431,4310,0.00046257787729441597,0.013417608477175236,0.01575562567450106,0.3105212450027466,False
fno,432,4320,0.000449470146575022,0.013585237693041563,0.015840268228203058,0.30570757389068604,False
fno,433,4330,0.0004365420629824866,0.013528536166995763,0.015683881705626845,0.31268778443336487,True
fno,434,4340,0.0004237941368954128,0.013567118346691132,0.016090678982436657,0.310414582490921,False
fno,435,4350,0.0004112268715800948,0.013757932092994451,0.01627859310247004,0.31022271513938904,False
fno,436,4360,0.0003988407631706486,0.01371390363201499,0.015752479434013367,0.31063663959503174,False
fno,437,4370,0.00038663630064942716,0.013405175879597664,0.015714884269982576,0.3122403025627136,False
fno,438,4380,0.0003746139658277108,0.013305701781064272,0.01563370111398399,0.31424930691719055,True
fno,439,4390,0.00036277423332669353,0.013287232909351587,0.01569998008199036,0.3125773072242737,False
fno,440,4400,0.0003511175705587437,0.01329054506495595,0.015609518392011523,0.3080306053161621,True
fno,441,4410,0.0003396444377089457,0.013228434417396785,0.015658512711524963,0.31161630153656006,False
fno,442,4420,0.00032835528771694023,0.013268170971423387,0.015596094075590372,0.3113706707954407,True
fno,443,4430,0.00031725056625903883,0.013235390651971102,0.015598367201164365,0.3114161193370819,False
fno,444,4440,0.00030633071173062984,0.01323512764647603,0.015603074803948402,0.3131362795829773,False
fno,445,4450,0.0002955961552288729,0.013213957753032446,0.015672154026106,0.31153520941734314,False
fno,446,4460,0.00028504732053567756,0.013170340470969677,0.015618376433849335,0.31392598152160645,False
fno,447,4470,0.00027468462410097666,0.013182029873132706,0.015548020834103227,0.310674250125885,True
fno,448,4480,0.00026450847502627894,0.013184439856559038,0.015532626770436764,0.310188353061676,True
fno,449,4490,0.00025451927504852755,0.013164171762764455,0.015546851325780153,0.31266093254089355,False
fno,450,4500,0.00024471741852423234,0.013177571352571249,0.015514410566538572,0.3140859603881836,True
fno,451,4510,0.00023510329241390628,0.01316693341359496,0.015596667071804404,0.31133025884628296,False
fno,452,4520,0.00022567727626678527,0.013213682360947132,0.015546777984127402,0.31137514114379883,False
fno,453,4530,0.0002164397422058473,0.01322037186473608,0.015590885421261191,0.313629150390625,False
fno,454,4540,0.00020739105491312086,0.013179829996079206,0.015515578910708427,0.31620246171951294,False
fno,455,4550,0.00019853157161528467,0.013172993157058954,0.015584029024466872,0.3125397861003876,False
fno,456,4560,0.00018986164206957035,0.013201403710991145,0.015470167389139533,0.3120402693748474,True
fno,457,4570,0.00018138160854995147,0.013180158473551274,0.015565305249765515,0.3113473057746887,False
fno,458,4580,0.0001730918058336306,0.013134770374745131,0.015508132986724377,0.31333795189857483,False
fno,459,4590,0.00016499256118782506,0.013111050613224507,0.015528303105384111,0.3095737099647522,False
fno,460,4600,0.00015708419435684522,0.013116890471428633,0.01549767516553402,0.31383848190307617,False
fno,461,4610,0.00014936701754947104,0.013111408799886703,0.01549708959646523,0.3127346336841583,False
fno,462,4620,0.00014184133542663018,0.013125824742019176,0.015482164453715086,0.3113706111907959,False
fno,463,4630,0.00013450744508936745,0.013105793949216604,0.015447738114744425,0.3129352629184723,True
fno,464,4640,0.00012736563606711442,0.013090216554701328,0.015460291411727667,0.31229037046432495,False
fno,465,4650,0.00012041619030626347,0.013071435317397118,0.015458542155101895,0.31121569871902466,False
fno,466,4660,0.00011365938215903267,0.013087517768144607,0.015466599492356181,0.31407082080841064,False
fno,467,4670,0.00010709547837263974,0.013064236380159855,0.015472871484234929,0.31200847029685974,False
fno,468,4680,0.00010072473807876577,0.013067443668842316,0.015425875084474683,0.31136244535446167,True
fno,469,4690,9.454741278332961e-05,0.013059155270457267,0.01543159200809896,0.31085526943206787,False
fno,470,4700,8.856374635655696e-05,0.013066782150417566,0.015433267457410693,0.31050020456314087,False
fno,471,4710,8.277397502335195e-05,0.013075776491314172,0.015433077933266759,0.3122614622116089,False
fno,472,4720,7.71783273539728e-05,0.013073741365224123,0.015429350780323148,0.3113834261894226,False
fno,473,4730,7.177702425500979e-05,0.01306564724072814,0.015432092361152172,0.31154295802116394,False
fno,474,4740,6.657027896065984e-05,0.013052881136536599,0.015447138110175729,0.31100940704345703,False
fno,475,4750,6.155829702431172e-05,0.01303646843880415,0.015425185207277536,0.31262046098709106,True
fno,476,4760,5.674127631043026e-05,0.013047233875840902,0.015398435527458787,0.31090348958969116,True
fno,477,4770,5.2119406986745364e-05,0.013031301461160183,0.015391305088996887,0.31229522824287415,True
fno,478,4780,4.769287151674409e-05,0.01303299693390727,0.015418930910527706,0.31191104650497437,False
fno,479,4790,4.3461844652467065e-05,0.013026020396500826,0.01540076406672597,0.31164926290512085,False
fno,480,4800,3.94264934276112e-05,0.013028714433312416,0.015405862592160702,0.3120470643043518,False
fno,481,4810,3.558697715093208e-05,0.013025149982422591,0.015396831324324012,0.31171494722366333,False
fno,482,4820,3.194344739995803e-05,0.01302438322454691,0.01540192705579102,0.3122099041938782,False
fno,483,4830,2.8496048015005393e-05,0.013016600254923105,0.015415886649861932,0.31208711862564087,False
fno,484,4840,2.5244915093499146e-05,0.013020008523017167,0.01539874030277133,0.31160157918930054,False
fno,485,4850,2.2190176984600033e-05,0.013018993102014065,0.01540206908248365,0.31134966015815735,False
fno,486,4860,1.933195428413804e-05,0.013018046971410513,0.015396932139992714,0.31178122758865356,False
fno,487,4870,1.6670359829850667e-05,0.013019917346537114,0.015400002943351865,0.31162029504776,False
fno,488,4880,1.4205498696930341e-05,0.013017902243882417,0.015394743299111724,0.31220367550849915,False
fno,489,4890,1.1937468193873878e-05,0.013014471996575594,0.015400309581309557,0.31193727254867554,False
fno,490,4900,9.866357858642211e-06,0.013013025093823672,0.015395858557894826,0.3116685152053833,False
fno,491,4910,7.992249455124892e-06,0.01301229540258646,0.015394636895507574,0.3117574155330658,False
fno,492,4920,6.315216969912667e-06,0.013008696399629116,0.015396105358377099,0.3117523193359375,False
fno,493,4930,4.835326609376471e-06,0.013008704781532288,0.015395058318972588,0.31172969937324524,False
fno,494,4940,3.5526367970539785e-06,0.013009126577526332,0.015392536763101816,0.311780720949173,False
fno,495,4950,2.4671981713420015e-06,0.013007664773613214,0.015392637578770518,0.3117675185203552,False
fno,496,4960,1.5790535835003023e-06,0.013007624261081218,0.015392802190035582,0.3116922080516815,False
fno,497,4970,8.882380959551747e-07,0.013007427006959916,0.015393573557958007,0.3116886019706726,False
fno,498,4980,3.9477898091944166e-07,0.013006961066275835,0.015393616165965796,0.3116828203201294,False
fno,499,4990,9.869571931442342e-08,0.013006869237869978,0.015393582871183753,0.3116832971572876,False
fno,500,5000,0.0,0.013006788864731788,0.015393511625006795,0.3116832971572876,False
