method,update,learning_rate,last_minibatch_loss,new_best,completion,rollout_nrmse_completed,minimum_depth,maximum_entropy_balance,maximum_interface_residual
HCFL-s4,0,0.0005,,True,1.0,0.3911846345383947,0.7968255877494812,-0.016206040941028732,1.5158455517015615e-15
HCFL-s4,500,0.0005,0.0022472443524748087,True,1.0,0.20951154688018725,0.5493115186691284,-0.010562385377511418,5.430899171375883e-15
HCFL-s4,1000,0.0005,0.0015930973459035158,True,1.0,0.19652050095765677,0.5279904007911682,-0.005676525675880839,4.976899292231141e-15
HCFL-s4,1500,0.0005,0.0025008448865264654,True,1.0,0.19231364580065552,0.5181337594985962,-0.00266453583560633,2.0915840483959847e-15
HCFL-s4,2000,0.0005,0.0025262576527893543,True,1.0,0.18953333077915846,0.5117777585983276,-0.0014508693770949321,5.631688589602866e-15
HCFL-s4,2500,0.0005,0.0022440380416810513,False,1.0,0.19124163164034777,0.5095656514167786,-0.0005826152288364028,1.9059507627477903e-15
HCFL-s4,3000,0.0005,0.0021448000334203243,False,1.0,0.19326735053656854,0.515606164932251,1.2399050319800153e-07,5.3064694821763e-15
HCFL-s4,3500,0.0001,0.002447922248393297,False,1.0,0.1934136986489585,0.5136739015579224,-1.4892184481141157e-06,5.4209114154655586e-15
HCFL-s4,4000,0.0001,0.001822560909204185,False,1.0,0.1928481600240126,0.5119979977607727,-9.263820220439811e-05,5.287964889390672e-15
HCFL-s4,4500,2e-05,0.002002368215471506,False,1.0,0.19282027341163724,0.5127404928207397,-7.943845048430376e-08,5.639375876820342e-15
HCFL-s4,5000,2e-05,0.0017910581082105637,False,1.0,0.1928245021624794,0.5135942697525024,-0.00022866306608193554,1.7737090673466927e-15
