split,case_index,radius,inner_height,method,completed,minimum_depth,rollout_nrmse,final_nrmse,maximum_conservation_residual,maximum_entropy_balance,entropy_violation_rate,height_tv_excess,height_range_overshoot
test_id,0,0.5094136595726013,2.0,HLL-32,True,0.8121690154075623,0.3813229624297686,0.49652586331197757,9.253469677007364e-06,-0.12498172825075926,0.0,0.0,0.0
test_id,1,0.3909841477870941,2.0,HLL-32,True,0.8545771837234497,0.34798979551957476,0.44353895119559344,3.2233629827128914e-06,-0.061764285443814515,0.0,0.0,0.0
test_id,2,0.5501158833503723,2.0,HLL-32,True,0.8045817613601685,0.3923623163489206,0.5004304863113237,1.2300944877605456e-05,-0.14482681375500306,0.0,0.0,0.0
test_id,3,0.655844509601593,2.0,HLL-32,True,0.798645555973053,0.4200862563383948,0.49524161965673247,2.7477577916734014e-05,-0.21080911438275507,0.0,0.0,0.0
test_id,4,0.48836398124694824,2.0,HLL-32,True,0.8184371590614319,0.37059163676942264,0.48215976371083263,7.300918455993204e-06,-0.11072546695208985,0.0,0.0,0.0
test_id,5,0.438345342874527,2.0,HLL-32,True,0.8383563756942749,0.36346444001062633,0.466403060440228,4.850387130808281e-06,-0.08294069636599488,0.0,0.0,0.0
test_id,6,0.47086942195892334,2.0,HLL-32,True,0.823396623134613,0.36901072378364713,0.47730674180458743,6.612300928779585e-06,-0.10345803880488802,0.0,0.0,0.0
test_id,7,0.4831807315349579,2.0,HLL-32,True,0.8184371590614319,0.37059163676942264,0.48215976371083263,7.300918455993204e-06,-0.11072546695208985,0.0,0.0,0.0
test_id,8,0.31940487027168274,2.0,HLL-32,True,0.8813219666481018,0.31361088978841445,0.3882138313805117,1.5030967849840653e-06,-0.03369481745664871,0.0,0.0,0.0
test_id,9,0.4403655230998993,2.0,HLL-32,True,0.8383563756942749,0.36346444001062633,0.466403060440228,4.850387130808281e-06,-0.08294069636599488,0.0,0.0,0.0
test_id,10,0.6319396495819092,2.0,HLL-32,True,0.7955770492553711,0.41135993437448193,0.49113575897133965,2.3167194529732678e-05,-0.19771463021811542,0.0,0.0,0.0
test_id,11,0.4150453209877014,2.0,HLL-32,True,0.8451148271560669,0.35755799671339566,0.4589343884083433,4.082286941622463e-06,-0.07388867905910956,0.0,0.0,0.0
test_id,12,0.31708431243896484,2.0,HLL-32,True,0.8813313841819763,0.3136288521582836,0.3882518405902613,1.5098357308859619e-06,-0.03370752168052604,0.0,0.0,0.0
test_id,13,0.6458297371864319,2.0,HLL-32,True,0.7967599034309387,0.41559511153889767,0.49275246857408017,2.6119647846304616e-05,-0.2080537863629388,0.0,0.0,0.0
test_id,14,0.4160558581352234,2.0,HLL-32,True,0.8451148271560669,0.35755799671339566,0.4589343884083433,4.082286941622463e-06,-0.07388867905910956,0.0,0.0,0.0
test_id,15,0.498908132314682,2.0,HLL-32,True,0.8146785497665405,0.37935070503022933,0.49348798926481896,8.670291498815916e-06,-0.12051985399091336,0.0,0.0,0.0
test_id,16,0.6717325448989868,2.0,HLL-32,True,0.8020144701004028,0.42688803929631464,0.49830775633023483,3.112915535025919e-05,-0.221039746653787,0.0,0.0,0.0
test_id,17,0.548747181892395,2.0,HLL-32,True,0.8046039938926697,0.39238979104174593,0.5004937932931619,1.2275881757171405e-05,-0.1448763289422459,0.0,0.0,0.0
test_id,18,0.5671181678771973,2.0,HLL-32,True,0.80219966173172,0.3975856547199353,0.4978437817941235,1.4092924295887432e-05,-0.1548769252111697,0.0,0.0,0.0
test_id,19,0.3585422933101654,2.0,HLL-32,True,0.8687121272087097,0.33147148026262524,0.4148297993568735,2.1736492615096984e-06,-0.045794869300380014,0.0,0.0,0.0
test_id,0,0.5094136595726013,2.0,HCFL-s6,True,0.5629797577857971,0.18264311474246445,0.23772795609514316,1.1718586829967566e-06,-0.029225057506664598,0.0,0.0,0.014355778694152832
test_id,1,0.3909841477870941,2.0,HCFL-s6,True,0.6138999462127686,0.174764167534825,0.2192887837636217,1.0033446444002882e-06,-0.014110270909668543,0.0,0.0,0.0013176202774047852
test_id,2,0.5501158833503723,2.0,HCFL-s6,True,0.55210280418396,0.18768921864389862,0.2390419382788474,7.74112008204946e-07,-0.03598768800907237,0.0,0.0,0.021065354347229004
test_id,3,0.655844509601593,2.0,HCFL-s6,True,0.5139680504798889,0.20190222053424164,0.23863135326463514,6.861029874736339e-06,-0.05566582811820808,0.0,0.0,0.019347667694091797
test_id,4,0.48836398124694824,2.0,HCFL-s6,True,0.5797687768936157,0.1758951323470842,0.22058761442386704,2.1618193244141047e-06,-0.025692538396015152,0.0,0.0,0.022813141345977783
test_id,5,0.438345342874527,2.0,HCFL-s6,True,0.6029225587844849,0.17556343535080865,0.21529470772392015,1.2982536762966098e-06,-0.01943339578974701,0.0,0.0,0.007490396499633789
test_id,6,0.47086942195892334,2.0,HCFL-s6,True,0.5870827436447144,0.17363885313645183,0.2137292585203532,1.1523424086222152e-06,-0.023521713971717872,0.0,0.0,0.008570671081542969
test_id,7,0.4831807315349579,2.0,HCFL-s6,True,0.5792340636253357,0.17541850317287547,0.21973184958894967,8.820293751576188e-07,-0.02472125851409146,0.0,0.0,0.02299356460571289
test_id,8,0.31940487027168274,2.0,HCFL-s6,True,0.6523131728172302,0.161802102693153,0.21043099721582925,6.170328836797134e-07,-0.007631535877067108,0.0,0.0,0.0
test_id,9,0.4403655230998993,2.0,HCFL-s6,True,0.6029225587844849,0.17556343535080865,0.21529470772392015,1.2982536762966098e-06,-0.01943339578974701,0.0,0.0,0.007490396499633789
test_id,10,0.6319396495819092,2.0,HCFL-s6,True,0.5200449824333191,0.19582442211813866,0.230092490879314,4.0297877152989895e-06,-0.048764472688731075,0.0,0.0,0.01427304744720459
test_id,11,0.4150453209877014,2.0,HCFL-s6,True,0.6070863008499146,0.17664559571852595,0.21994931258932787,1.1787159375549137e-06,-0.017694601158268597,0.0,0.0,0.006357789039611816
test_id,12,0.31708431243896484,2.0,HCFL-s6,True,0.6526818871498108,0.16203935892446772,0.21037249027455646,1.0888266207604269e-06,-0.00755133659799867,0.0,0.0,0.0
test_id,13,0.6458297371864319,2.0,HCFL-s6,True,0.5136649012565613,0.19776633345434244,0.23396677971295105,5.139931953538199e-06,-0.05452610581153294,0.0,0.0,0.015472769737243652
test_id,14,0.4160558581352234,2.0,HCFL-s6,True,0.6070863008499146,0.17664559571852595,0.21994931258932787,1.1787159375549137e-06,-0.017694601158268597,0.0,0.0,0.006357789039611816
test_id,15,0.498908132314682,2.0,HCFL-s6,True,0.5687247514724731,0.18194890372798908,0.23445210905345962,1.6091918660871365e-06,-0.027857066833576027,0.0,0.0,0.010092973709106445
test_id,16,0.6717325448989868,2.0,HCFL-s6,True,0.5148006081581116,0.2073425845010477,0.24199661864190608,6.466166567486253e-06,-0.061445197724651734,0.0,0.0,0.01845407485961914
test_id,17,0.548747181892395,2.0,HCFL-s6,True,0.5521019697189331,0.1876897597606848,0.2390396917303011,1.1366910761217342e-06,-0.03596232678751221,0.0,0.0,0.021063923835754395
test_id,18,0.5671181678771973,2.0,HCFL-s6,True,0.5505551695823669,0.19120361157028765,0.2339174003395125,8.324436524053766e-07,-0.03809209984797235,0.0,0.0,0.016416549682617188
test_id,19,0.3585422933101654,2.0,HCFL-s6,True,0.6364995837211609,0.16953934077912083,0.21415519226411417,1.2681362630148054e-06,-0.010170880356099588,0.0,0.0,0.0
test_id,0,0.5094136595726013,2.0,FNO,True,0.371450811624527,0.020567692322288104,0.04390290344217423,0.08885387358895969,0.4632390469720349,0.4166666666666667,0.014557000496179223,0.0050934553146362305
test_id,1,0.3909841477870941,2.0,FNO,True,0.47762811183929443,0.019502271608638964,0.03455958480118881,0.12126952997641638,0.6574071024321029,0.4166666666666667,0.0102156579388663,0.009718775749206543
test_id,2,0.5501158833503723,2.0,FNO,True,0.3710382878780365,0.02221390122846159,0.029798590071013153,0.09376935767068062,0.6570604991327684,0.4166666666666667,0.012127961944222115,0.0051021575927734375
test_id,3,0.655844509601593,2.0,FNO,True,0.314328670501709,0.029399838116151725,0.037435654130217724,0.134662324184319,0.6462584897029728,0.2916666666666667,0.011564653013651333,0.00676417350769043
test_id,4,0.48836398124694824,2.0,FNO,True,0.39250701665878296,0.03018554514877163,0.04341419033770307,0.10040499723072571,0.5126748181676248,0.375,0.022145550717797672,0.011761009693145752
test_id,5,0.438345342874527,2.0,FNO,True,0.44075772166252136,0.022230223457276023,0.03447937708646795,0.09356409106658248,0.4929911407870122,0.375,0.008679213893713645,0.003496885299682617
test_id,6,0.47086942195892334,2.0,FNO,True,0.41254574060440063,0.024127373417080853,0.035445240998255766,0.08932798458408797,0.5334113701060232,0.375,0.015525415765660805,0.009257078170776367
test_id,7,0.4831807315349579,2.0,FNO,True,0.39250701665878296,0.03018554514877163,0.04341419033770307,0.10040499723072571,0.5126748181676248,0.375,0.022145550717797672,0.011761009693145752
test_id,8,0.31940487027168274,2.0,FNO,True,0.5325031876564026,0.020138051491172544,0.026653455692489218,0.15907932416303083,0.4324626448234312,0.4166666666666667,0.018280404306049422,0.0127943754196167
test_id,9,0.4403655230998993,2.0,FNO,True,0.44075772166252136,0.022230223457276023,0.03447937708646795,0.09356409106658248,0.4929911407870122,0.375,0.008679213893713645,0.003496885299682617
test_id,10,0.6319396495819092,2.0,FNO,True,0.32211118936538696,0.026600429741052985,0.04230085979971718,0.12108325777808204,0.4133469146765947,0.3333333333333333,0.011645022342229033,0.004303336143493652
test_id,11,0.4150453209877014,2.0,FNO,True,0.4558321535587311,0.023173454213482117,0.04096668153490349,0.1015035858436022,0.4572500437305962,0.3333333333333333,0.00798372537262573,0.005849599838256836
test_id,12,0.31708431243896484,2.0,FNO,True,0.5325031876564026,0.02013776930242192,0.0266494801120493,0.15907839656574652,0.43248315370465207,0.4166666666666667,0.018301038385888015,0.0127943754196167
test_id,13,0.6458297371864319,2.0,FNO,True,0.3145897388458252,0.02599559503256295,0.036402340046403005,0.12716432387242094,0.6051786110004969,0.375,0.01157336275696057,0.008384943008422852
test_id,14,0.4160558581352234,2.0,FNO,True,0.4558321535587311,0.02317328050386445,0.04096410557899764,0.10144261273671873,0.45741261777459385,0.3333333333333333,0.007988025845431996,0.005849599838256836
test_id,15,0.498908132314682,2.0,FNO,True,0.37571707367897034,0.02248045847530837,0.04483787600521945,0.08950032389111584,0.46665572646725195,0.4166666666666667,0.012646159981737615,0.004260659217834473
test_id,16,0.6717325448989868,2.0,FNO,True,0.31358763575553894,0.02918065774722231,0.0346997468082798,0.13359230002970435,0.8730942328013498,0.3333333333333333,0.015046446580759609,0.013652980327606201
test_id,17,0.548747181892395,2.0,FNO,True,0.3710382878780365,0.022215107512590093,0.029799822671934796,0.09376935767068062,0.6570604991327684,0.4166666666666667,0.012142342458153476,0.005107402801513672
test_id,18,0.5671181678771973,2.0,FNO,True,0.36954444646835327,0.02013203439304582,0.023404568951225495,0.10962442887830548,0.7379975268067938,0.4166666666666667,0.014864545731682076,0.0031211376190185547
test_id,19,0.3585422933101654,2.0,FNO,True,0.5058296918869019,0.017502996642786997,0.022872016157144858,0.12691934022586793,0.519272576081903,0.5,0.022095527869772005,0.01834172010421753
test_id,0,0.5094136595726013,2.0,clawFNO,False,-0.6438499093055725,,,1.1869356954757677,,,,
test_id,1,0.3909841477870941,2.0,clawFNO,False,-0.5230240821838379,,,1.1101916355682988,,,,
test_id,2,0.5501158833503723,2.0,clawFNO,False,-0.6915382146835327,,,1.0653342947607598,,,,
test_id,3,0.655844509601593,2.0,clawFNO,False,-0.8322839736938477,,,1.9505521800783754,,,,
test_id,4,0.48836398124694824,2.0,clawFNO,False,-0.6216270923614502,,,0.9999713396252774,,,,
test_id,5,0.438345342874527,2.0,clawFNO,False,-0.5667564868927002,,,0.9999697264988313,,,,
test_id,6,0.47086942195892334,2.0,clawFNO,False,-0.6101049780845642,,,1.158854746248835,,,,
test_id,7,0.4831807315349579,2.0,clawFNO,False,-0.6216270923614502,,,0.9999713396252774,,,,
test_id,8,0.31940487027168274,2.0,clawFNO,False,-0.4456574320793152,,,1.0000021516367277,,,,
test_id,9,0.4403655230998993,2.0,clawFNO,False,-0.5667564868927002,,,0.9999697264988313,,,,
test_id,10,0.6319396495819092,2.0,clawFNO,False,-0.8018444776535034,,,1.502085075316245,,,,
test_id,11,0.4150453209877014,2.0,clawFNO,False,-0.5481510162353516,,,0.999978223839039,,,,
test_id,12,0.31708431243896484,2.0,clawFNO,False,-0.44565916061401367,,,1.0000021822008576,,,,
test_id,13,0.6458297371864319,2.0,clawFNO,False,-0.8238296508789062,,,1.758712680334611,,,,
test_id,14,0.4160558581352234,2.0,clawFNO,False,-0.5481528043746948,,,0.9999782660784065,,,,
test_id,15,0.498908132314682,2.0,clawFNO,False,-0.6366974115371704,,,1.2814633953275916,,,,
test_id,16,0.6717325448989868,2.0,clawFNO,False,-0.8532730340957642,,,2.2067061131056107,,,,
test_id,17,0.548747181892395,2.0,clawFNO,False,-0.6915382146835327,,,1.0653342947607598,,,,
test_id,18,0.5671181678771973,2.0,clawFNO,False,-0.7166062593460083,,,1.2647060264143875,,,,
test_id,19,0.3585422933101654,2.0,clawFNO,False,-0.48692989349365234,,,1.2991553198262409,,,,
test_radius_ood,0,0.16327358782291412,2.0,HLL-32,True,0.9548158645629883,0.19073616527929305,0.21255851785096552,6.069084245240995e-07,-0.0029799519193147717,0.0,0.0,0.0
test_radius_ood,1,0.22439144551753998,2.0,HLL-32,True,0.9233584403991699,0.2659369264312948,0.31159140596062485,7.103298783430103e-07,-0.011665500931030692,0.0,0.0,0.0
test_radius_ood,2,0.8475496172904968,2.0,HLL-32,True,0.8721141815185547,0.48505384041425187,0.5706403560767936,9.752112429158698e-05,-0.32134698811034923,0.0,0.0,0.0
test_radius_ood,3,0.21770623326301575,2.0,HLL-32,True,0.9308829307556152,0.25056617795765385,0.28959890505503844,5.973638812172544e-07,-0.008926118505542036,0.0,0.0,0.0
test_radius_ood,4,0.7594379782676697,2.0,HLL-32,True,0.8266013860702515,0.45578152326281857,0.5169316611437906,5.436388389483358e-05,-0.27167810769026346,0.0,0.0,0.0
test_radius_ood,5,0.18491557240486145,2.0,HLL-32,True,0.9447292685508728,0.21531270946327238,0.24369739372234048,4.481748423943261e-07,-0.004869915499625677,0.0,0.0,0.0
test_radius_ood,6,0.22760523855686188,2.0,HLL-32,True,0.9233584403991699,0.2659369264312948,0.31159140596062485,7.103298783430103e-07,-0.011665500931030692,0.0,0.0,0.0
test_radius_ood,7,0.23773683607578278,2.0,HLL-32,True,0.91947340965271,0.27247311427748344,0.32120465159845757,7.258701077141318e-07,-0.01316528416498386,0.0,0.0,0.0
test_radius_ood,8,0.172319695353508,2.0,HLL-32,True,0.9477707743644714,0.2009921778260908,0.22727395299045303,2.3357532354857978e-07,-0.003967451698940749,0.0,0.0,0.0
test_radius_ood,9,0.8369753360748291,2.0,HLL-32,True,0.8633573651313782,0.47904958893178673,0.5631540551591546,8.950260308656632e-05,-0.3151971217954497,0.0,0.0,0.0
test_radius_ood,10,0.8388756513595581,2.0,HLL-32,True,0.8633584380149841,0.4790521537703971,0.563155699752155,8.950552420178584e-05,-0.3152005306585579,0.0,0.0,0.0
test_radius_ood,11,0.750983476638794,2.0,HLL-32,True,0.8255562782287598,0.45547108275265136,0.5157890500314842,5.262381667502584e-05,-0.26801482433415913,0.0,0.0,0.0
test_radius_ood,12,0.791191577911377,2.0,HLL-32,True,0.8385725021362305,0.46284946799920945,0.5327638972544664,6.696274735471005e-05,-0.29164498835643826,0.0,0.0,0.0
test_radius_ood,13,0.8196747303009033,2.0,HLL-32,True,0.8551339507102966,0.4737311533768336,0.5543623166003179,8.221824547068117e-05,-0.3085872929149218,0.0,0.0,0.0
test_radius_ood,14,0.24256300926208496,2.0,HLL-32,True,0.9194736480712891,0.2724742802882182,0.321205163745586,7.192764057644157e-07,-0.013161546128685586,0.0,0.0,0.0
test_radius_ood,15,0.1895429641008377,2.0,HLL-32,True,0.9415044188499451,0.2278402810202395,0.2584069587540498,7.963620015668695e-07,-0.005883459392407531,0.0,0.0,0.0
test_radius_ood,16,0.8475784659385681,2.0,HLL-32,True,0.8721151351928711,0.485056239307405,0.5706419083301196,9.749050589515802e-05,-0.321346783859326,0.0,0.0,0.0
test_radius_ood,17,0.7675970792770386,2.0,HLL-32,True,0.8313004374504089,0.45876180699552216,0.5227090132192913,5.908949000790642e-05,-0.27929019056477955,0.0,0.0,0.0
test_radius_ood,18,0.839502215385437,2.0,HLL-32,True,0.8633584380149841,0.4790521537703971,0.563155699752155,8.950552420178584e-05,-0.3152005306585579,0.0,0.0,0.0
test_radius_ood,19,0.16664767265319824,2.0,HLL-32,True,0.9548161029815674,0.19073709293881408,0.2125589814271704,7.517798786599705e-07,-0.002981837584798086,0.0,0.0,0.0
test_radius_ood,0,0.16327358782291412,2.0,HCFL-s6,True,0.7362622022628784,0.1815003618260655,0.2199106017239734,7.412756858120729e-07,-0.0020417311708342822,0.0,0.0,0.04560959339141846
test_radius_ood,1,0.22439144551753998,2.0,HCFL-s6,True,0.6896742582321167,0.18390038417136798,0.2325691509274277,6.259735296596557e-07,-0.0034482105643292016,0.0,0.0,0.022277534008026123
test_radius_ood,2,0.8475496172904968,2.0,HCFL-s6,True,0.607374906539917,0.23944656864349262,0.28611428463310307,9.171766361063297e-05,-0.11320639585972003,0.0,0.0,0.01586782932281494
test_radius_ood,3,0.21770623326301575,2.0,HCFL-s6,True,0.697115421295166,0.18365041391404383,0.22925971443417664,1.0012825961541725e-06,-0.0031097698500843762,0.0,0.0,0.031375229358673096
test_radius_ood,4,0.7594379782676697,2.0,HCFL-s6,True,0.5394349694252014,0.2234650243950006,0.2540984819967711,2.9349655042136167e-05,-0.08008979543899386,0.0,0.0,0.020740985870361328
test_radius_ood,5,0.18491557240486145,2.0,HCFL-s6,True,0.7154650688171387,0.18204957591850562,0.2244483111856832,7.437176821011839e-07,-0.0025521521195059904,0.0,0.0,0.04438972473144531
test_radius_ood,6,0.22760523855686188,2.0,HCFL-s6,True,0.6896563768386841,0.18387627099789652,0.23256162787101936,6.037831912469776e-07,-0.0034128555167853847,0.0,0.0,0.022311389446258545
test_radius_ood,7,0.23773683607578278,2.0,HCFL-s6,True,0.6846104860305786,0.18389644704298821,0.2336034366141085,6.804244063483015e-07,-0.0036653228539762495,0.0,0.0,0.01881086826324463
test_radius_ood,8,0.172319695353508,2.0,HCFL-s6,True,0.71401047706604,0.18148474386886843,0.2233110308518681,1.0506249140590023e-06,-0.0027653787897179427,0.0,0.0,0.05087250471115112
test_radius_ood,9,0.8369753360748291,2.0,HCFL-s6,True,0.5955654382705688,0.2355975600530806,0.2824074972074034,7.25269716512568e-05,-0.11112091582435824,0.0,0.0,0.016782522201538086
test_radius_ood,10,0.8388756513595581,2.0,HCFL-s6,True,0.5956147909164429,0.23563699997893178,0.2824581464831087,7.27447046197784e-05,-0.1112516880025396,0.0,0.0,0.01676928997039795
test_radius_ood,11,0.750983476638794,2.0,HCFL-s6,True,0.5386586785316467,0.22466479586020827,0.25424997504036356,2.7595861894762913e-05,-0.07771954350687338,0.0,0.0,0.024071216583251953
test_radius_ood,12,0.791191577911377,2.0,HCFL-s6,True,0.5590263605117798,0.22775575418095156,0.2665598763801373,4.344824256443685e-05,-0.09610141925952576,0.0,0.0,0.021538496017456055
test_radius_ood,13,0.8196747303009033,2.0,HCFL-s6,True,0.5826829075813293,0.23446687097159113,0.2810415196012779,6.199399493264803e-05,-0.10890548551458323,0.0,0.0,0.015662431716918945
test_radius_ood,14,0.24256300926208496,2.0,HCFL-s6,True,0.6846201419830322,0.18392191998813684,0.233619186899147,9.095080967733882e-07,-0.0036889237960622268,0.0,0.0,0.01879197359085083
test_radius_ood,15,0.1895429641008377,2.0,HCFL-s6,True,0.7145922780036926,0.183050064477771,0.2256672277945074,9.13142819903775e-07,-0.002495543653594723,0.0,0.0,0.04127180576324463
test_radius_ood,16,0.8475784659385681,2.0,HCFL-s6,True,0.6073802709579468,0.23945384953686433,0.2861202196047498,9.385494685652888e-05,-0.1132089944562722,0.0,0.0,0.015868544578552246
test_radius_ood,17,0.7675970792770386,2.0,HCFL-s6,True,0.5465013384819031,0.22527497741357583,0.2594078969307675,3.684830590252404e-05,-0.08576338677448803,0.0,0.0,0.02393031120300293
test_radius_ood,18,0.839502215385437,2.0,HCFL-s6,True,0.5956628322601318,0.23565125187073643,0.2824898185348526,7.386093508476936e-05,-0.11125885062938323,0.0,0.0,0.016752123832702637
test_radius_ood,19,0.16664767265319824,2.0,HCFL-s6,True,0.7362698316574097,0.1815005293664095,0.21990956583841623,5.097438480250669e-07,-0.002041061151771828,0.0,0.0,0.04560649394989014
test_radius_ood,0,0.16327358782291412,2.0,FNO,True,0.8006771802902222,0.16649737068297518,0.12465366047119657,0.8431920211769466,1.1017081044373072,0.5416666666666666,0.0,0.0
test_radius_ood,1,0.22439144551753998,2.0,FNO,True,0.7349581718444824,0.09040729938464917,0.08944167934580491,0.4834391857639275,0.8529830268169007,0.5,0.0,0.0
test_radius_ood,2,0.8475496172904968,2.0,FNO,True,0.3871312141418457,0.1754725037360479,0.26938586516197266,1.516950842924416,4.3988943162322585,0.5,0.060620943215950275,0.14805561304092407
test_radius_ood,3,0.21770623326301575,2.0,FNO,True,0.7596672177314758,0.1128280289832888,0.10304184509554988,0.5868659984880651,1.03472491959144,0.5416666666666666,0.0,0.0006162524223327637
test_radius_ood,4,0.7594379782676697,2.0,FNO,True,0.3318576216697693,0.06963362897164575,0.12018078065847254,0.5425403445260599,2.139615267553495,0.5,0.034999001562310034,0.09093233942985535
test_radius_ood,5,0.18491557240486145,2.0,FNO,True,0.7845422029495239,0.15056036329695124,0.11843459383536216,0.754063980490173,1.1490527932447776,0.5416666666666666,0.0,0.0
test_radius_ood,6,0.22760523855686188,2.0,FNO,True,0.7349581718444824,0.09040729938464917,0.08944167934580491,0.4834391857639275,0.8529830268169007,0.5,0.0,0.0
test_radius_ood,7,0.23773683607578278,2.0,FNO,True,0.7199809551239014,0.07993573252422044,0.08240093564693268,0.4337050266440201,0.7503395331183356,0.5,0.0,0.0012583136558532715
test_radius_ood,8,0.172319695353508,2.0,FNO,True,0.7829066514968872,0.15543823568806558,0.12191214454955877,0.7915317717706785,1.073847070815873,0.5416666666666666,0.0,0.0
test_radius_ood,9,0.8369753360748291,2.0,FNO,True,0.3755796551704407,0.15715007716505072,0.2460137750258111,1.2875264887697995,4.184530312725542,0.5,0.05383172829084224,0.14182108640670776
test_radius_ood,10,0.8388756513595581,2.0,FNO,True,0.3755796551704407,0.15714995950122151,0.2460135117005427,1.2875264887697995,4.184530312725542,0.5,0.05383144438429251,0.14182144403457642
test_radius_ood,11,0.750983476638794,2.0,FNO,True,0.33015745878219604,0.0629576919031233,0.11132277859643173,0.49689830967690796,2.063419521415767,0.5,0.03756538080712551,0.08659985661506653
test_radius_ood,12,0.791191577911377,2.0,FNO,True,0.3461689352989197,0.09524266473597136,0.16918129683055227,0.8736217424739152,2.881714977650063,0.5416666666666666,0.044428141573657105,0.11320185661315918
test_radius_ood,13,0.8196747303009033,2.0,FNO,True,0.3663272261619568,0.13411507267190947,0.22199583659934374,1.1348763247951865,3.7963710865317353,0.5833333333333334,0.04485283028641311,0.13283520936965942
test_radius_ood,14,0.24256300926208496,2.0,FNO,True,0.7199809551239014,0.07993584859936753,0.08240092019310762,0.4337050266440201,0.7503395331183356,0.5,0.0,0.0012575984001159668
test_radius_ood,15,0.1895429641008377,2.0,FNO,True,0.7836804389953613,0.14213467032009142,0.1129816954910148,0.7098107103811344,1.1634946186240995,0.5416666666666666,0.0,0.0002797842025756836
test_radius_ood,16,0.8475784659385681,2.0,FNO,True,0.3871312141418457,0.17547272453487822,0.26938544638920986,1.5170988948084414,4.399297514568843,0.5,0.0606270488484822,0.14805591106414795
test_radius_ood,17,0.7675970792770386,2.0,FNO,True,0.33630841970443726,0.0766212835501451,0.13741567402311938,0.6834343145601451,2.3614661617516504,0.5,0.041359505450232245,0.1007322371006012
test_radius_ood,18,0.839502215385437,2.0,FNO,True,0.3755796551704407,0.15715074649434696,0.2460129236069933,1.2875697908457369,4.184533915123325,0.5,0.05383205054343514,0.14182144403457642
test_radius_ood,19,0.16664767265319824,2.0,FNO,True,0.8006771802902222,0.16649757043283575,0.12465378274632101,0.8431920211769466,1.1017081044373072,0.5416666666666666,0.0,0.0
test_radius_ood,0,0.16327358782291412,2.0,clawFNO,False,-0.21895936131477356,,,1.3725672649275111,,,,
test_radius_ood,1,0.22439144551753998,2.0,clawFNO,False,-0.3182711899280548,,,1.1742426419618823,,,,
test_radius_ood,2,0.8475496172904968,2.0,clawFNO,False,-0.8931955099105835,,,11.758725136255634,,,,
test_radius_ood,3,0.21770623326301575,2.0,clawFNO,False,-0.2962530255317688,,,1.4808501006782535,,,,
test_radius_ood,4,0.7594379782676697,2.0,clawFNO,False,-0.8764514923095703,,,5.69808990067304,,,,
test_radius_ood,5,0.18491557240486145,2.0,clawFNO,False,-0.2508516311645508,,,1.4941619167857425,,,,
test_radius_ood,6,0.22760523855686188,2.0,clawFNO,False,-0.3182711899280548,,,1.1742426419618823,,,,
test_radius_ood,7,0.23773683607578278,2.0,clawFNO,False,-0.328701913356781,,,1.3063424794427192,,,,
test_radius_ood,8,0.172319695353508,2.0,clawFNO,False,-0.24205949902534485,,,1.4857556046699756,,,,
test_radius_ood,9,0.8369753360748291,2.0,clawFNO,False,-0.8791800737380981,,,12.975096912339723,,,,
test_radius_ood,10,0.8388756513595581,2.0,clawFNO,False,-0.8791800737380981,,,12.975096912339723,,,,
test_radius_ood,11,0.750983476638794,2.0,clawFNO,False,-0.8792712688446045,,,5.3243311507435465,,,,
test_radius_ood,12,0.791191577911377,2.0,clawFNO,False,-0.87178635597229,,,8.671744957364353,,,,
test_radius_ood,13,0.8196747303009033,2.0,clawFNO,False,-0.8802977800369263,,,10.886395760255255,,,,
test_radius_ood,14,0.24256300926208496,2.0,clawFNO,False,-0.328701913356781,,,1.3063424794427192,,,,
test_radius_ood,15,0.1895429641008377,2.0,clawFNO,False,-0.26316940784454346,,,1.5351174210477438,,,,
test_radius_ood,16,0.8475784659385681,2.0,clawFNO,False,-0.8931957483291626,,,11.768328604495764,,,,
test_radius_ood,17,0.7675970792770386,2.0,clawFNO,False,-0.877485454082489,,,6.084621809094642,,,,
test_radius_ood,18,0.839502215385437,2.0,clawFNO,False,-0.8791795372962952,,,12.966887301558017,,,,
test_radius_ood,19,0.16664767265319824,2.0,clawFNO,False,-0.21895936131477356,,,1.3725672649275111,,,,
test_height_ood,0,0.6169890761375427,2.575709581375122,HLL-32,True,0.7146898508071899,0.6117969827905738,0.7049688765409602,4.982765665235649e-05,-0.4484272992323213,0.0,0.0,0.0
test_height_ood,1,0.39926573634147644,2.587479591369629,HLL-32,True,0.7734463810920715,0.525791919336421,0.6642914673568501,7.693569203775184e-06,-0.1577912192919939,0.0,0.0,0.0
test_height_ood,2,0.6967338919639587,2.901963710784912,HLL-32,True,0.7122595310211182,0.7652705104088957,0.8616996098212115,0.0001399571803134361,-0.7999645736279035,0.0,0.0,0.0
test_height_ood,3,0.5596964359283447,2.8672428131103516,HLL-32,True,0.6775368452072144,0.6810735337039618,0.7900771140297733,4.5866144454174294e-05,-0.49512822806946133,0.0,0.0,0.0
test_height_ood,4,0.34392866492271423,2.537414312362671,HLL-32,True,0.8059980273246765,0.4762358339677948,0.5921969687948566,4.1471487021925004e-06,-0.09946648785978596,0.0,0.0,0.0
test_height_ood,5,0.4390149414539337,2.83941650390625,HLL-32,True,0.719171404838562,0.6079490243961049,0.7569948217843748,1.448621357641033e-05,-0.2610883619739752,0.0,0.0,0.0
test_height_ood,6,0.5142940282821655,2.8755245208740234,HLL-32,True,0.6789107918739319,0.6512879071241172,0.7780270252632419,3.052263108287563e-05,-0.40742548248454113,0.0,0.0,0.0
test_height_ood,7,0.4893799424171448,2.854182481765747,HLL-32,True,0.6864256262779236,0.6286331339851989,0.7644729795315619,2.421251253344359e-05,-0.3585541272284445,0.0,0.0,0.0
test_height_ood,8,0.31698399782180786,2.57491135597229,HLL-32,True,0.8178979158401489,0.4660002123077914,0.5712358844336852,3.1723795297546243e-06,-0.08024746386797688,0.0,0.0,0.0
test_height_ood,9,0.4280494749546051,2.555638074874878,HLL-32,True,0.7634699940681458,0.5280768604797056,0.6766092022621127,9.532455859943997e-06,-0.18036867942987556,0.0,0.0,0.0
test_height_ood,10,0.39717739820480347,2.914384126663208,HLL-32,True,0.731296956539154,0.6118150045128423,0.7721758877650887,1.1226161308237991e-05,-0.22369770790828625,0.0,0.0,0.0
test_height_ood,11,0.4299255907535553,2.5192058086395264,HLL-32,True,0.7667967081069946,0.5205405406124658,0.6671262039433478,9.520343690166401e-06,-0.17678432433240232,0.0,0.0,0.0
test_height_ood,12,0.315755695104599,2.8163034915924072,HLL-32,True,0.7918086051940918,0.5244671546758847,0.6394130514391079,4.174694723563887e-06,-0.10505538700613215,0.0,0.0,0.0
test_height_ood,13,0.4568706154823303,2.874645709991455,HLL-32,True,0.7001264691352844,0.6246551086200728,0.7652440454116431,1.8665044971822187e-05,-0.3081150139875035,0.0,0.0,0.0
test_height_ood,14,0.4287615120410919,2.982121706008911,HLL-32,True,0.7058717012405396,0.6416913718843709,0.7912177155825281,1.5629090074463783e-05,-0.2831030504573846,0.0,0.0,0.0
test_height_ood,15,0.689830482006073,2.551928997039795,HLL-32,True,0.7382704019546509,0.6383426627117272,0.7227314866726103,7.957021592681488e-05,-0.5300113022560708,0.0,0.0,0.0
test_height_ood,16,0.5776333808898926,2.8988606929779053,HLL-32,True,0.6743627190589905,0.7007198251641499,0.8027185118656378,5.517139807890004e-05,-0.545143093395609,0.0,0.0,0.0
test_height_ood,17,0.33123862743377686,2.6382896900177,HLL-32,True,0.8049283623695374,0.4820084685456309,0.594549648455943,3.686848512707703e-06,-0.09244151339248674,0.0,0.0,0.0
test_height_ood,18,0.5333353877067566,2.7289233207702637,HLL-32,True,0.6969118714332581,0.6222461335975872,0.7400957863377537,3.0510441703638063e-05,-0.38135394407674994,0.0,0.0,0.0
test_height_ood,19,0.6411175727844238,2.9818572998046875,HLL-32,True,0.6725741624832153,0.7488701397504557,0.8592350057211164,0.0001004361728834111,-0.7349613141367399,0.0,0.0,0.0
test_height_ood,0,0.6169890761375427,2.575709581375122,HCFL-s6,True,0.39203518629074097,0.3389162339328213,0.38326429374736604,4.8272036875045255e-05,-0.1728052061746439,0.0,0.0,0.019895553588867188
test_height_ood,1,0.39926573634147644,2.587479591369629,HCFL-s6,True,0.4951484203338623,0.2728524594996553,0.32013418140401606,1.8471023180963913e-06,-0.06372825698849738,0.0,0.0,0.0
test_height_ood,2,0.6967338919639587,2.901963710784912,HCFL-s6,True,0.35756731033325195,0.4576725238540472,0.5304664018937363,0.00018933308113451412,-0.37724108159420666,0.0,0.0,0.041427016258239746
test_height_ood,3,0.5596964359283447,2.8672428131103516,HCFL-s6,True,0.36555221676826477,0.389666873629455,0.43249187392745014,3.0690497293574395e-05,-0.20847390304720648,0.0,0.0,0.015193819999694824
test_height_ood,4,0.34392866492271423,2.537414312362671,HCFL-s6,True,0.5364533066749573,0.2491392443947463,0.2909325768800028,1.4984923200606054e-06,-0.03888066729871298,0.0,0.0,0.0
test_height_ood,5,0.4390149414539337,2.83941650390625,HCFL-s6,True,0.4349171817302704,0.32244048608939263,0.3616701032218699,7.146100047649235e-06,-0.11141001456292088,0.0,0.0,0.0
test_height_ood,6,0.5142940282821655,2.8755245208740234,HCFL-s6,True,0.37613433599472046,0.3576689760495442,0.3877792058611196,2.2585646547995712e-05,-0.1907493832027285,0.0,0.0,0.014738321304321289
test_height_ood,7,0.4893799424171448,2.854182481765747,HCFL-s6,True,0.39492306113243103,0.34118302910390413,0.37169579427499977,2.2477637809511594e-05,-0.1616508855590837,0.0,0.0,0.003522515296936035
test_height_ood,8,0.31698399782180786,2.57491135597229,HCFL-s6,True,0.5442246794700623,0.24200516209872083,0.28699725666087683,7.377501597198322e-07,-0.033631699242619106,0.0,0.0,0.0
test_height_ood,9,0.4280494749546051,2.555638074874878,HCFL-s6,True,0.4883354902267456,0.271338913291549,0.331777742386216,2.3667055305403563e-06,-0.07435263859633778,0.0,0.0,0.0
test_height_ood,10,0.39717739820480347,2.914384126663208,HCFL-s6,True,0.4383295774459839,0.32593407179654554,0.3836086196435492,5.065214835045004e-06,-0.10439208746493023,0.0,0.0,0.0
test_height_ood,11,0.4299255907535553,2.5192058086395264,HCFL-s6,True,0.49758103489875793,0.26616703099755684,0.32534432561446336,2.6381868489296773e-06,-0.07004060480699081,0.0,0.0,0.0
test_height_ood,12,0.315755695104599,2.8163034915924072,HCFL-s6,True,0.5056027770042419,0.2769482907404761,0.3188852975457301,9.759330769790544e-07,-0.04691911060626808,0.0,0.0,0.0
test_height_ood,13,0.4568706154823303,2.874645709991455,HCFL-s6,True,0.4188411235809326,0.3368175505781259,0.3647263533360831,1.12074602280429e-05,-0.1349313255736888,0.0,0.0,0.0
test_height_ood,14,0.4287615120410919,2.982121706008911,HCFL-s6,True,0.41621702909469604,0.3471993948220929,0.38132406243580697,6.972565850730916e-06,-0.12562744845104135,0.0,0.0,0.0
test_height_ood,15,0.689830482006073,2.551928997039795,HCFL-s6,True,0.4007236659526825,0.35803120055935217,0.41016335000939297,7.130722990215938e-05,-0.2294076788169832,0.0,0.0,0.024835944175720215
test_height_ood,16,0.5776333808898926,2.8988606929779053,HCFL-s6,True,0.3576265573501587,0.40877670353192963,0.45896545759293644,5.483021773877977e-05,-0.2501852043491226,0.0,0.0,0.03135323524475098
test_height_ood,17,0.33123862743377686,2.6382896900177,HCFL-s6,True,0.5236822962760925,0.24930648724505305,0.2938959071041606,1.001984905960516e-06,-0.04027631752990146,0.0,0.0,0.0
test_height_ood,18,0.5333353877067566,2.7289233207702637,HCFL-s6,True,0.3984712064266205,0.342391710825279,0.3728410161759306,1.6063851248653162e-05,-0.16881271309682688,0.0,0.0,0.012883663177490234
test_height_ood,19,0.6411175727844238,2.9818572998046875,HCFL-s6,True,0.32565635442733765,0.4450529306088617,0.5198445592003185,0.00018008722328510145,-0.3466683883175392,0.0,0.0,0.030238866806030273
test_height_ood,0,0.6169890761375427,2.575709581375122,FNO,True,0.14857852458953857,0.6092055958127279,1.0140316450530487,2.534668102794967,15.99362952863089,0.5,0.0,0.15688109397888184
test_height_ood,1,0.39926573634147644,2.587479591369629,FNO,True,0.36197900772094727,0.38784717109642763,0.6776039848535705,0.8426587900321465,4.2432094627097285,0.625,0.0,0.33820033073425293
test_height_ood,2,0.6967338919639587,2.901963710784912,FNO,True,0.25195765495300293,1.0998958307307272,1.6722238507162324,8.111266538500786,23.253117990878195,0.5,0.0,0.45660901069641113
test_height_ood,3,0.5596964359283447,2.8672428131103516,FNO,True,0.15946483612060547,0.8387251436075427,1.368672994719174,2.901508152252063,17.36552611007653,0.5416666666666666,0.0,0.4071693420410156
test_height_ood,4,0.34392866492271423,2.537414312362671,FNO,True,0.4062262773513794,0.30212571092739837,0.5147940299597636,0.7307678396246047,3.7571611388765405,0.625,0.01957240014390834,0.3462069034576416
test_height_ood,5,0.4390149414539337,2.83941650390625,FNO,True,0.366548627614975,0.6203040712999198,1.0414277877712528,1.5355069381766953,8.237059668091547,0.6666666666666666,0.0,0.5004391670227051
test_height_ood,6,0.5142940282821655,2.8755245208740234,FNO,True,0.2818446457386017,0.7768334969283796,1.3134951235726389,2.763598007208202,14.358788092176042,0.625,0.0,0.4195222854614258
test_height_ood,7,0.4893799424171448,2.854182481765747,FNO,True,0.33056867122650146,0.7212403296427973,1.238681523773182,2.3673770146683637,12.50517448012215,0.625,0.0,0.4362102746963501
test_height_ood,8,0.31698399782180786,2.57491135597229,FNO,True,0.4324830174446106,0.28912756952336444,0.4695393206508557,0.7121631005575182,3.3413950592340598,0.5833333333333334,0.01156475792406541,0.40120768547058105
test_height_ood,9,0.4280494749546051,2.555638074874878,FNO,True,0.3405703902244568,0.38672766843201817,0.6867543040703351,0.8510199853844824,4.724564260061243,0.6666666666666666,0.0,0.28312110900878906
test_height_ood,10,0.39717739820480347,2.914384126663208,FNO,True,0.41617804765701294,0.6322306760346186,1.028450476252016,1.4958695164896199,7.2755596893107395,0.6666666666666666,0.0,0.6224437952041626
test_height_ood,11,0.4299255907535553,2.5192058086395264,FNO,True,0.3375836908817291,0.3612614032659129,0.6449646231248237,0.7674728221609257,4.5720873214050926,0.6666666666666666,0.0,0.2393021583557129
test_height_ood,12,0.315755695104599,2.8163034915924072,FNO,True,0.4726991057395935,0.4369443989218378,0.6760164910269304,1.043854310126335,4.849817685652852,0.625,0.0,0.5913716554641724
test_height_ood,13,0.4568706154823303,2.874645709991455,FNO,True,0.36359602212905884,0.6836890656776048,1.1542651603940948,1.8788066358902142,10.075020246419854,0.625,0.0,0.4967557191848755
test_height_ood,14,0.4287615120410919,2.982121706008911,FNO,True,0.41502004861831665,0.7224977022803158,1.1752809615603033,2.046519635230652,8.818711512425011,0.625,0.0,0.6396133899688721
test_height_ood,15,0.689830482006073,2.551928997039795,FNO,True,0.18680447340011597,0.6551912369128495,1.0470889014592402,2.499397123232484,19.73833370243483,0.5833333333333334,0.0,0.16280651092529297
test_height_ood,16,0.5776333808898926,2.8988606929779053,FNO,True,0.11561715602874756,0.8981226402560596,1.4287752941748086,3.308954804786481,19.2106199158834,0.5,0.0,0.4232029914855957
test_height_ood,17,0.33123862743377686,2.6382896900177,FNO,True,0.44047558307647705,0.34720315730541523,0.5740874153441575,0.8955793538916623,4.537900103058064,0.625,0.016523587628992118,0.45752644538879395
test_height_ood,18,0.5333353877067566,2.7289233207702637,FNO,True,0.24604609608650208,0.6590324575579685,1.134264970069242,2.17093026296061,13.499731268603568,0.625,0.0,0.2896254062652588
test_height_ood,19,0.6411175727844238,2.9818572998046875,FNO,True,0.15698698163032532,1.1102242548130667,1.7058568994370813,6.792840241454542,23.29094259165163,0.5416666666666666,0.0,0.4867231845855713
test_height_ood,0,0.6169890761375427,2.575709581375122,clawFNO,False,-0.670974612236023,,,12.530793819395967,,,,
test_height_ood,1,0.39926573634147644,2.587479591369629,clawFNO,False,-0.7126043438911438,,,1.6594411718183437,,,,
test_height_ood,2,0.6967338919639587,2.901963710784912,clawFNO,False,-1.0358656644821167,,,73.69075374012391,,,,
test_height_ood,3,0.5596964359283447,2.8672428131103516,clawFNO,False,-0.807110071182251,,,11.438988667614467,,,,
test_height_ood,4,0.34392866492271423,2.537414312362671,clawFNO,False,-0.651698648929596,,,1.3030986623462013,,,,
test_height_ood,5,0.4390149414539337,2.83941650390625,clawFNO,False,-1.0070431232452393,,,2.432142893171658,,,,
test_height_ood,6,0.5142940282821655,2.8755245208740234,clawFNO,False,-0.9359111189842224,,,5.187994666790473,,,,
test_height_ood,7,0.4893799424171448,2.854182481765747,clawFNO,False,-1.0347477197647095,,,3.4947156376929343,,,,
test_height_ood,8,0.31698399782180786,2.57491135597229,clawFNO,False,-0.6133852005004883,,,1.0277234459914553,,,,
test_height_ood,9,0.4280494749546051,2.555638074874878,clawFNO,False,-0.7233752012252808,,,1.8015908972765828,,,,
test_height_ood,10,0.39717739820480347,2.914384126663208,clawFNO,False,-0.9196956753730774,,,1.7327021503535889,,,,
test_height_ood,11,0.4299255907535553,2.5192058086395264,clawFNO,False,-0.705025315284729,,,1.835840950034708,,,,
test_height_ood,12,0.315755695104599,2.8163034915924072,clawFNO,False,-0.6995102167129517,,,1.394747102657675,,,,
test_height_ood,13,0.4568706154823303,2.874645709991455,clawFNO,False,-1.0959422588348389,,,2.5379880419820893,,,,
test_height_ood,14,0.4287615120410919,2.982121706008911,clawFNO,False,-1.1268126964569092,,,1.9729872989710202,,,,
test_height_ood,15,0.689830482006073,2.551928997039795,clawFNO,False,-0.6846524477005005,,,31.136795411537605,,,,
test_height_ood,16,0.5776333808898926,2.8988606929779053,clawFNO,False,-0.844772458076477,,,16.07662285020706,,,,
test_height_ood,17,0.33123862743377686,2.6382896900177,clawFNO,False,-0.6706865429878235,,,1.3967044483090376,,,,
test_height_ood,18,0.5333353877067566,2.7289233207702637,clawFNO,False,-0.7973723411560059,,,4.715360239631991,,,,
test_height_ood,19,0.6411175727844238,2.9818572998046875,clawFNO,False,-1.006203055381775,,,49.12123675572366,,,,
test_long,0,0.5047045350074768,2.0,HLL-32,True,0.8128464818000793,0.45893278715140096,0.49913133560496076,0.0004580297213624185,-0.016120880201924592,0.0,0.0,0.0
test_long,1,0.5855808854103088,2.0,HLL-32,True,0.7899696826934814,0.48441658006621763,0.5118954363522584,0.0006092270313903175,-0.02878379826518085,0.0,0.0,0.0
test_long,2,0.4676562547683716,2.0,HLL-32,True,0.8258949518203735,0.44368432078599057,0.4886032770701081,0.0003852365818410298,-0.010661612025955947,0.0,0.0,0.0
test_long,3,0.38047733902931213,2.0,HLL-32,True,0.8592040538787842,0.4069394154662786,0.45670564407242775,0.00025185280893672663,-0.0020984171981126565,0.0,0.0,0.0
test_long,4,0.41184714436531067,2.0,HLL-32,True,0.8486219048500061,0.42263709983088643,0.47091254757640516,0.00029470832817035637,-0.004467746002205786,0.0,0.0,0.0
test_long,5,0.632236659526825,2.0,HLL-32,True,0.7769145369529724,0.4918748333441246,0.5164889789014894,0.0006909456591579244,-0.036673094121852046,0.0,0.0,0.0
test_long,6,0.48775243759155273,2.0,HLL-32,True,0.8184596300125122,0.4488014349061403,0.49289949695646346,0.0004174832704510746,-0.013147423248256018,0.0,0.0,0.0
test_long,7,0.517291784286499,2.0,HLL-32,True,0.8103663325309753,0.46104085110663307,0.5008645472415595,0.0004719473199778595,-0.017226780467581193,0.0,0.0,0.0
test_long,8,0.5049043893814087,2.0,HLL-32,True,0.8128464818000793,0.45893278715140096,0.49913133560496076,0.0004580297213624185,-0.016120880201924592,0.0,0.0,0.0
test_long,9,0.6757665276527405,2.0,HLL-32,True,0.7669689655303955,0.5016099282875741,0.5191659456601805,0.0007752353442776145,-0.04467651086645219,0.0,0.0,0.0
test_long,0,0.5047045350074768,2.0,HCFL-s6,True,0.5638241171836853,0.21779152382403752,0.21542867742381913,0.0028636890055264083,0.05167220699013342,0.1875,0.0,0.0
test_long,1,0.5855808854103088,2.0,HCFL-s6,True,0.5418756008148193,0.22973122875160468,0.21514683637152904,0.0022326781081168506,0.08467803765006465,0.25,0.0,0.01060795783996582
test_long,2,0.4676562547683716,2.0,HCFL-s6,True,0.5921072959899902,0.21464380153965235,0.22340202941802287,0.0023376322371379613,0.045056410112920275,0.14583333333333334,0.0,0.0
test_long,3,0.38047733902931213,2.0,HCFL-s6,True,0.6225466132164001,0.21787240355000356,0.2597717698284954,0.0010370266487883147,0.03286578271877261,0.14583333333333334,0.0,0.0
test_long,4,0.41184714436531067,2.0,HCFL-s6,True,0.6140533685684204,0.21735864322879744,0.2470938977939583,0.0015820117122468391,0.039732643603429096,0.16666666666666666,0.0,0.0
test_long,5,0.632236659526825,2.0,HCFL-s6,True,0.5201601386070251,0.22960625305807147,0.21757884030549562,0.002330820309744547,0.08582724360201155,0.25,0.0,0.015387177467346191
test_long,6,0.48775243759155273,2.0,HCFL-s6,True,0.5797953009605408,0.214685349428847,0.21850879663497388,0.0028759265757057825,0.052418420367530416,0.20833333333333334,0.0,0.0
test_long,7,0.517291784286499,2.0,HCFL-s6,True,0.5576919913291931,0.21975394561192665,0.2196491039865275,0.0028040481950330834,0.07021840850120498,0.22916666666666666,0.0,0.005189180374145508
test_long,8,0.5049043893814087,2.0,HCFL-s6,True,0.5640321373939514,0.21863599136758047,0.21683754125241264,0.0028209092357835766,0.06233387299255355,0.20833333333333334,0.0,0.0
test_long,9,0.6757665276527405,2.0,HCFL-s6,True,0.5082123875617981,0.2362235594442254,0.23255321179100363,0.001956468848870862,0.08879868248595812,0.2916666666666667,0.030676386337904562,0.026478290557861328
test_long,0,0.5047045350074768,2.0,FNO,True,0.3732803463935852,0.6830121522077666,0.9104770895977096,5.67177475290373,14.186683442538651,0.3958333333333333,0.0,0.0
test_long,1,0.5855808854103088,2.0,FNO,True,0.35639190673828125,0.7963906357856685,1.0442466663641738,6.942734485644905,15.99676088944193,0.375,0.0,0.0
test_long,2,0.4676562547683716,2.0,FNO,True,0.4228121042251587,0.6231102321305072,0.8379949014988203,5.056879732306697,13.303213185606296,0.3541666666666667,0.0,0.0
test_long,3,0.38047733902931213,2.0,FNO,True,0.4874487519264221,0.49803995080740904,0.6823573715869449,3.823865404666776,10.587613986440715,0.3958333333333333,0.0,0.0
test_long,4,0.41184714436531067,2.0,FNO,True,0.4638684391975403,0.541670740399587,0.7372774693833641,4.2685843746803585,11.68293457877951,0.3958333333333333,0.0,0.0
test_long,5,0.632236659526825,2.0,FNO,True,0.32211118936538696,0.8522668774293408,1.1084644250437243,7.558343622571556,17.521667287059245,0.3333333333333333,0.0,0.0
test_long,6,0.48775243759155273,2.0,FNO,True,0.39250701665878296,0.6494456942549185,0.8697551879443253,5.301492490150849,13.695002699411361,0.3958333333333333,0.0,0.0
test_long,7,0.517291784286499,2.0,FNO,True,0.3702733516693115,0.6934885490741601,0.9233973402229759,5.773969711997779,14.312872927278022,0.4166666666666667,0.0,0.0
test_long,8,0.5049043893814087,2.0,FNO,True,0.3732803463935852,0.6830120653424061,0.9104774387983093,5.671485632308759,14.186663868312735,0.3958333333333333,0.0,0.0
test_long,9,0.6757665276527405,2.0,FNO,True,0.31229522824287415,0.9098948054040316,1.1714287385553668,8.188852488907287,19.11719272092978,0.3541666666666667,0.0,0.0
test_long,0,0.5047045350074768,2.0,clawFNO,False,-0.640308678150177,,,3.2615043040786986,,,,
test_long,1,0.5855808854103088,2.0,clawFNO,False,-0.7502025961875916,,,3.8065920852204727,,,,
test_long,2,0.4676562547683716,2.0,clawFNO,False,-0.6025813817977905,,,4.125009643223166,,,,
test_long,3,0.38047733902931213,2.0,clawFNO,False,-0.5110922455787659,,,4.019871178062431,,,,
test_long,4,0.41184714436531067,2.0,clawFNO,False,-0.5387609004974365,,,3.496497563930461,,,,
test_long,5,0.632236659526825,2.0,clawFNO,False,-0.8018444776535034,,,2.8188723808261784,,,,
test_long,6,0.48775243759155273,2.0,clawFNO,False,-0.6216269731521606,,,4.3278522628336304,,,,
test_long,7,0.517291784286499,2.0,clawFNO,False,-0.6467576026916504,,,3.6539464052530093,,,,
test_long,8,0.5049043893814087,2.0,clawFNO,False,-0.6403073668479919,,,3.2492599933721067,,,,
test_long,9,0.6757665276527405,2.0,clawFNO,False,-0.8550624847412109,,,2.554951569540208,,,,
