boundary,case,display,method,family,stencil_cells,rollout_nrmse,final_snapshot_nrmse,minimum_depth,mean_relative_final_tv_error,mean_positive_final_tv_excess,mean_normalized_range_violation,total_excess_significant_extrema,relative_mass_change,relative_momentum_change,run_minimum_depth,run_substeps,run_seconds,run_integrator,raw_proposal_positive_residual_rate,raw_proposal_violation_rate_at_1e-8,raw_proposal_mean_positive_residual,raw_proposal_maximum_residual,hard_projection_intervention_rate,mean_absolute_learned_roe_correction_coefficient,maximum_absolute_learned_roe_correction_coefficient,run_entropy_violation_rate,run_maximum_entropy_residual,run_local_limiter_intervention_rate,run_mean_local_alpha,run_fd_entropy_intervention_rate,run_mean_fd_beta,run_minimum_fd_beta,run_maximum_total_entropy_change,mean_absolute_roe_multiplier_change_from_one,minimum_roe_multiplier,maximum_roe_multiplier,run_maximum_entropy_balance_violation
periodic,smooth_wave,smooth wave,native_hll_512,native_hll,,0.0003245401942694442,0.0005377989939899243,0.827281136246073,-0.0037030355875589697,0.0,0.0,0,0.0,-4.883383791667453e-17,0.827281136246073,250,0.04079120000824332,HLL + SSP-RK2,,,,,,,,,,,,,,,,,,,
periodic,smooth_wave,smooth wave,hll_roe_correction_s4,hll_roe,4,2.0716130902630623e-05,3.506425176476627e-05,0.8268642425537109,-5.893048552557352e-05,0.0,7.868920182889167e-05,0,0.0,0.0,0.8268642425537109,150,0.3886049999855459,safe forward Euler,0.0,0.0,0.0,-7.665476680056987e-10,0.0,0.848894476890564,0.8758577108383179,0.0,-5.716966830764548e-10,0.0,1.0,0.6666666666666666,0.5939691404501597,0.0,-6.703348844894208e-07,,,,
periodic,smooth_wave,smooth wave,hll_roe_correction_s6,hll_roe,6,4.114056417743513e-05,6.118450206459587e-05,0.8269085884094238,-0.0002611890056379675,0.0,0.0,0,0.0,2.6217465531885864e-08,0.8269085884094238,150,0.46048979996703565,safe forward Euler,0.0,0.0,0.0,-4.4296801955125663e-10,0.0,0.8752351403236389,0.941846489906311,0.0,-1.0018285959790879e-09,0.0,1.0,1.0,0.41647414445877073,0.0,-1.6649210010655224e-08,,,,
periodic,smooth_wave,smooth wave,central_nonnegative_feas_s4,central_nonnegative,4,2.420619268792523e-05,4.171717564802717e-05,0.8268646597862244,-4.7376954873901074e-05,0.0,0.00011084397533061392,0,0.0,-2.6217465531885864e-08,0.8268646597862244,150,0.3747161999344826,safe forward Euler,0.0,0.0,0.0,-1.4164641190658397e-09,0.0,,,0.0,-1.0148731085791703e-09,0.0,1.0,0.6666666666666666,0.6482003808021546,0.0,-1.9653361960081384e-07,0.7408775091171265,0.2340659499168396,0.2888689637184143,
periodic,smooth_wave,smooth wave,central_nonnegative_feas_s6,central_nonnegative,6,3.1898590957601e-05,6.164705331731352e-05,0.826890230178833,-0.0002867928117398324,0.0,0.0,0,0.0,2.6217465531885864e-08,0.826890230178833,150,0.3846942998934537,safe forward Euler,0.0,0.0,0.0,-1.3026559017126176e-09,0.0,,,0.0,-1.0173264830646168e-09,0.0,1.0,0.6666666666666666,0.5758387196063995,0.0,-2.907836460508406e-08,0.7680227756500244,0.20596963167190552,0.26789647340774536,
periodic,dam_break,periodic dam break,native_hll_512,native_hll,,0.031683126444970386,0.033639948144234474,0.55,0.0021662672759092793,0.0021662672759092793,0.0010734311777898383,0,0.0,-1.2053005195119718e-16,0.55,349,0.054508900037035346,HLL + SSP-RK2,,,,,,,,,,,,,,,,,,,
periodic,dam_break,periodic dam break,hll_roe_correction_s4,hll_roe,4,0.016086637601523603,0.019088802599976255,0.5499997138977051,0.5207325980006423,0.5207325980006423,0.0323156305606029,61,0.0,2.588363088307233e-07,0.5499997138977051,199,0.47404769994318485,safe forward Euler,0.009344362653791904,0.0,5.642605898768767e-16,8.739699027958577e-13,0.02473958395421505,0.8545214533805847,0.9706069827079773,0.0,1.3405099250478358e-13,0.0,1.0,0.0,1.0,1.0,-0.07689135833697947,,,,
periodic,dam_break,periodic dam break,hll_roe_correction_s6,hll_roe,6,0.019819510629377625,0.025063880786759286,0.5499997138977051,0.5645337717043597,0.5645337717043597,0.03224351191171926,81,0.0,0.0,0.5499997138977051,199,0.4831330000888556,safe forward Euler,0.009727328084409237,0.0,9.331652903931894e-16,2.325968512576198e-12,0.030637254938483238,0.8601033091545105,0.9860726594924927,0.0,1.874789746224867e-13,0.0,1.0,0.0,1.0,1.0,-0.07381566510139237,,,,
periodic,dam_break,periodic dam break,central_nonnegative_feas_s4,central_nonnegative,4,0.014398399233726863,0.018374406825293507,0.5499997138977051,0.6321705802473045,0.6321705802473045,0.03482369365442817,54,0.0,2.588363088307233e-07,0.5499997138977051,199,0.45616209995932877,safe forward Euler,0.010378370061516762,0.0,6.23185087677517e-16,8.411839763834044e-13,0.018765319138765335,,,0.0,1.3293489657721863e-13,0.0,1.0,0.0,1.0,1.0,-0.09189018479310107,0.7263169288635254,0.11885344982147217,1.5538387298583984,
periodic,dam_break,periodic dam break,central_nonnegative_feas_s6,central_nonnegative,6,0.015566203383294756,0.01972435437668452,0.5499997735023499,0.5756902386046041,0.5756902386046041,0.03347596658619803,60,0.0,2.588363088307233e-07,0.5499997735023499,199,0.4782972999382764,safe forward Euler,0.009880514815449715,0.0,5.118902355611024e-16,7.88137523316133e-13,0.01949295401573181,,,0.0,1.3293489657721863e-13,0.0,1.0,0.0,1.0,1.0,-0.10143798063336362,0.730556845664978,0.040110766887664795,1.7625950574874878,
periodic,counterflow_collision,counterflow collision,native_hll_512,native_hll,,0.026707738981563603,0.028545798294898023,0.5872313580849962,-0.010849892696681698,0.0,0.0010623114000539388,0,0.0,6.728624391667616e-17,0.5871807248651997,350,0.053911499911919236,HLL + SSP-RK2,,,,,,,,,,,,,,,,,,,
periodic,counterflow_collision,counterflow collision,hll_roe_correction_s4,hll_roe,4,0.01812889825523102,0.023617754717663402,0.4742144048213959,1.0992952504763847,1.0992952504763847,0.056940479359539144,87,0.0,-7.22480493209332e-08,0.4742144048213959,168,0.2838014999870211,safe forward Euler,0.0,0.0,0.0,-9.930711113192211e-12,7.659313996555284e-05,0.8222886919975281,0.9964476823806763,0.0,-4.0170266738621604e-10,0.0,1.0,0.0,1.0,1.0,-0.00023336124468187336,,,,
periodic,counterflow_collision,counterflow collision,hll_roe_correction_s6,hll_roe,6,0.023384397041262266,0.03237261097074919,0.456466943025589,1.5883951117180923,1.5883951117180923,0.07727688002326454,93,0.0,0.0,0.456466943025589,168,0.29000780009664595,safe forward Euler,0.0,0.0,0.0,-9.930711113192211e-12,0.00011488970631035045,0.8406595587730408,0.9984158873558044,0.0,-4.014079198969966e-10,0.0,1.0,0.0,1.0,1.0,-0.00023265674735739594,,,,
periodic,counterflow_collision,counterflow collision,central_nonnegative_feas_s4,central_nonnegative,4,0.013537217980462781,0.014455886344384454,0.4848457872867584,0.29997055952636004,0.29997055952636004,0.026765678270070346,42,0.0,-3.61240246604666e-08,0.4848457872867584,168,0.26888880017213523,safe forward Euler,0.0,0.0,0.0,-2.0197187258969625e-11,3.829656998277642e-05,,,0.0,-4.439943282279722e-10,0.0,1.0,0.0,1.0,1.0,-0.0002255120534755406,0.719042181968689,0.023215532302856445,1.9376208782196045,
periodic,counterflow_collision,counterflow collision,central_nonnegative_feas_s6,central_nonnegative,6,0.016362822558237525,0.017697663595953754,0.5074669718742371,0.2547976142858775,0.2547976142858775,0.027351877853141696,46,0.0,0.0,0.5074669718742371,168,0.27717860019765794,safe forward Euler,0.0,0.0,0.0,-1.7915748115463533e-11,7.659313996555284e-05,,,0.0,-4.016658239466755e-10,0.0,1.0,0.0,1.0,1.0,-0.00021616267986246385,0.7484430074691772,0.028764665126800537,1.956068754196167,
periodic,supercritical_right,right-going supercritical,native_hll_512,native_hll,,0.033944351443669724,0.03907387565797941,0.72,0.0014703252739757299,0.0014703252739757299,0.002035000920341012,0,0.0,-2.1081692174559546e-16,0.72,600,0.09464769996702671,HLL + SSP-RK2,,,,,,,,,,,,,,,,,,,
periodic,supercritical_right,right-going supercritical,hll_roe_correction_s4,hll_roe,4,0.026021803414906203,0.04279076587083372,0.691931962966919,1.7945190338733765,1.7945190338733765,0.14436441107347514,90,-1.8639531162989442e-07,0.0,0.691931962966919,300,0.7392629999667406,safe forward Euler,0.0031403186731040478,0.0,1.2592306762915186e-14,4.601393766880124e-11,0.09524356573820114,0.7850335836410522,0.9683438539505005,0.0,0.0,0.0,1.0,0.0,1.0,1.0,-0.010121905462256109,,,,
periodic,supercritical_right,right-going supercritical,hll_roe_correction_s6,hll_roe,6,0.03345799370863676,0.03456850315171351,0.6982380151748657,1.2877909339228952,1.2877909339228952,0.11980954945844638,62,-1.8639531162989442e-07,0.0,0.6982380151748657,300,0.8255320000462234,safe forward Euler,0.005055147223174572,0.0,1.3217708197393372e-14,4.601393766880124e-11,0.09110753983259201,0.82703697681427,0.9817032217979431,0.0,0.0,0.0,1.0,0.19333333333333333,0.9292991761366526,0.0,-5.249057721812278e-08,,,,
periodic,supercritical_right,right-going supercritical,central_nonnegative_feas_s4,central_nonnegative,4,0.018592829147366,0.023184678333833406,0.7099406123161316,0.669175876064174,0.669175876064174,0.07620815678501949,33,-1.8639531162989442e-07,0.0,0.7099406123161316,300,0.6839352000970393,safe forward Euler,0.006165747530758381,0.0,8.615248029052724e-15,2.690187390344198e-11,0.06629136204719543,,,0.0,0.0,0.0,1.0,0.0,1.0,1.0,-0.03325448236773809,0.6659566760063171,0.10141170024871826,1.2662718296051025,
periodic,supercritical_right,right-going supercritical,central_nonnegative_feas_s6,central_nonnegative,6,0.024145955711789457,0.03033978812579783,0.7111043334007263,1.0373849173398129,1.0373849173398129,0.10325755014560076,44,-1.242635363496447e-07,0.0,0.7111043334007263,300,0.6929290001280606,safe forward Euler,0.007314644753932953,0.0,7.810219360339627e-15,1.1623860538380673e-11,0.0631510391831398,,,0.0,0.0,0.0,1.0,0.0,1.0,1.0,-0.01742662504693726,0.6768884062767029,0.029415130615234375,1.5554416179656982,
transmissive,centered_dam,centered dam break,native_hll_512,native_hll,,0.02311867311110351,0.024446354016703215,0.58,0.002026524016151175,0.002026524016151175,0.001013673734874228,0,0.0,205529702399999.97,0.58,349,0.05242779990658164,HLL + SSP-RK2,,,,,,,,,,,,,,,,,,,
transmissive,centered_dam,centered dam break,hll_roe_correction_s4,hll_roe,4,0.012383579562049777,0.015456374429788863,0.5799996852874756,0.695603792167453,0.695603792167453,0.03562039333604877,42,9.822992552699361e-08,205529720815616.0,0.5799996852874756,199,0.5221937999594957,safe forward Euler,0.01914738491177559,0.0,6.685884986345666e-16,2.101161933109946e-12,0.012777714058756828,0.8581004738807678,0.9650896191596985,0.0,1.849921102415453e-13,0.0,1.0,0.0,1.0,1.0,,,,,-0.026844008713851508
transmissive,centered_dam,centered dam break,hll_roe_correction_s6,hll_roe,6,0.015398179452502152,0.021176736082751765,0.5799997448921204,0.9529040085201101,0.9529040085201101,0.047997204546348156,44,9.822992552699361e-08,205529687261184.0,0.5799997448921204,199,0.5235081999562681,safe forward Euler,0.019224127754569054,0.0,7.514898193731153e-16,2.134936633268981e-12,0.01446606032550335,0.8699684739112854,0.9881200194358826,0.0,2.237289329052618e-13,0.0,1.0,0.0,1.0,1.0,,,,,-0.029619049529173935
transmissive,centered_dam,centered dam break,central_nonnegative_feas_s4,central_nonnegative,4,0.0105070765742596,0.013777504053410298,0.5799996852874756,0.6430532677089417,0.6430532677089417,0.03589015945498112,31,9.822992552699361e-08,205529687261184.0,0.5799996852874756,199,0.5124381000641733,safe forward Euler,0.01983807235956192,0.0,7.617466525896064e-16,7.231935794031578e-13,0.009247534908354282,,,0.0,2.0306063442524012e-13,0.0,1.0,0.0,1.0,1.0,,0.7317156195640564,0.1340949535369873,1.5417792797088623,-0.023335432411840884
transmissive,centered_dam,centered dam break,central_nonnegative_feas_s6,central_nonnegative,6,0.011434487938672508,0.015302856325599652,0.5799996852874756,0.6512644371873393,0.6512644371873393,0.041530639398870056,31,9.822992552699361e-08,205529704038400.0,0.5799996852874756,199,0.5061627000104636,safe forward Euler,0.01972295716404915,0.0,7.121314704750275e-16,6.786083485101806e-13,0.009516134858131409,,,0.0,9.560726102850897e-14,0.0,1.0,0.0,1.0,1.0,,0.729382336139679,0.036187827587127686,1.7538788318634033,-0.031514433034317335
transmissive,transcritical_right,right-going transcritical,native_hll_512,native_hll,,0.008947291902391262,0.010876792769996034,0.72,0.0003546057698575447,0.00050425700244589,0.00040337724786958294,0,0.03155711502949838,0.06486693355207925,0.72,450,0.06763530010357499,HLL + SSP-RK2,,,,,,,,,,,,,,,,,,,
transmissive,transcritical_right,right-going transcritical,hll_roe_correction_s4,hll_roe,4,0.010274823828292966,0.013817328224838499,0.7199992537498474,0.7206871397318235,0.7206871397318235,0.09445912648476774,14,0.031557124108076096,0.06486685574054718,0.7199992537498474,249,0.6606314999517053,safe forward Euler,0.006676643155515194,0.004220866598188877,6.82943779957778e-06,0.02497971647775188,0.057902611792087555,0.7955294251441956,0.9370085597038269,0.0,0.0,0.0,1.0,0.0,1.0,1.0,,,,,-0.0009207652874465566
transmissive,transcritical_right,right-going transcritical,hll_roe_correction_s6,hll_roe,6,0.00620336945429538,0.002264478738374868,0.7199991941452026,0.03619634345332539,0.03619634345332539,0.0019171504492516687,2,0.03155718743801117,0.06486677378416061,0.7199991941452026,249,0.7975021998863667,safe forward Euler,0.00556386960670352,0.003376693231984973,4.327512705358203e-06,0.009002590919859443,0.05855492874979973,0.8272164463996887,0.9048630595207214,0.0,0.0,0.0,1.0,0.3815261044176707,0.8228099532874233,0.0,,,,,-2.0752122509293258e-07
transmissive,transcritical_right,right-going transcritical,central_nonnegative_feas_s4,central_nonnegative,4,0.011750539708527024,0.016604399796066475,0.7199992537498474,0.9470065336487342,0.9470065336487342,0.11344052849763589,17,0.031557124108076096,0.06486693769693375,0.7199992537498474,249,0.6521683000028133,safe forward Euler,0.0031080925837159157,0.0006139441975392401,1.0697026153615494e-06,0.007112689541004968,0.046544644981622696,,,0.0,0.0,0.0,1.0,0.0,1.0,1.0,,0.68571537733078,0.14878112077713013,0.6837214827537537,-4.323998473410029e-05
transmissive,transcritical_right,right-going transcritical,central_nonnegative_feas_s6,central_nonnegative,6,0.008493546614694317,0.004145601529646545,0.7199990153312683,0.13554921441143236,0.13554921441143236,0.010105176487122882,7,0.031557124108076096,0.06486693769693375,0.7199990153312683,249,0.7340148000512272,safe forward Euler,0.0023022908717393875,0.0,3.22503069496655e-15,1.1430260329816505e-11,0.04619930312037468,,,0.0,0.0,0.0,1.0,0.27309236947791166,0.8851207762836931,0.0,,0.6889901161193848,0.12918466329574585,1.1852467060089111,-7.181370165199041e-09
transmissive,left_exit,left-going wave exits,native_hll_512,native_hll,,0.00424738131853988,0.0010715641346748439,0.82,-0.04642910937955722,0.0,0.0,0,-0.02405789872403502,0.04524388128266148,0.82,495,0.07699649990536273,HLL + SSP-RK2,,,,,,,,,,,,,,,,,,,
transmissive,left_exit,left-going wave exits,hll_roe_correction_s4,hll_roe,4,0.001205132404483955,0.000334993731920695,0.819998562335968,0.023402618060707328,0.023402618060707328,0.012411569756768716,0,-0.02383902668952942,0.04521099850535393,0.819998562335968,268,0.7359174001030624,safe forward Euler,0.0036452936474233866,0.0,4.703924092468913e-15,9.919143956725607e-12,0.03883197158575058,0.7491505146026611,0.9172643423080444,0.0,0.0,0.0,1.0,0.04477611940298507,0.9681201884106024,0.0,,,,,-1.5978002920746803e-08
transmissive,left_exit,left-going wave exits,hll_roe_correction_s6,hll_roe,6,0.001440026943716854,0.00020316750597089726,0.8199985027313232,0.016154949395541837,0.016154949395541837,0.007607775862674241,0,-0.023857107385993004,0.04521344229578972,0.8199985027313232,272,0.9180893001612276,safe forward Euler,0.005295268725603819,0.0,1.2645606576543015e-14,1.6128846413825115e-11,0.04577721655368805,0.774762749671936,0.9797696471214294,0.0,0.0,0.0,1.0,0.46691176470588236,0.7247517589917954,0.0,,,,,-3.410877980059013e-08
transmissive,left_exit,left-going wave exits,central_nonnegative_feas_s4,central_nonnegative,4,0.00039411884779141037,0.0002512783641184891,0.819998025894165,-0.007151273368883585,0.0,1.9178677008513088e-05,0,-0.02390470914542675,0.04521966725587845,0.819998025894165,270,0.9135334000457078,safe forward Euler,0.0029162350110709667,0.0,1.9408330132573627e-15,3.8959236227723015e-12,0.03146464005112648,,,0.0,0.0,0.0,1.0,0.5333333333333333,0.7001509606286331,0.0,,0.6478284001350403,0.28846436738967896,0.417474627494812,-2.6216184778604656e-08
transmissive,left_exit,left-going wave exits,central_nonnegative_feas_s6,central_nonnegative,6,0.00042599517681030064,0.00015477865148435998,0.8199982047080994,0.002575874881756756,0.002575874881756756,1.6780149756173945e-05,0,-0.023896869271993637,0.045218925923109055,0.8199982047080994,268,0.904983300017193,safe forward Euler,0.0036452936474233866,0.0,3.712308645742116e-15,5.063701194463199e-12,0.034495990723371506,,,0.0,0.0,0.0,1.0,0.5597014925373134,0.6976496740730841,0.0,,0.7445186972618103,0.1621754765510559,0.3643815517425537,-1.5338628145400435e-08
transmissive,right_exit,right-going wave exits,native_hll_512,native_hll,,0.00424738131853991,0.0010715641346746877,0.82,-0.04642910937955136,0.0,0.0,0,-0.024057898724035152,-0.04524388128266148,0.82,495,0.07911389996297657,HLL + SSP-RK2,,,,,,,,,,,,,,,,,,,
transmissive,right_exit,right-going wave exits,hll_roe_correction_s4,hll_roe,4,0.0005339587675413979,0.00018175891279011424,0.8199985027313232,0.00173932399239475,0.00173932399239475,1.5634833487852494e-05,0,-0.023905204609036446,-0.045220259577035904,0.8199985027313232,272,0.9549907001201063,safe forward Euler,0.003568550804629922,0.0,4.665029584485142e-15,9.919143956725607e-12,0.03929242864251137,0.7696093320846558,0.913367748260498,0.0,0.0,0.0,1.0,0.5735294117647058,0.6861674304613296,0.0,,,,,-8.979623089544475e-08
transmissive,right_exit,right-going wave exits,hll_roe_correction_s6,hll_roe,6,0.0004264127715092469,0.00018591926898668413,0.8199983239173889,0.0020928554016958903,0.0020928554016958903,1.7893455938724014e-05,0,-0.023906545713543892,-0.045220404863357544,0.8199983239173889,268,0.9542383002117276,safe forward Euler,0.0027243774384260178,0.0,3.767035144536353e-15,1.3877440971539479e-11,0.03756571188569069,0.8172346949577332,0.9106895923614502,0.0,0.0,0.0,1.0,0.6268656716417911,0.6293835190208211,0.0,,,,,-2.710294211283326e-09
transmissive,right_exit,right-going wave exits,central_nonnegative_feas_s4,central_nonnegative,4,0.00044875765249131563,0.00021784525200027849,0.8199981451034546,-0.004955847107909171,0.0,2.09476326542479e-05,0,-0.023902378976345062,-0.04521951824426651,0.8199981451034546,270,0.9403601000085473,safe forward Euler,0.0028394919354468584,0.0,1.928358978301207e-15,3.8959236227723015e-12,0.03188672661781311,,,0.0,0.0,0.0,1.0,0.5222222222222223,0.7116397113711745,0.0,,0.6496865153312683,0.2669767141342163,0.3669259548187256,-8.970346243586391e-09
transmissive,right_exit,right-going wave exits,central_nonnegative_feas_s6,central_nonnegative,6,0.0007398142265951131,0.0003037021412587292,0.8199983239173889,-0.009495567368720932,0.0,2.1711176833128872e-05,0,-0.02392243780195713,-0.045222628861665726,0.8199983239173889,268,0.923860999988392,safe forward Euler,0.002954606432467699,0.0,1.9537739336450966e-15,3.8959236227723015e-12,0.031541384756565094,,,0.0,0.0,0.0,1.0,0.5671641791044776,0.6457886892690587,0.0,,0.6735401153564453,0.23937958478927612,0.4755162000656128,-3.7667632568627596e-08
