seed,arm,model,update,learning_rate,last_minibatch_loss,full_train_one_step_loss,validation_one_step_loss,validation_rollout_nrmse,validation_minimum_depth,new_absolute_best
0,hll_roe_correction_s4,hll_roe,0,0.0003,,0.0002852981222243734,0.0003980604301699821,0.06855158800039113,0.2375192642211914,True
0,hll_roe_correction_s4,hll_roe,100,0.0003,0.00026099683600477874,0.0002137427288390938,0.00029500925264508177,0.056632593551013785,0.18652451038360596,True
0,hll_roe_correction_s4,hll_roe,200,0.0003,0.0002772731240838766,0.00018700210462110854,0.0002612288171992634,0.05320616710886891,0.16627700626850128,True
0,hll_roe_correction_s4,hll_roe,300,0.0003,0.00010382139589637518,0.0001576051851436987,0.00021886127794670606,0.052106784490202535,0.1175122857093811,True
0,hll_roe_correction_s4,hll_roe,400,0.0003,0.00010496618779143319,0.00013852595329439573,0.00018745379733521117,0.05268831255086111,0.11221837252378464,False
0,hll_roe_correction_s4,hll_roe,500,0.0003,0.00010446688975207508,0.0001294689336446875,0.0001703342943489358,0.05164330334222252,0.15712229907512665,True
0,hll_roe_correction_s4,hll_roe,600,0.0003,0.00013412721455097198,0.00012314390326409957,0.00016046853882669887,0.054045206205052355,0.1695190668106079,False
0,hll_roe_correction_s4,hll_roe,700,0.0003,0.0001287209161091596,0.00011978775611606334,0.00015573822307097485,0.05386574879961433,0.17999596893787384,False
0,hll_roe_correction_s4,hll_roe,800,0.0003,0.00013988402497489005,0.00011761448109705704,0.00015252818879961426,0.05353554237958945,0.1758062243461609,False
0,hll_roe_correction_s4,hll_roe,900,0.0003,5.33321472175885e-05,0.00011478434746582477,0.00015009848109307896,0.05214496991240713,0.17918063700199127,False
0,hll_roe_correction_s4,hll_roe,1000,0.0003,0.00015124655328691006,0.00011215155523196693,0.00014703797817368795,0.05192409621236192,0.1680421382188797,False
0,hll_roe_correction_s4,hll_roe,1100,0.0003,7.857719174353406e-05,0.00011039528555121522,0.0001453087934225179,0.05226843426011412,0.17375530302524567,False
0,hll_roe_correction_s4,hll_roe,1200,0.0003,0.00011801407526945695,0.00010763935736025368,0.0001416449466475308,0.052153385025987896,0.1668551117181778,False
0,hll_roe_correction_s4,hll_roe,1300,0.0003,0.0001144359921454452,0.0001054876739476594,0.00013882714842533157,0.05084748618994256,0.1605278104543686,True
0,hll_roe_correction_s4,hll_roe,1400,0.0003,0.00014832882152404636,0.00010394260492015245,0.00013562323663312827,0.05013039066257801,0.1499013751745224,True
0,hll_roe_correction_s4,hll_roe,1500,0.0003,0.00010492945148143917,0.00010179045343767799,0.00013382340218246654,0.0513840516636728,0.14658717811107635,False
0,hll_roe_correction_s4,hll_roe,1600,0.0003,0.00010875591397052631,0.00010162417502491972,0.00013155125556465328,0.049962050422088504,0.1562819480895996,True
0,hll_roe_correction_s4,hll_roe,1700,0.0003,0.0001246828178409487,9.914167616403006e-05,0.0001283855326304528,0.05143404992185517,0.1475159376859665,False
0,hll_roe_correction_s4,hll_roe,1800,0.0003,0.0001688846095930785,9.73776944759009e-05,0.00012578871777880563,0.05090565292033432,0.1432766616344452,False
0,hll_roe_correction_s4,hll_roe,1900,0.0003,0.0001085999610950239,9.708940595790789e-05,0.00012690337766751414,0.04938650328911673,0.16133394837379456,True
0,hll_roe_correction_s4,hll_roe,2000,0.0003,0.0001387767115375027,9.367409677945576e-05,0.00012270168404926297,0.04973007806446612,0.15235686302185059,False
0,hll_roe_correction_s4,hll_roe,2100,0.0003,0.00012755639909300953,9.193081158670478e-05,0.0001209081174962055,0.05086479598838453,0.14474500715732574,False
0,hll_roe_correction_s4,hll_roe,2200,0.0003,9.330012107966468e-05,9.120085175596858e-05,0.00012001270381169825,0.0514215786446551,0.15090176463127136,False
0,hll_roe_correction_s4,hll_roe,2300,0.0003,0.00011183989408891648,8.968157013906562e-05,0.00011715491239471316,0.04994906021029811,0.13889670372009277,False
0,hll_roe_correction_s4,hll_roe,2400,0.0003,6.669317372143269e-05,8.881607634378088e-05,0.00011499432962110659,0.04965072798754072,0.1388237625360489,False
0,hll_roe_correction_s4,hll_roe,2500,0.0003,6.314391794148833e-05,8.778474019730792e-05,0.00011477009920970534,0.048300234153899835,0.13861584663391113,True
0,hll_roe_correction_s4,hll_roe,2600,0.0003,0.00011070379696320742,8.630869586850019e-05,0.00011135907469085292,0.04749549109307056,0.14982689917087555,True
0,hll_roe_correction_s4,hll_roe,2700,0.0003,5.729559779865667e-05,8.476996706027923e-05,0.0001102633199051899,0.04762024967347472,0.14183710515499115,False
0,hll_roe_correction_s4,hll_roe,2800,0.0003,8.303928916575387e-05,8.368540026765113e-05,0.00010873545400289155,0.04998937592797769,0.14571331441402435,False
0,hll_roe_correction_s4,hll_roe,2900,0.0003,9.12996256374754e-05,8.277493685108003e-05,0.0001076531347135488,0.04851955267153149,0.1432230919599533,False
0,hll_roe_correction_s4,hll_roe,3000,0.0003,3.989527976955287e-05,8.153488456213027e-05,0.00010633575687729543,0.049404005389983026,0.13868507742881775,False
0,hll_roe_correction_s4,hll_roe,3100,0.0003,7.164901762735099e-05,8.042883848144275e-05,0.0001044667885432529,0.049340997692078774,0.14508949220180511,False
0,hll_roe_correction_s4,hll_roe,3200,0.0003,4.083192834514193e-05,7.991966893934243e-05,0.00010316997774953996,0.04822811607304555,0.14471258223056793,False
0,hll_roe_correction_s4,hll_roe,3300,0.0003,5.458680971059948e-05,7.891869142936811e-05,0.0001021393483736678,0.047625062462591086,0.14168614149093628,False
0,hll_roe_correction_s4,hll_roe,3400,0.0003,4.250387064530514e-05,7.789470052297471e-05,0.0001009863343695662,0.04781395583142486,0.14273151755332947,False
0,hll_roe_correction_s4,hll_roe,3500,0.0003,6.222476804396138e-05,7.721835007781491e-05,9.998477257024432e-05,0.047392978222579575,0.14378900825977325,True
0,hll_roe_correction_s4,hll_roe,3600,0.0003,4.6261320676421747e-05,7.667355880502075e-05,9.938750839405483e-05,0.04782345045552116,0.15186336636543274,False
0,hll_roe_correction_s4,hll_roe,3700,0.0003,4.3725707655539736e-05,7.580144668062185e-05,9.790691839141133e-05,0.048179146422838756,0.1438043862581253,False
0,hll_roe_correction_s4,hll_roe,3800,0.0003,4.422294659889303e-05,7.525814558298121e-05,9.811975480424672e-05,0.04744447548538298,0.14160510897636414,False
0,hll_roe_correction_s4,hll_roe,3900,0.0003,7.583652040921152e-05,7.472067246540368e-05,9.627023467690939e-05,0.047310262123894,0.13837772607803345,True
0,hll_roe_correction_s4,hll_roe,4000,0.0003,8.39190834085457e-05,7.37063606901559e-05,9.524587878778538e-05,0.04808010325733764,0.15171495079994202,False
0,hll_roe_correction_s4,hll_roe,4100,0.0003,6.276431668084115e-05,7.349302526799543e-05,9.586016487799082e-05,0.048176817816335954,0.14780689775943756,False
0,hll_roe_correction_s4,hll_roe,4200,0.0003,6.565749208675697e-05,7.264032653196664e-05,9.341864172122715e-05,0.04766331255451221,0.1651725471019745,False
0,hll_roe_correction_s4,hll_roe,4300,0.0003,0.00011659951996989548,7.248253382800967e-05,9.430939013220589e-05,0.047306405650030026,0.14585474133491516,True
0,hll_roe_correction_s4,hll_roe,4400,0.0003,0.00014071879559196532,7.210342596288824e-05,9.237801573347223e-05,0.0469837233516596,0.16247346997261047,True
0,hll_roe_correction_s4,hll_roe,4500,0.0003,6.789823964936659e-05,7.176635551698974e-05,9.321594064181935e-05,0.047433342133615136,0.1455242782831192,False
0,hll_roe_correction_s4,hll_roe,4600,0.0003,5.142947338754311e-05,7.075728814572882e-05,9.088177829304111e-05,0.04698560914110803,0.1664014756679535,False
0,hll_roe_correction_s4,hll_roe,4700,0.0003,0.00010637892410159111,7.036568999099668e-05,9.143167679080462e-05,0.04702781215663323,0.15097223222255707,False
0,hll_roe_correction_s4,hll_roe,4800,0.0003,8.039931708481163e-05,6.940632609416245e-05,8.944939757708564e-05,0.04738520223735709,0.16012224555015564,False
0,hll_roe_correction_s4,hll_roe,4900,0.0003,3.663173993118107e-05,6.907092304390234e-05,8.8898491472486e-05,0.04745165790992515,0.1632833033800125,False
0,hll_roe_correction_s4,hll_roe,5000,0.0003,6.776719237677753e-05,6.842391138507194e-05,8.83827581526357e-05,0.04744499793481193,0.15866370499134064,False
0,hll_roe_correction_s4,hll_roe,5100,0.0003,5.759772102464922e-05,6.803391401185588e-05,8.814163719727674e-05,0.0468057864489016,0.17212435603141785,True
0,hll_roe_correction_s4,hll_roe,5200,0.0003,3.822621511062607e-05,6.749802442601907e-05,8.706466304291375e-05,0.04601400139723502,0.16370201110839844,True
0,hll_roe_correction_s4,hll_roe,5300,0.0003,4.212901330902241e-05,6.764526863848794e-05,8.820285292537271e-05,0.0478301390202521,0.16774164140224457,False
0,hll_roe_correction_s4,hll_roe,5400,0.0003,4.681339123635553e-05,6.691717989478282e-05,8.728595547801831e-05,0.046666588730869256,0.1550426334142685,False
0,hll_roe_correction_s4,hll_roe,5500,0.0003,7.530319271609187e-05,6.636525630624114e-05,8.56978247573786e-05,0.0466731385516621,0.1768534779548645,False
0,hll_roe_correction_s4,hll_roe,5600,0.0003,5.045224679633975e-05,6.622983157846313e-05,8.543246197288656e-05,0.04466262484945094,0.17648959159851074,True
0,hll_roe_correction_s4,hll_roe,5700,0.0003,4.4603264541365206e-05,6.664454588443646e-05,8.718803141082421e-05,0.046825838481193795,0.14890076220035553,False
0,hll_roe_correction_s4,hll_roe,5800,0.0003,4.569522207020782e-05,6.49543231023517e-05,8.366319238511156e-05,0.04615774283540936,0.19401441514492035,False
0,hll_roe_correction_s4,hll_roe,5900,0.0003,4.687672480940819e-05,6.469526700297668e-05,8.365737227360463e-05,0.045576971838310325,0.19948016107082367,False
0,hll_roe_correction_s4,hll_roe,6000,0.0003,5.049102765042335e-05,6.506893326647383e-05,8.403328605879189e-05,0.044267100104197696,0.20185096561908722,True
0,hll_roe_correction_s4,hll_roe,6100,0.0003,6.147688691271469e-05,6.435699938016266e-05,8.361994273353136e-05,0.04479539929690847,0.1675369143486023,False
0,hll_roe_correction_s4,hll_roe,6200,0.0003,7.021093915682286e-05,6.357345898431664e-05,8.261600846850079e-05,0.0454393314569737,0.1801130175590515,False
0,hll_roe_correction_s4,hll_roe,6300,0.0003,6.452776869991794e-05,6.320095728727673e-05,8.202905278849483e-05,0.04593647789378855,0.18888871371746063,False
0,hll_roe_correction_s4,hll_roe,6400,0.0003,5.673961641150527e-05,6.379923005408889e-05,8.260616366985129e-05,0.047093844025245635,0.2003229707479477,False
0,hll_roe_correction_s4,hll_roe,6500,0.0003,6.781877891626209e-05,6.253360842664407e-05,8.092916465467519e-05,0.04646329164858816,0.20043158531188965,False
0,hll_roe_correction_s4,hll_roe,6600,0.0003,5.4885622375877574e-05,6.229303323599543e-05,8.078872089823676e-05,0.045697510602589024,0.20983770489692688,False
0,hll_roe_correction_s4,hll_roe,6700,0.0003,6.671359005849808e-05,6.204355842458429e-05,8.027256703307163e-05,0.04544988933102724,0.2241715043783188,False
0,hll_roe_correction_s4,hll_roe,6800,0.0003,9.276076161768287e-05,6.160768784174571e-05,7.958524513209825e-05,0.044660938907462235,0.2196100354194641,False
0,hll_roe_correction_s4,hll_roe,6900,0.0003,7.358293805737048e-05,6.19771895183035e-05,7.990865162928237e-05,0.044448988307598324,0.2250237762928009,False
0,hll_roe_correction_s4,hll_roe,7000,0.0003,6.423268496291712e-05,6.14650190820158e-05,7.989198641342379e-05,0.04589353758185942,0.19290710985660553,False
0,hll_roe_correction_s4,hll_roe,7100,8.999999999999999e-05,5.576883995672688e-05,6.0890569648201034e-05,7.900054867469599e-05,0.04591467051689597,0.20656630396842957,False
0,hll_roe_correction_s4,hll_roe,7200,8.999999999999999e-05,5.9942889492958784e-05,6.085114820877328e-05,7.875735852762631e-05,0.044847808724000966,0.2039709836244583,False
0,hll_roe_correction_s4,hll_roe,7300,8.999999999999999e-05,4.871533019468188e-05,6.080200183951498e-05,7.867999415148604e-05,0.045650448782081056,0.21407954394817352,False
0,hll_roe_correction_s4,hll_roe,7400,8.999999999999999e-05,7.370227831415832e-05,6.075730481426823e-05,7.859189871974147e-05,0.04499840590326124,0.20875775814056396,False
0,hll_roe_correction_s4,hll_roe,7500,8.999999999999999e-05,5.562187288887799e-05,6.0651733131010014e-05,7.839754610934704e-05,0.04482539168577298,0.2181423455476761,False
0,hll_roe_correction_s4,hll_roe,7600,8.999999999999999e-05,2.9560365874203853e-05,6.095130404109857e-05,7.889981231141422e-05,0.045547602256153535,0.21218468248844147,False
0,hll_roe_correction_s4,hll_roe,7700,8.999999999999999e-05,7.677479152334854e-05,6.0402879028148484e-05,7.80837014289315e-05,0.04513779137943538,0.20840558409690857,False
0,hll_roe_correction_s4,hll_roe,7800,8.999999999999999e-05,8.10516721685417e-05,6.0405379820531934e-05,7.829332277484909e-05,0.04597483999287504,0.20763704180717468,False
0,hll_roe_correction_s4,hll_roe,7900,8.999999999999999e-05,9.147798118647188e-05,6.020400116104882e-05,7.795512745322847e-05,0.04491439974978744,0.20968076586723328,False
0,hll_roe_correction_s4,hll_roe,8000,8.999999999999999e-05,3.079908128711395e-05,6.0120791149123536e-05,7.772041049868087e-05,0.045017910132289556,0.21311956644058228,False
0,hll_roe_correction_s4,hll_roe,8100,2.6999999999999996e-05,4.231123602949083e-05,6.009211013297613e-05,7.774464437209559e-05,0.04486403520674892,0.22050681710243225,False
0,hll_roe_correction_s4,hll_roe,8200,2.6999999999999996e-05,5.3875191952101886e-05,6.0108331958697185e-05,7.771561662448976e-05,0.045005483278061656,0.225064218044281,False
0,hll_roe_correction_s4,hll_roe,8300,2.6999999999999996e-05,7.133972394512966e-05,6.004797480575377e-05,7.762172887589988e-05,0.04477575284419969,0.21162140369415283,False
0,hll_roe_correction_s4,hll_roe,8400,2.6999999999999996e-05,9.087062790058553e-05,6.000744514205091e-05,7.757897031369416e-05,0.04509045250134168,0.2170196920633316,False
0,hll_roe_correction_s4,hll_roe,8500,2.6999999999999996e-05,5.650902312481776e-05,6.01239342919719e-05,7.783665381586276e-05,0.04557422227560383,0.21494852006435394,False
0,hll_roe_correction_s4,hll_roe,8600,2.6999999999999996e-05,4.7648598410887644e-05,5.9966308335843546e-05,7.753839373313033e-05,0.04481379723153875,0.22430390119552612,False
0,hll_roe_correction_s4,hll_roe,8700,2.6999999999999996e-05,5.850874731549993e-05,5.997864867874155e-05,7.753170810995952e-05,0.04532431340602289,0.21562814712524414,False
0,hll_roe_correction_s4,hll_roe,8800,2.6999999999999996e-05,5.533398507395759e-05,5.995672028256735e-05,7.753672086711083e-05,0.04473204983580194,0.21170981228351593,False
0,hll_roe_correction_s4,hll_roe,8900,2.6999999999999996e-05,7.148336590034887e-05,6.000693089566732e-05,7.766114759732644e-05,0.044865795785655256,0.21967041492462158,False
0,hll_roe_correction_s4,hll_roe,9000,2.6999999999999996e-05,4.8817575589055195e-05,5.996672952081064e-05,7.759013913521884e-05,0.04488268185413656,0.21520400047302246,False
0,hll_roe_correction_s4,hll_roe,9100,8.099999999999999e-06,8.677073492435738e-05,5.986202633599647e-05,7.746401899510344e-05,0.044992084454008,0.21255278587341309,False
0,hll_roe_correction_s4,hll_roe,9200,8.099999999999999e-06,5.769380368292332e-05,5.9844385518486524e-05,7.74225410014378e-05,0.044731593773420966,0.21443481743335724,False
0,hll_roe_correction_s4,hll_roe,9300,8.099999999999999e-06,3.129664764855988e-05,5.982971176860238e-05,7.73795594777074e-05,0.04465882455009575,0.2170378416776657,False
0,hll_roe_correction_s4,hll_roe,9400,8.099999999999999e-06,8.77864149515517e-05,5.981771611423434e-05,7.738170782378053e-05,0.04504775997176174,0.21470293402671814,False
0,hll_roe_correction_s4,hll_roe,9500,8.099999999999999e-06,7.35059948056005e-05,5.9811438601010654e-05,7.73446788390209e-05,0.04495870368167078,0.218987375497818,False
0,hll_roe_correction_s4,hll_roe,9600,8.099999999999999e-06,5.2433355449466035e-05,5.980560620519395e-05,7.735753492742236e-05,0.04505312750165247,0.2146919071674347,False
0,hll_roe_correction_s4,hll_roe,9700,8.099999999999999e-06,5.872225665370934e-05,5.979855375082948e-05,7.733449390823518e-05,0.04463149021108743,0.21333298087120056,False
0,hll_roe_correction_s4,hll_roe,9800,8.099999999999999e-06,5.748299736296758e-05,5.979297529626449e-05,7.731743574031277e-05,0.0447124502014055,0.21435518562793732,False
0,hll_roe_correction_s4,hll_roe,9900,8.099999999999999e-06,6.206923717400059e-05,5.9772926310934956e-05,7.72882155952395e-05,0.04474537675467765,0.21774987876415253,False
0,hll_roe_correction_s4,hll_roe,10000,8.099999999999999e-06,7.229659968288615e-05,5.9763710928370545e-05,7.728823538383011e-05,0.04477686053920025,0.21543177962303162,False
0,hll_roe_correction_s4,hll_roe,10100,3e-06,5.4192321840673685e-05,5.975912164983625e-05,7.728093002026958e-05,0.044721529384257025,0.2160903960466385,False
0,hll_roe_correction_s4,hll_roe,10200,3e-06,6.969254900468513e-05,5.975459166519102e-05,7.727718136634252e-05,0.04470475232347189,0.2180335819721222,False
0,hll_roe_correction_s4,hll_roe,10300,3e-06,5.9585505368886515e-05,5.975037508098216e-05,7.72844526915131e-05,0.04481900055039764,0.2177526205778122,False
0,hll_roe_correction_s4,hll_roe,10400,3e-06,3.2121228286996484e-05,5.974969772327291e-05,7.726845404400674e-05,0.04468966250578757,0.2182689607143402,False
0,hll_roe_correction_s4,hll_roe,10500,3e-06,3.7763704312965274e-05,5.974589588931e-05,7.727374379107387e-05,0.04473641715949591,0.21657268702983856,False
0,hll_roe_correction_s4,hll_roe,10600,3e-06,7.024049409665167e-05,5.974236006317679e-05,7.727279288131924e-05,0.044750486429871277,0.21638572216033936,False
0,hll_roe_correction_s4,hll_roe,10700,3e-06,8.877060463419184e-05,5.9743698544207105e-05,7.728530757876828e-05,0.044847228056235366,0.21721817553043365,False
0,hll_roe_correction_s4,hll_roe,10800,3e-06,8.841217641020194e-05,5.973845508476648e-05,7.728199054773858e-05,0.04495185369806341,0.21668760478496552,False
0,hll_roe_correction_s4,hll_roe,10900,3e-06,2.2862752302899025e-05,5.973635018712503e-05,7.72776103709022e-05,0.0449344161684437,0.21580715477466583,False
0,hll_roe_correction_s4,hll_roe,11000,3e-06,4.115754927624948e-05,5.973147401448271e-05,7.726685625378519e-05,0.04476839344425691,0.2175750434398651,False
