case,group,method,rollout_nrmse,final_snapshot_nrmse,mean_normalized_final_tv_excess,mean_normalized_global_range_violation,total_excess_significant_extrema,minimum_density,minimum_pressure,hard_projection_intervention_rate,max_boundary_aware_entropy_balance_violation
sod,centered,native_hllc_512,0.007644777186214924,0.008990265429019928,0.0015517870585123699,0.0007254679997762045,0,0.125,0.10000000149011612,,
sod,centered,hllc_roe_correction,0.004334146622568369,0.004237383604049683,0.0551948348681132,0.012202143669128418,6,0.125,0.10000000149011612,0.016276830366849935,-0.0010866045503163946
sod,centered,nonnegative_control,0.004529246594756842,0.0040554082952439785,0.06378219525019328,0.008390287558237711,9,0.125,0.10000000149011612,0.017127170502904358,-0.001081297505287182
sod,centered,nonnegative_feasibility,0.006188596598803997,0.0062584541738033295,0.1992661158243815,0.030508220195770264,6,0.125,0.10000000149011612,0.014614978411455906,-0.0012698319482780107
lax,centered,native_hllc_512,0.042972713708877563,0.05072939395904541,0.006954933337081482,0.002995403859070249,0,0.33981072902679443,0.5710000395774841,,
lax,centered,hllc_roe_correction,0.02398444339632988,0.025169363245368004,0.058622588003439856,0.015218412696948016,8,0.2853558659553528,0.5710000395774841,0.015267294132264778,-0.010951509861456543
lax,centered,nonnegative_control,0.027935871854424477,0.030751114711165428,0.11056421196832762,0.023106619024410757,8,0.25564149022102356,0.5710000395774841,0.016544745752182153,-0.010131578197615454
lax,centered,nonnegative_feasibility,0.03459610790014267,0.03834393620491028,0.01506652584373744,0.0025748146919039442,1,0.3235186040401459,0.5710000395774841,0.01524399714223589,-0.013743062462822309
collision,centered,native_hllc_512,0.06288647651672363,0.05336242914199829,0.051306346522390474,2.873493801528769e-05,0,1.0,1.0,,
collision,centered,hllc_roe_correction,0.049967680126428604,0.045515693724155426,0.05934374682155923,0.010457548106047987,10,0.9177682995796204,0.9080427289009094,0.6911362718603423,-0.08302693983036136
collision,centered,nonnegative_control,0.039061039686203,0.04594232887029648,0.003413686670426535,0.000996079726084654,4,0.9351309537887573,0.9204531908035278,0.7002609262883236,-0.08684002016266845
collision,centered,nonnegative_feasibility,0.03885240852832794,0.046536028385162354,0.03456722590212998,0.008409398470179831,11,0.941007137298584,0.9226453900337219,0.6989834746684062,-0.09278245376779637
strong_pressure,centered,native_hllc_512,0.12120673060417175,0.16998277604579926,0.007924679980830511,0.004379166436370404,0,0.5615903735160828,0.05000000074505806,,
strong_pressure,centered,hllc_roe_correction,0.07996848970651627,0.09929560869932175,0.05240086959265139,0.007869832839991155,8,0.5011988878250122,0.05000000074505806,0.009454695120057156,-0.16623554207444613
strong_pressure,centered,nonnegative_control,0.085115447640419,0.10502636432647705,0.08759114499507999,0.016727645762771085,11,0.4928432106971741,0.05000000074505806,0.009994408722393067,-0.16422787522037652
strong_pressure,centered,nonnegative_feasibility,0.08971372246742249,0.11908180266618729,0.08284019448480413,0.013417431063981746,2,0.4760105013847351,0.05000000074505806,0.00941586680334234,-0.1824889707576176
near_vacuum_expansion,centered,native_hllc_512,0.023001139983534813,0.023862935602664948,3.9736429850260414e-08,0.0,0,0.02066754177212715,0.008250758051872253,,
near_vacuum_expansion,centered,hllc_roe_correction,0.00885027926415205,0.009350283071398735,2.2172927856445312e-05,1.7881393432617188e-07,0,0.017561718821525574,0.00902433879673481,0.6250854222967726,-0.003668996828764648
near_vacuum_expansion,centered,nonnegative_control,0.011364087462425232,0.012671759352087975,0.017399330933888752,0.00023189854497710863,8,0.01461542584002018,0.0028173457831144333,0.6005925201130681,-5.7321130952914245e-08
near_vacuum_expansion,centered,nonnegative_feasibility,0.00983635988086462,0.010323726572096348,0.0643958846728007,0.003681620117276907,3,0.004979401361197233,0.0008753246511332691,0.6048209238033113,-4.728804015030619e-08
contact_right_exit,boundary_interaction,native_hllc_512,0.009725094772875309,0.0022314453963190317,0.01412959893544515,0.01412959893544515,0,0.25,1.0,,
contact_right_exit,boundary_interaction,hllc_roe_correction,0.007345056626945734,0.0006031011580489576,0.006160179773705939,0.003844062487215657,1,0.25,0.999997615814209,0.46337713167458766,-4.489630082524232e-06
contact_right_exit,boundary_interaction,nonnegative_control,0.007266158238053322,0.000801903021056205,0.01040355364448923,0.005993982156046703,2,0.25,0.9999983906745911,0.46694157114900753,-8.32687274751609e-06
contact_right_exit,boundary_interaction,nonnegative_feasibility,0.007213883101940155,0.000407635496230796,0.006365358829351446,0.004067341486546638,1,0.25,0.9999986886978149,0.011240797688938589,-4.411738358932327e-06
contact_left_exit,boundary_interaction,native_hllc_512,0.009725094772875309,0.0022314409725368023,0.014129559199015299,0.014129559199015299,0,0.25,1.0,,
contact_left_exit,boundary_interaction,hllc_roe_correction,0.008965452201664448,0.0026891145389527082,0.05338156223297119,0.02322918176651001,7,0.25,0.9999979138374329,0.4422040505699997,-6.321849683757486e-05
contact_left_exit,boundary_interaction,nonnegative_control,0.00753621943295002,0.0007253499352373183,0.011023720105489096,0.005541304747263591,4,0.25,0.9999972581863403,0.4655942285590035,-8.416196327715175e-06
contact_left_exit,boundary_interaction,nonnegative_feasibility,0.010022992268204689,0.0021172231063246727,0.025448958079020183,0.016655484835306805,2,0.25,0.9999974370002747,0.43157285745348367,-3.373887672103448e-05
pressure_right_exit,boundary_interaction,native_hllc_512,0.1328648179769516,0.11646619439125061,0.025117482726973967,0.01403367554454848,0,0.5615903735160828,0.05000000074505806,,
pressure_right_exit,boundary_interaction,hllc_roe_correction,0.0943395346403122,0.06033577397465706,0.0775358420946837,0.01833166435353216,11,0.5011988878250122,0.05000000074505806,0.009454695120057156,-0.019016092822539576
pressure_right_exit,boundary_interaction,nonnegative_control,0.10242605954408646,0.05631168931722641,0.08879499885747276,0.021184973159167692,12,0.4928432106971741,0.05000000074505806,0.009998291554064549,-0.013368519373443633
pressure_right_exit,boundary_interaction,nonnegative_feasibility,0.0982404425740242,0.06498679518699646,0.10263390470273388,0.01904837563789807,5,0.4760105013847351,0.05000000074505806,0.009419749635013823,-0.019338034762085954
