seed,split,comparator,candidate,comparator_rollout_nrmse,candidate_rollout_nrmse,relative_change_percent,candidate_local_limiter_intervention_rate,candidate_fd_entropy_intervention_rate
0,ordinary_id,direct_broad_converged_best,full_flux_broad_converged_best,0.011436939498612964,0.00903176283392338,-21.02989759612941,0.0,0.0
0,broad_random_in_support,direct_broad_converged_best,full_flux_broad_converged_best,0.03307803516754148,0.01920220942875191,-41.948760464483435,0.0,0.0007407407407407407
0,moderate_ood_high_frequency,direct_broad_converged_best,full_flux_broad_converged_best,0.006677296999784088,0.005753635246494493,-13.832869098371114,0.0,0.0
0,sod,direct_broad_converged_best,full_flux_broad_converged_best,0.020117149903617848,0.03687297008125125,83.29122295112018,0.0,0.0
0,lax,direct_broad_converged_best,full_flux_broad_converged_best,0.06598664742727536,0.07096369727670541,7.542510558541893,0.0,0.0
0,collision,direct_broad_converged_best,full_flux_broad_converged_best,0.11684410797669695,0.12934806579476038,10.701402094282052,0.0,0.0
0,strong_pressure,direct_broad_converged_best,full_flux_broad_converged_best,0.12433850488075796,0.11199146756277399,-9.930179979102139,0.0,0.0
0,near_vacuum_expansion,direct_broad_converged_best,full_flux_broad_converged_best,0.11299746328019754,0.1383555218010886,22.441263533510657,0.0,0.0
0,ordinary_id,dissipation_broad_converged_best,full_flux_broad_converged_best,0.009132230837398706,0.00903176283392338,-1.1001474367455133,0.0,0.0
0,broad_random_in_support,dissipation_broad_converged_best,full_flux_broad_converged_best,0.02303506695316423,0.01920220942875191,-16.639228929550896,0.0,0.0007407407407407407
0,moderate_ood_high_frequency,dissipation_broad_converged_best,full_flux_broad_converged_best,0.006798458041226869,0.005753635246494493,-15.368526045118081,0.0,0.0
0,sod,dissipation_broad_converged_best,full_flux_broad_converged_best,0.014677816211361282,0.03687297008125125,151.215641007345,0.0,0.0
0,lax,dissipation_broad_converged_best,full_flux_broad_converged_best,0.05524289743886709,0.07096369727670541,28.457594671306442,0.0,0.0
0,collision,dissipation_broad_converged_best,full_flux_broad_converged_best,0.075152315766467,0.12934806579476038,72.11454427659241,0.0,0.0
0,strong_pressure,dissipation_broad_converged_best,full_flux_broad_converged_best,0.08845181729941635,0.11199146756277399,26.61296396395574,0.0,0.0
0,near_vacuum_expansion,dissipation_broad_converged_best,full_flux_broad_converged_best,0.07935008507353197,0.1383555218010886,74.36089913813903,0.0,0.0
