system,split_group,method,seed,parameter_count,case_count,fully_completed_case_count,mean_completion_rate,mean_rollout_nrmse_over_completed_cases,mean_rollout_nrmse_all_finite_outputs,maximum_relative_conservation_drift,maximum_saved_snapshot_entropy_increase,minimum_density_or_depth,minimum_pressure,maximum_interface_entropy_residual,maximum_internal_total_entropy_change,mean_internal_substeps,mean_local_limiter_intervention_rate,mean_fd_entropy_intervention_rate,mean_direct_dt_halvings
euler,canonical,fno64,0,30819,5,2,0.4,0.09845562949122072,0.1476638686145177,0.03421719573573986,0.060412815695514155,-0.26571986079216003,-1.059716629571097e+28,nan,nan,nan,nan,nan,0.0
euler,canonical,hcfl64,0,6411,5,5,1.0,0.08048578805852756,0.08048578805852756,6.472194936063994e-08,-0.006676124737404976,0.03783678263425827,0.0009418703848496079,1.951436781416437e-14,-0.006676124737404976,63.0,0.0,0.0,0.0
euler,canonical,hcfl64,1,6411,5,5,1.0,0.08706563727596706,0.08706563727596706,1.0184860327665685e-07,-0.0068346109711550085,0.02141682803630829,0.0008038148516789079,2.6482387051842055e-14,-0.0068346109711550085,63.0,0.0,0.0,0.0
euler,canonical,hcfl64,2,6411,5,5,1.0,0.08018285585575911,0.08018285585575911,7.522577167636215e-08,-0.006772926495444587,0.03733875975012779,0.0028361466247588396,1.3394915129831547e-14,-0.006772926495444587,63.0,0.0,0.0,0.0
euler,canonical,hcfl64_no_low,0,6411,5,5,1.0,0.08048579443357154,0.08048579443357154,7.395074707805382e-08,-0.006676124737404976,0.03783678635954857,0.0009418704430572689,1.951436781416437e-14,-0.006676124737404976,63.0,nan,nan,0.0
euler,canonical,hcfl64_no_low,1,6411,5,5,1.0,0.08706563746603405,0.08706563746603405,1.0184860327665685e-07,-0.0068346109711550085,0.021416861563920975,0.0008038179948925972,2.6482387051842055e-14,-0.0068346109711550085,63.0,nan,nan,0.0
euler,canonical,hcfl64_no_low,2,6411,5,5,1.0,0.08018285845845281,0.08018285845845281,7.522577167636215e-08,-0.006772926495444587,0.03733878210186958,0.0028361466247588396,1.3394915129831547e-14,-0.006772926495444587,63.0,nan,nan,0.0
euler,canonical,learned_flux64,0,6411,5,4,0.8,0.11709007008023681,0.1290760646340336,5.967531735549295e-08,1.0060885292847717,0.12171200662851334,-0.005520605947822332,nan,nan,nan,nan,nan,0.0
euler,canonical,muscl_fvm64,-1,0,5,5,1.0,0.09431741953594482,0.09431741953594482,1.1776724169331212e-08,-0.0021031678352319005,0.10985898226499557,0.03564225509762764,nan,nan,nan,nan,nan,0.0
euler,canonical,native_fvm64,-1,0,5,5,1.0,0.14104608693607862,0.14104608693607862,1.2672355032374716e-08,-0.00924534199122995,0.125,0.05000000074505806,nan,nan,nan,nan,nan,0.0
euler,random,fno64,0,30819,3,1,0.9583333333333334,0.014564446464739162,0.04438988104303169,0.01956741198099873,1.4585059455379223,-0.14308127760887146,-2.0066364661606388e+29,nan,nan,nan,nan,nan,0.0
euler,random,hcfl64,0,6411,3,3,1.0,0.02696054119507754,0.02696054119507754,2.1306416357961397e-08,-1.085749772755662e-06,0.17134714126586914,0.11789045482873917,3.479199788349851e-09,-1.085749772755662e-06,15.0,0.0,0.000925925925925926,0.0
euler,random,hcfl64,1,6411,3,3,1.0,0.025074906740945823,0.025074906740945823,2.0273474790453444e-08,-0.00023592246130021977,1.4409422874450684e-05,0.0888494998216629,2.6136682650293374e-08,-7.871496450206905e-06,16.0,4.8225308641975306e-05,0.0007716049382716049,0.0
euler,random,hcfl64,2,6411,3,3,1.0,0.02474132462721068,0.02474132462721068,1.9397572307666635e-08,-5.402757068395658e-07,0.17180444300174713,0.09811002016067505,1.7130100458522374e-07,-5.402757068395658e-07,15.0,0.0,0.000925925925925926,0.0
euler,random,hcfl64_no_low,0,6411,3,3,1.0,0.026944400464897083,0.026944400464897083,2.1306416357961397e-08,-0.0002127426209383998,0.17134736478328705,0.11801383644342422,2.4680739069347925e-08,-0.0002127426209383998,15.333333333333334,nan,nan,0.6666666666666666
euler,random,hcfl64_no_low,1,6411,3,3,1.0,0.024540192331570287,0.024540192331570287,3.0259601238728066e-08,-0.00023592246130021977,0.009718744084239006,0.0888494998216629,2.6136682650293374e-08,-0.000181531398894208,16.666666666666668,nan,nan,0.6666666666666666
euler,random,hcfl64_no_low,2,6411,3,3,1.0,0.024740316985026184,0.024740316985026184,1.9397572307666635e-08,-0.00026929766465144667,0.17180444300174713,0.09811002016067505,1.7130100458522374e-07,-0.00014316417837534345,15.333333333333334,nan,nan,0.3333333333333333
euler,random,learned_flux64,0,6411,3,3,1.0,0.02966608490207846,0.02966608490207846,2.4095625905631503e-08,-0.0005553804938820406,0.08146997541189194,0.11423789709806442,nan,nan,nan,nan,nan,0.0
euler,random,muscl_fvm64,-1,0,3,3,1.0,0.0213624719596401,0.0213624719596401,8.664941579727146e-09,0.0006584082080962617,0.1715332716703415,0.11824239790439606,nan,nan,nan,nan,nan,0.0
euler,random,native_fvm64,-1,0,3,3,1.0,0.03467438138168776,0.03467438138168776,7.819227817065545e-09,-0.0005747400625892851,0.17189852893352509,0.11824239790439606,nan,nan,nan,nan,nan,0.0
swe,canonical,fno64,0,30770,4,4,1.0,0.04760815991287047,0.04760815991287047,0.050466633321189745,1.0272163830595673,0.5140440464019775,nan,nan,nan,nan,nan,nan,0.0
swe,canonical,hcfl64,0,6050,4,4,1.0,0.03833448595137548,0.03833448595137548,3.6159350116448586e-08,-0.0014183671635805695,0.4944790005683899,nan,1.3688869020330206e-14,-0.0014183671635805695,50.0,0.0,0.0,0.0
swe,canonical,hcfl64,1,6050,4,4,1.0,0.03639125345369779,0.03639125345369779,3.0567358269751565e-08,-0.0011171856397709234,0.49718427658081055,nan,1.072500163503258e-14,-0.0011171856397709234,50.0,0.0,0.0,0.0
swe,canonical,hcfl64,2,6050,4,4,1.0,0.038204003754793166,0.038204003754793166,3.80720920195087e-08,-0.0009146824521621966,0.49912771582603455,nan,1.2362381543612081e-14,-0.0009146824521621966,50.0,0.0,0.0,0.0
swe,canonical,hcfl64_no_low,0,6050,4,4,1.0,0.038334486178950675,0.038334486178950675,3.6159350116448586e-08,-0.0014183671635805695,0.4944790005683899,nan,1.3688869020330206e-14,-0.0014183671635805695,50.0,nan,nan,0.0
swe,canonical,hcfl64_no_low,1,6050,4,4,1.0,0.03639125345369779,0.03639125345369779,3.0567358269751565e-08,-0.0011171856397709234,0.49718427658081055,nan,1.072500163503258e-14,-0.0011171856397709234,50.0,nan,nan,0.0
swe,canonical,hcfl64_no_low,2,6050,4,4,1.0,0.038204003754793166,0.038204003754793166,3.80720920195087e-08,-0.0009146824521621966,0.49912771582603455,nan,1.2362381543612081e-14,-0.0009146824521621966,50.0,nan,nan,0.0
swe,canonical,learned_flux64,0,6050,4,4,1.0,0.05625479716165428,0.05625479716165428,2.235593243385551e-08,-0.0070338476343181355,0.550000011920929,nan,nan,nan,nan,nan,nan,0.0
swe,canonical,muscl_fvm64,-1,0,4,4,1.0,0.03158279771378488,0.03158279771378488,1.2304900140705212e-08,-1.4979605566622922e-05,0.550000011920929,nan,nan,nan,nan,nan,nan,0.0
swe,canonical,native_fvm64,-1,0,4,4,1.0,0.06811271180555985,0.06811271180555985,1.0648002696016194e-08,-0.008421018232468214,0.550000011920929,nan,nan,nan,nan,nan,nan,0.0
swe,random,fno64,0,30770,3,3,1.0,0.05386283982369968,0.05386283982369968,0.0387851885076491,8.85885491488034,0.18265320360660553,nan,nan,nan,nan,nan,nan,0.0
swe,random,hcfl64,0,6050,3,3,1.0,0.04416803843913648,0.04416803843913648,3.390599325373413e-08,-0.0003802702914299516,0.18761081993579865,nan,1.2649860068399306e-13,-0.0003802702914299516,17.0,0.0,0.0,0.0
swe,random,hcfl64,1,6050,3,3,1.0,0.04050658077338202,0.04050658077338202,3.237855641195473e-08,-0.00032739842879436765,0.05522022023797035,nan,1.4373621116917806e-13,-0.00032739842879436765,17.0,0.0,0.0,0.0
swe,random,hcfl64,2,6050,3,3,1.0,0.04153949009812248,0.04153949009812248,2.920042763442262e-08,-0.0002637671017282628,0.17158088088035583,nan,1.64647081674085e-13,-0.0002637671017282628,17.0,0.0,0.0,0.0
swe,random,hcfl64_no_low,0,6050,3,3,1.0,0.04416803838782644,0.04416803838782644,3.390599325373413e-08,-0.0003802702914299516,0.18761081993579865,nan,1.2649860068399306e-13,-0.0003802702914299516,17.0,nan,nan,0.0
swe,random,hcfl64_no_low,1,6050,3,3,1.0,0.04050658136724616,0.04050658136724616,3.237855641195473e-08,-0.00032739842879436765,0.05522017925977707,nan,1.4373621116917806e-13,-0.00032739842879436765,17.0,nan,nan,0.0
swe,random,hcfl64_no_low,2,6050,3,3,1.0,0.041539490075178424,0.041539490075178424,2.920042763442262e-08,-0.0002637671017282628,0.17158089578151703,nan,1.64647081674085e-13,-0.0002637671017282628,17.0,nan,nan,0.0
swe,random,learned_flux64,0,6050,3,3,1.0,0.05685457910619881,0.05685457910619881,2.4411892603371498e-08,-0.0007998976622047849,0.24860334396362305,nan,nan,nan,nan,nan,nan,0.0
swe,random,muscl_fvm64,-1,0,3,3,1.0,0.040574317779077225,0.040574317779077225,8.221221994944066e-09,-1.9225574305892223e-06,0.23456749320030212,nan,nan,nan,nan,nan,nan,0.0
swe,random,native_fvm64,-1,0,3,3,1.0,0.06966535667630656,0.06966535667630656,1.0435240771507601e-08,-0.0008565841836798427,0.26461854577064514,nan,nan,nan,nan,nan,nan,0.0
