system,split_group,split,method,seed,parameter_count,trajectory_count,completed_trajectories,completion_rate,rollout_nrmse_all_finite_outputs,rollout_nrmse_completed_only,final_snapshot_nrmse_completed_only,maximum_relative_conservation_drift,saved_snapshot_entropy_violation_rate,maximum_saved_snapshot_entropy_increase,minimum_density_or_depth,minimum_pressure,substeps,admissibility_dt_halvings,seconds,interface_entropy_violation_rate,maximum_interface_entropy_residual,maximum_internal_total_entropy_change,local_limiter_intervention_rate,fd_entropy_intervention_rate,minimum_fd_beta,internal_substeps,direct_dt_halvings,uses_low_order_flux
euler,random,ordinary,native_fvm64,-1,0,24,24,1.0,0.007484756061308694,0.007484756061308694,0.014344345465121176,7.0945535315368125e-09,0.0,-0.0005747400625892851,0.629219651222229,0.6272655725479126,15,0,0.01818939996883273,,,,,,,,,
euler,random,ordinary,muscl_fvm64,-1,0,24,24,1.0,0.0045275140357722305,0.0045275140357722305,0.00882327679581173,6.583454456227574e-09,0.0,-1.5126898489370433e-06,0.6234798431396484,0.6120151877403259,15,0,0.0286336001008749,,,,,,,,,
euler,random,ordinary,hcfl64,0,6411,24,24,1.0,0.008997194968832077,0.008997194968832077,0.014542632795155878,1.7882717984528634e-08,0.0,-0.0002127426209383998,0.6487593650817871,0.6144875884056091,,,,0.0,1.7152854356779483e-14,-0.0002127426209383998,0.0,0.0,1.0,15.0,,
euler,random,ordinary,hcfl64_no_low,0,6411,24,24,1.0,0.008997194968832077,0.008997194968832077,0.014542632795155878,1.7882717984528634e-08,0.0,-0.0002127426209383998,0.6487593650817871,0.6144875884056091,,,,0.0,1.7152854356779483e-14,-0.0002127426209383998,,,,15.0,0.0,False
euler,random,ordinary,hcfl64,1,6411,24,24,1.0,0.007021769794873912,0.007021769794873912,0.01168903768615219,1.896878114267145e-08,0.0,-0.00023592246130021977,0.6221714019775391,0.6121657490730286,,,,0.0,1.7152854356779483e-14,-0.00023592246130021977,0.0,0.0,1.0,15.0,,
euler,random,ordinary,hcfl64_no_low,1,6411,24,24,1.0,0.007021769826726954,0.007021769826726954,0.011689037729705573,1.896878114267145e-08,0.0,-0.00023592246130021977,0.6221714019775391,0.6121657490730286,,,,0.0,1.7152854356779483e-14,-0.00023592246130021977,,,,15.0,0.0,False
euler,random,ordinary,hcfl64,2,6411,24,24,1.0,0.007921746005657477,0.007921746005657477,0.012896254672510828,1.3786974064791065e-08,0.0,-5.402757068395658e-07,0.634128749370575,0.6216485500335693,,,,0.0,1.7152854356779483e-14,-5.402757068395658e-07,0.0,0.002777777777777778,0.969876766204834,15.0,,
euler,random,ordinary,hcfl64_no_low,2,6411,24,24,1.0,0.007918721839914395,0.007918721839914395,0.01290382549580824,1.505020601068545e-08,0.0,-0.00026929766465144667,0.634146511554718,0.6217035055160522,,,,0.0,1.7152854356779483e-14,-0.00014316417837534345,,,,16.0,1.0,False
euler,random,ordinary,learned_flux64,0,6411,24,24,1.0,0.006900245291338821,0.006900245291338821,0.01240680624315827,1.6308184403780697e-08,0.0,-0.0005553804938820406,0.6513621807098389,0.6202570199966431,,,,,,,,,,,,
euler,random,ordinary,fno64,0,30819,24,24,1.0,0.014564446464739162,0.014564446464739162,0.023451069770200075,0.009040326455099694,0.03611111111111111,0.0023391023390928467,0.5915044546127319,0.3495418429374695,,,,,,,,,,,,
euler,random,broad,native_fvm64,-1,0,24,24,1.0,0.03555906673674301,0.03555906673674301,0.06367978771763315,7.2891839851494626e-09,0.0,-0.003141929368439378,0.2149304300546646,0.32358476519584656,15,0,0.017437499947845936,,,,,,,,,
euler,random,broad,muscl_fvm64,-1,0,24,24,1.0,0.021671973144337595,0.021671973144337595,0.03866926441184554,6.126481297931599e-09,0.0,-2.6318605151232077e-05,0.19465430080890656,0.31272923946380615,15,0,0.02699939999729395,,,,,,,,,
euler,random,broad,hcfl64,0,6411,24,24,1.0,0.027401997249296706,0.027401997249296706,0.04373773641605488,2.1306416357961397e-08,0.0,-0.0016503033831725133,0.2056022733449936,0.235103040933609,,,,0.0,1.1281929371272529e-14,-0.0016503033831725133,0.0,0.0,1.0,15.0,,
euler,random,broad,hcfl64_no_low,0,6411,24,24,1.0,0.027401996658175182,0.027401996658175182,0.04373773580340677,2.1306416357961397e-08,0.0,-0.0016503033831725133,0.20560228824615479,0.23510301113128662,,,,0.0,1.1281929371272529e-14,-0.0016503033831725133,,,,15.0,0.0,False
euler,random,broad,hcfl64,1,6411,24,24,1.0,0.026204542986525324,0.026204542986525324,0.04211527675565409,1.9224597042417076e-08,0.0,-0.0018030495525920287,0.22423645853996277,0.22826825082302094,,,,0.0,2.6136682650293374e-08,-0.0018030495525920287,0.0,0.0,1.0,15.0,,
euler,random,broad,hcfl64_no_low,1,6411,24,24,1.0,0.026204542845086335,0.026204542845086335,0.04211527673382037,1.968638892959785e-08,0.0,-0.0018030495525920287,0.22423645853996277,0.22826825082302094,,,,0.0,2.6136682650293374e-08,-0.0018030495525920287,,,,15.0,0.0,False
euler,random,broad,hcfl64,2,6411,24,24,1.0,0.025802046697389787,0.025802046697389787,0.04190657982557935,1.773580997150669e-08,0.0,-0.001930524991536231,0.23144017159938812,0.26714059710502625,,,,0.0,1.7130100458522374e-07,-0.001930524991536231,0.0,0.0,1.0,15.0,,
euler,random,broad,hcfl64_no_low,2,6411,24,24,1.0,0.02580204722336494,0.02580204722336494,0.04190658052837119,1.773580997150669e-08,0.0,-0.001930524991536231,0.2314402163028717,0.26714056730270386,,,,0.0,1.7130100458522374e-07,-0.001930524991536231,,,,15.0,0.0,False
euler,random,broad,learned_flux64,0,6411,24,24,1.0,0.02999378781997341,0.02999378781997341,0.05254368436532888,2.4095625905631503e-08,0.0,-0.002592064834303187,0.21940450370311737,0.25041013956069946,,,,,,,,,,,,
euler,random,broad,fno64,0,30819,24,23,0.9583333134651184,0.04749113424915877,0.04559470292621385,0.07211016580657484,0.01956741198099873,0.19420289855072465,0.2610543199306221,-0.006910731550306082,-7.500491593147701e+27,,,,,,,,,,,,
euler,random,extreme,native_fvm64,-1,0,24,24,1.0,0.06097932134701158,0.06097932134701158,0.09974908144729733,7.819227817065545e-09,0.0,-0.001498410883186807,0.17189852893352509,0.11824239790439606,15,0,0.01576410001143813,,,,,,,,,
euler,random,extreme,muscl_fvm64,-1,0,24,24,1.0,0.037887928698810476,0.037887928698810476,0.062480900989238135,8.664941579727146e-09,0.03333333333333333,0.0006584082080962617,0.1715332716703415,0.11824239790439606,15,0,0.026074199937283993,,,,,,,,,
euler,random,extreme,hcfl64,0,6411,24,24,1.0,0.04448243136710383,0.04448243136710383,0.06790629026976036,1.9349198286553847e-08,0.0,-1.085749772755662e-06,0.17134714126586914,0.11789045482873917,,,,0.0,3.479199788349851e-09,-1.085749772755662e-06,0.0,0.002777777777777778,0.9152172207832336,15.0,,
euler,random,extreme,hcfl64_no_low,0,6411,24,24,1.0,0.04443400976768398,0.04443400976768398,0.06785708572118511,1.6614650948746197e-08,0.0,-0.0010767894279410939,0.17134736478328705,0.11801383644342422,,,,0.0,2.4680739069347925e-08,-0.0002766503370708051,,,,16.0,2.0,False
euler,random,extreme,hcfl64,1,6411,24,24,1.0,0.04199840744143823,0.04199840744143823,0.062051387592725465,2.0273474790453444e-08,0.0,-0.0013535524485064343,1.4409422874450684e-05,0.0888494998216629,,,,0.0,1.065665721996637e-14,-7.871496450206905e-06,0.00014467592592592592,0.0023148148148148147,0.7236319780349731,18.0,,
euler,random,extreme,hcfl64_no_low,1,6411,24,24,1.0,0.04039426432289757,0.04039426432289757,0.06001351633848951,3.0259601238728066e-08,0.0,-0.0013539365544517068,0.009718744084239006,0.0888494998216629,,,,0.0,1.065665721996637e-14,-0.000181531398894208,,,,20.0,2.0,False
euler,random,extreme,hcfl64,2,6411,24,24,1.0,0.04050018117858479,0.04050018117858479,0.06157867341265033,1.9397572307666635e-08,0.0,-0.0018508649223747398,0.17180444300174713,0.09811002016067505,,,,0.0,1.7205477602116637e-14,-0.0018508649223747398,0.0,0.0,1.0,15.0,,
euler,random,extreme,hcfl64_no_low,2,6411,24,24,1.0,0.040500181891799214,0.040500181891799214,0.06157867443950693,1.9397572307666635e-08,0.0,-0.0018508649223747398,0.17180444300174713,0.09811002016067505,,,,0.0,1.7205477602116637e-14,-0.0018508649223747398,,,,15.0,0.0,False
euler,random,extreme,learned_flux64,0,6411,24,24,1.0,0.05210422159492314,0.05210422159492314,0.08504373269346137,1.920495138752687e-08,0.0,-0.0015956114407345012,0.08146997541189194,0.11423789709806442,,,,,,,,,,,,
euler,random,extreme,fno64,0,30819,24,22,0.9166666865348816,0.07111406241519715,0.06734114068223929,0.10456024636548628,0.008405470021831818,0.31212121212121213,1.4585059455379223,-0.14308127760887146,-2.0066364661606388e+29,,,,,,,,,,,,
euler,canonical,sod,native_fvm64,-1,0,1,1,1.0,0.026331770534889557,0.026331770534889557,0.03693802227270047,8.41194583529254e-09,0.0,-0.00924534199122995,0.125,0.10000000149011612,63,0,0.043041500030085444,,,,,,,,,
euler,canonical,sod,muscl_fvm64,-1,0,1,1,1.0,0.013366738567131373,0.013366738567131373,0.0187373465217034,1.1776724169331212e-08,0.0,-0.0021031678352319005,0.125,0.10000000149011612,63,0,0.06869959994219244,,,,,,,,,
euler,canonical,sod,hcfl64,0,6411,1,1,1.0,0.025252327333320154,0.025252327333320154,0.03348055025011233,6.060905351078541e-08,0.0,-0.006676124737404976,0.125,0.10000000149011612,,,,0.0,3.218988917980513e-15,-0.006676124737404976,0.0,0.0,1.0,63.0,,
euler,canonical,sod,hcfl64_no_low,0,6411,1,1,1.0,0.025252327333320154,0.025252327333320154,0.03348055025011233,6.060905351078541e-08,0.0,-0.006676124737404976,0.125,0.10000000149011612,,,,0.0,3.218988917980513e-15,-0.006676124737404976,,,,63.0,0.0,False
euler,canonical,sod,hcfl64,1,6411,1,1,1.0,0.020262067774154232,0.020262067774154232,0.029999751780896207,6.879703242932483e-08,0.0,-0.0068346109711550085,0.125,0.10000000149011612,,,,0.0,3.085307134220185e-15,-0.0068346109711550085,0.0,0.0,1.0,63.0,,
euler,canonical,sod,hcfl64_no_low,1,6411,1,1,1.0,0.020262067774154232,0.020262067774154232,0.029999751780896207,6.879703242932483e-08,0.0,-0.0068346109711550085,0.125,0.10000000149011612,,,,0.0,3.085307134220185e-15,-0.0068346109711550085,,,,63.0,0.0,False
euler,canonical,sod,hcfl64,2,6411,1,1,1.0,0.021176388348674434,0.021176388348674434,0.030956432575353222,7.522577167636215e-08,0.0,-0.006772926495444587,0.125,0.10000000149011612,,,,0.0,2.189248899360651e-15,-0.006772926495444587,0.0,0.0,1.0,63.0,,
euler,canonical,sod,hcfl64_no_low,2,6411,1,1,1.0,0.021176388348674434,0.021176388348674434,0.030956432575353222,7.522577167636215e-08,0.0,-0.006772926495444587,0.125,0.10000000149011612,,,,0.0,2.189248899360651e-15,-0.006772926495444587,,,,63.0,0.0,False
euler,canonical,sod,learned_flux64,0,6411,1,1,1.0,0.036985318523384485,0.036985318523384485,0.05678737300225766,3.5831875979323634e-08,0.6507936507936508,1.0060885292847717,0.12171200662851334,0.0016077280743047595,,,,,,,,,,,,
euler,canonical,sod,fno64,0,30819,1,1,1.0,0.05592505788768379,0.05592505788768379,0.07526025706298012,0.0141180473326512,0.2222222222222222,0.0045244376951902865,0.06453519314527512,0.04508929327130318,,,,,,,,,,,,
euler,canonical,lax,native_fvm64,-1,0,1,1,1.0,0.114992487284839,0.114992487284839,0.17004442290830302,1.1032902864665105e-08,0.0,-0.04460664565748118,0.2546890377998352,0.5710000395774841,63,0,0.042911099968478084,,,,,,,,,
euler,canonical,lax,muscl_fvm64,-1,0,1,1,1.0,0.06697843183974306,0.06697843183974306,0.09676497524089601,7.4387024332742375e-09,0.0,-0.03048037999793962,0.23100383579730988,0.5710000395774841,63,0,0.06641230010427535,,,,,,,,,
euler,canonical,lax,hcfl64,0,6411,1,1,1.0,0.08803647677085986,0.08803647677085986,0.1455982497000016,6.472194936063994e-08,0.0,-0.034756570325512826,0.221418097615242,0.5710000395774841,,,,0.0,0.0,-0.034756570325512826,0.0,0.0,1.0,63.0,,
euler,canonical,lax,hcfl64_no_low,0,6411,1,1,1.0,0.08803647630136334,0.08803647630136334,0.14559823947706144,7.395074707805382e-08,0.0,-0.03475659030587508,0.221418097615242,0.5710000395774841,,,,0.0,0.0,-0.03475659030587508,,,,63.0,0.0,False
euler,canonical,lax,hcfl64,1,6411,1,1,1.0,0.0944988840403045,0.0944988840403045,0.15150662976698837,2.7982945205795673e-08,0.0,-0.039160617571155854,0.19007866084575653,0.5710000395774841,,,,0.0,0.0,-0.039160617571155854,0.0,0.0,1.0,63.0,,
euler,canonical,lax,hcfl64_no_low,1,6411,1,1,1.0,0.09449888609322825,0.09449888609322825,0.15150663196623687,2.7982945205795673e-08,0.0,-0.03916062012802968,0.19007867574691772,0.5710000395774841,,,,0.0,0.0,-0.03916062012802968,,,,63.0,0.0,False
euler,canonical,lax,hcfl64,2,6411,1,1,1.0,0.08648521070831088,0.08648521070831088,0.15217052698533212,3.602360751350405e-08,0.0,-0.043174652890769494,0.2301231026649475,0.5710000395774841,,,,0.0,0.0,-0.043174652890769494,0.0,0.0,1.0,63.0,,
euler,canonical,lax,hcfl64_no_low,2,6411,1,1,1.0,0.08648521070910131,0.08648521070910131,0.15217052698533212,3.602360751350405e-08,0.0,-0.043174652890769494,0.2301231026649475,0.5710000395774841,,,,0.0,0.0,-0.043174652890769494,,,,63.0,0.0,False
euler,canonical,lax,learned_flux64,0,6411,1,1,1.0,0.09304319758582105,0.09304319758582105,0.1457443124167839,5.967531735549295e-08,0.0,-0.047249967881299426,0.16498000919818878,0.5710000395774841,,,,,,,,,,,,
euler,canonical,lax,fno64,0,30819,1,1,1.0,0.14098620109475765,0.14098620109475765,0.22898655563628306,0.010419699294733836,0.6507936507936508,0.060412815695514155,0.1881033331155777,0.5368978381156921,,,,,,,,,,,,
euler,canonical,collision,native_fvm64,-1,0,1,1,1.0,0.18571614181715349,0.18571614181715349,0.19389432694484768,8.195638656616212e-09,0.0,-0.12097596903814534,0.20620329678058624,0.22753596305847168,63,0,0.042903400026261806,,,,,,,,,
euler,canonical,collision,muscl_fvm64,-1,0,1,1,1.0,0.12637592798594632,0.12637592798594632,0.21253107669759244,7.078051567077636e-09,0.0,-0.04595425980798318,0.14890895783901215,0.10572298616170883,63,0,0.06578050018288195,,,,,,,,,
euler,canonical,collision,hcfl64,0,6411,1,1,1.0,0.0798584070574878,0.0798584070574878,0.09219956777338557,6.227443615595499e-08,0.0,-0.10518335545812896,0.11501342803239822,0.06867105513811111,,,,0.0,0.0,-0.10518335545812896,0.0,0.0,1.0,63.0,,
euler,canonical,collision,hcfl64_no_low,0,6411,1,1,1.0,0.0798584321097919,0.0798584321097919,0.09219964734780958,5.874317139387131e-08,0.0,-0.10518335545812896,0.11501342803239822,0.06867105513811111,,,,0.0,0.0,-0.10518335545812896,,,,63.0,0.0,False
euler,canonical,collision,hcfl64,1,6411,1,1,1.0,0.08740796967094898,0.08740796967094898,0.09422757619100965,2.565405641992887e-08,0.0,-0.09972669988090743,0.08911539614200592,0.03192772716283798,,,,0.0,0.0,-0.09972669988090743,0.0,0.0,1.0,63.0,,
euler,canonical,collision,hcfl64_no_low,1,6411,1,1,1.0,0.08740796805549982,0.08740796805549982,0.09422757463942906,2.6845373213291168e-08,0.0,-0.09972677581177258,0.08911540359258652,0.031927723437547684,,,,0.0,0.0,-0.09972677581177258,,,,63.0,0.0,False
euler,canonical,collision,hcfl64,2,6411,1,1,1.0,0.07643106928749584,0.07643106928749584,0.06845923433326567,1.855660229921341e-08,0.0,-0.09880517524880883,0.11289788782596588,0.06396336853504181,,,,0.0,0.0,-0.09880517524880883,0.0,0.0,1.0,63.0,,
euler,canonical,collision,hcfl64_no_low,2,6411,1,1,1.0,0.07643106928749584,0.07643106928749584,0.06845923433326567,1.855660229921341e-08,0.0,-0.09880517524880883,0.11289788782596588,0.06396336853504181,,,,0.0,0.0,-0.09880517524880883,,,,63.0,0.0,False
euler,canonical,collision,learned_flux64,0,6411,1,1,1.0,0.1594940116581526,0.1594940116581526,0.1795628990443805,4.5925844460725784e-08,0.0,-0.03860816573946835,0.13748697936534882,0.14300338923931122,,,,,,,,,,,,
euler,canonical,collision,fno64,0,30819,1,0,0.0,0.13372867791625492,inf,inf,0.02760674484500972,nan,nan,-0.10964734852313995,-2.2621283578296748e+27,,,,,,,,,,,,
euler,canonical,strong_pressure,native_fvm64,-1,0,1,1,1.0,0.20650046547953088,0.20650046547953088,0.38530753477492097,1.2672355032374716e-08,0.0,-0.5429232201141758,0.6272407174110413,0.05000000074505806,63,0,0.04192650015465915,,,,,,,,,
euler,canonical,strong_pressure,muscl_fvm64,-1,0,1,1,1.0,0.12798532203284313,0.12798532203284313,0.2672372749895794,9.042584998450382e-09,0.0,-0.3383151915614917,0.5156091451644897,0.05000000074505806,63,0,0.06977789988741279,,,,,,,,,
euler,canonical,strong_pressure,hcfl64,0,6411,1,1,1.0,0.1346495921003796,0.1346495921003796,0.2901222046643097,3.418260914493761e-08,0.0,-0.5362385858674941,0.5918614268302917,0.05000000074505806,,,,0.0,1.951436781416437e-14,-0.5362385858674941,0.0,0.0,1.0,63.0,,
euler,canonical,strong_pressure,hcfl64_no_low,0,6411,1,1,1.0,0.1346495976707554,0.1346495976707554,0.29012218479293583,3.6828747163991316e-08,0.0,-0.5362387286979526,0.5918614864349365,0.05000000074505806,,,,0.0,1.951436781416437e-14,-0.5362387286979526,,,,63.0,0.0,False
euler,canonical,strong_pressure,hcfl64,1,6411,1,1,1.0,0.1578270687359241,0.1578270687359241,0.32428230705479133,1.0184860327665685e-07,0.0,-0.5376115205579168,0.5261969566345215,0.05000000074505806,,,,0.0,2.6482387051842055e-14,-0.5376115205579168,0.0,0.0,1.0,63.0,,
euler,canonical,strong_pressure,hcfl64_no_low,1,6411,1,1,1.0,0.15782706873589938,0.15782706873589938,0.32428230705479133,1.0184860327665685e-07,0.0,-0.5376115205579168,0.5261969566345215,0.05000000074505806,,,,0.0,2.6482387051842055e-14,-0.5376115205579168,,,,63.0,0.0,False
euler,canonical,strong_pressure,hcfl64,2,6411,1,1,1.0,0.13853134200845457,0.13853134200845457,0.29225956130568004,5.5536291949824616e-08,0.0,-0.5720562616777158,0.4716472029685974,0.05000000074505806,,,,0.0,1.3394915129831547e-14,-0.5720562616777158,0.0,0.0,1.0,63.0,,
euler,canonical,strong_pressure,hcfl64_no_low,2,6411,1,1,1.0,0.13853133977232082,0.13853133977232082,0.29225955758405886,5.457710929819073e-08,0.0,-0.5720564962190906,0.471647173166275,0.05000000074505806,,,,0.0,1.3394915129831547e-14,-0.5720564962190906,,,,63.0,0.0,False
euler,canonical,strong_pressure,learned_flux64,0,6411,1,1,1.0,0.1788377525535891,0.1788377525535891,0.3579718456774512,1.9765366045669733e-08,0.0,-0.397191173034642,0.5418354868888855,0.03450771048665047,,,,,,,,,,,,
euler,canonical,strong_pressure,fno64,0,30819,1,0,0.0,0.2682811211129445,inf,inf,0.008251662794938391,nan,nan,0.34037521481513977,-0.034543476998806,,,,,,,,,,,,
euler,canonical,near_vacuum_expansion,native_fvm64,-1,0,1,1,1.0,0.17168956956398032,0.17168956956398032,0.330647521811621,6.1312069495519e-09,0.0,-0.22954797348317868,0.16897903382778168,0.12260419130325317,63,0,0.04235839983448386,,,,,,,,,
euler,canonical,near_vacuum_expansion,muscl_fvm64,-1,0,1,1,1.0,0.13688067725406014,0.13688067725406014,0.20659168225430558,3.647680083910624e-09,0.0,-0.09976989447602591,0.10985898226499557,0.03564225509762764,63,0,0.07085049990564585,,,,,,,,,
euler,canonical,near_vacuum_expansion,hcfl64,0,6411,1,1,1.0,0.07463213703059042,0.07463213703059042,0.13742354480937272,4.6891727834008634e-08,0.0,-0.150779558149452,0.03783678263425827,0.0009418703848496079,,,,0.0,0.0,-0.150779558149452,0.0,0.0,1.0,63.0,,
euler,canonical,near_vacuum_expansion,hcfl64_no_low,0,6411,1,1,1.0,0.07463213875262688,0.07463213875262688,0.13742353716227798,4.503939029139777e-08,0.0,-0.150779558149452,0.03783678635954857,0.0009418704430572689,,,,0.0,0.0,-0.150779558149452,,,,63.0,0.0,False
euler,canonical,near_vacuum_expansion,hcfl64,1,6411,1,1,1.0,0.07533219615850352,0.07533219615850352,0.13256321277538122,2.5092352492113907e-08,0.0,-0.14048583508397883,0.02141682803630829,0.0008038148516789079,,,,0.0,0.0,-0.14048583508397883,0.0,0.0,1.0,63.0,,
euler,canonical,near_vacuum_expansion,hcfl64_no_low,1,6411,1,1,1.0,0.0753321966713885,0.0753321966713885,0.13256320457706366,2.3990044913565118e-08,0.0,-0.140486184004601,0.021416861563920975,0.0008038179948925972,,,,0.0,0.0,-0.140486184004601,,,,63.0,0.0,False
euler,canonical,near_vacuum_expansion,hcfl64,2,6411,1,1,1.0,0.07829026892585987,0.07829026892585987,0.13002043743299402,2.9157793809038896e-08,0.0,-0.1333816683672353,0.03733875975012779,0.0028361466247588396,,,,0.0,0.0,-0.1333816683672353,0.0,0.0,1.0,63.0,,
euler,canonical,near_vacuum_expansion,hcfl64_no_low,2,6411,1,1,1.0,0.07829028417467163,0.07829028417467163,0.1300205233969939,2.74879615365838e-08,0.0,-0.1333816683672353,0.03733878210186958,0.0028361466247588396,,,,0.0,0.0,-0.1333816683672353,,,,63.0,0.0,False
euler,canonical,near_vacuum_expansion,learned_flux64,0,6411,1,0,0.0,0.17702004284922068,inf,inf,2.3709920545419056e-08,nan,nan,0.1372440606355667,-0.005520605947822332,,,,,,,,,,,,
euler,canonical,near_vacuum_expansion,fno64,0,30819,1,0,0.0,0.13939828506094767,inf,inf,0.03421719573573986,nan,nan,-0.26571986079216003,-1.059716629571097e+28,,,,,,,,,,,,
swe,random,ordinary,native_fvm64,-1,0,24,24,1.0,0.029899261670356742,0.029899261670356742,0.04144089899947384,1.0435240771507601e-08,0.0,-0.0008565841836798427,0.7055587768554688,nan,17,0,0.013019999954849482,,,,,,,,,
swe,random,ordinary,muscl_fvm64,-1,0,24,24,1.0,0.021430245752494897,0.021430245752494897,0.0260013731744441,8.221221994944066e-09,0.0,-1.9225574305892223e-06,0.7055345773696899,nan,17,0,0.024271500064060092,,,,,,,,,
swe,random,ordinary,hcfl64,0,6050,24,24,1.0,0.025717948410104642,0.025717948410104642,0.029656633699402076,2.1041038330650936e-08,0.0,-0.0003802702914299516,0.7029399871826172,nan,,,,0.0,1.181339113606866e-13,-0.0003802702914299516,0.0,0.0,1.0,17.0,,
swe,random,ordinary,hcfl64_no_low,0,6050,24,24,1.0,0.025717948410104642,0.025717948410104642,0.029656633699402076,2.1041038330650936e-08,0.0,-0.0003802702914299516,0.7029399871826172,nan,,,,0.0,1.181339113606866e-13,-0.0003802702914299516,,,,17.0,0.0,False
swe,random,ordinary,hcfl64,1,6050,24,24,1.0,0.023318483029762454,0.023318483029762454,0.027822931641776894,3.237855641195473e-08,0.0,-0.00032739842879436765,0.7055587768554688,nan,,,,0.0,1.181339113606866e-13,-0.00032739842879436765,0.0,0.0,1.0,17.0,,
swe,random,ordinary,hcfl64_no_low,1,6050,24,24,1.0,0.023318483294016045,0.023318483294016045,0.027822931817455907,3.237855641195473e-08,0.0,-0.00032739842879436765,0.7055587768554688,nan,,,,0.0,1.181339113606866e-13,-0.00032739842879436765,,,,17.0,0.0,False
swe,random,ordinary,hcfl64,2,6050,24,24,1.0,0.023766243400409667,0.023766243400409667,0.027770510829387286,2.206643342071339e-08,0.0,-0.0002637671017282628,0.7055587768554688,nan,,,,0.0,1.2197988690406785e-13,-0.0002637671017282628,0.0,0.0,1.0,17.0,,
swe,random,ordinary,hcfl64_no_low,2,6050,24,24,1.0,0.023766243401448645,0.023766243401448645,0.027770510830350002,2.0798702954891437e-08,0.0,-0.0002637671017282628,0.7055587768554688,nan,,,,0.0,1.2197988690406785e-13,-0.0002637671017282628,,,,17.0,0.0,False
swe,random,ordinary,learned_flux64,0,6050,24,24,1.0,0.024224798837372403,0.024224798837372403,0.03353126083842467,2.210077497067099e-08,0.0,-0.0007998976622047849,0.7055587768554688,nan,,,,,,,,,,,,
swe,random,ordinary,fno64,0,30770,24,24,1.0,0.03844781296959126,0.03844781296959126,0.048488783929691665,0.0387851885076491,0.27205882352941174,1.170946682019121,0.6907687187194824,nan,,,,,,,,,,,,
swe,random,broad,native_fvm64,-1,0,24,24,1.0,0.060152881242948174,0.060152881242948174,0.07938435149511844,7.850976788001149e-09,0.0,-0.017210560202443048,0.5304266214370728,nan,20,0,0.011614100076258183,,,,,,,,,
swe,random,broad,muscl_fvm64,-1,0,24,24,1.0,0.03894414140949415,0.03894414140949415,0.04346569085951722,7.3483998909387384e-09,0.0,-0.00030954352035905686,0.5304266214370728,nan,26,0,0.02889409987255931,,,,,,,,,
swe,random,broad,hcfl64,0,6050,24,24,1.0,0.040002511807091905,0.040002511807091905,0.05089840810702404,3.390599325373413e-08,0.0,-0.0038737217605557817,0.5256379842758179,nan,,,,0.0,1.1614329912546515e-13,-0.0038737217605557817,0.0,0.0,1.0,17.0,,
swe,random,broad,hcfl64_no_low,0,6050,24,24,1.0,0.0400025116531618,0.0400025116531618,0.050898408002075964,3.390599325373413e-08,0.0,-0.0038737217605557817,0.5256379842758179,nan,,,,0.0,1.1614329912546515e-13,-0.0038737217605557817,,,,17.0,0.0,False
swe,random,broad,hcfl64,1,6050,24,24,1.0,0.036777989971109835,0.036777989971109835,0.04705064824514955,2.605038150262703e-08,0.0,-0.0027708729433015833,0.5267572402954102,nan,,,,0.0,1.4373621116917806e-13,-0.0027708729433015833,0.0,0.0,1.0,17.0,,
swe,random,broad,hcfl64_no_low,1,6050,24,24,1.0,0.03677799000557709,0.03677799000557709,0.04705064818163758,2.5850378573624137e-08,0.0,-0.0027708729433015833,0.5267572402954102,nan,,,,0.0,1.4373621116917806e-13,-0.0027708729433015833,,,,17.0,0.0,False
swe,random,broad,hcfl64,2,6050,24,24,1.0,0.0381402899024424,0.0381402899024424,0.04870130111866364,2.920042763442262e-08,0.0,-0.0019529017633885815,0.5245146751403809,nan,,,,0.0,1.64647081674085e-13,-0.0019529017633885815,0.0,0.0,1.0,17.0,,
swe,random,broad,hcfl64_no_low,2,6050,24,24,1.0,0.03814028990074757,0.03814028990074757,0.04870130110921304,2.920042763442262e-08,0.0,-0.0019529017633885815,0.5245146751403809,nan,,,,0.0,1.64647081674085e-13,-0.0019529017633885815,,,,17.0,0.0,False
swe,random,broad,learned_flux64,0,6050,24,24,1.0,0.049295999334970454,0.049295999334970454,0.06524301246458032,2.2941149818607443e-08,0.0,-0.014213019643449343,0.5304266214370728,nan,,,,,,,,,,,,
swe,random,broad,fno64,0,30770,24,24,1.0,0.07143304439852644,0.07143304439852644,0.09756543849377163,0.03513358240885842,0.4068627450980392,2.4113669079533793,0.4909263551235199,nan,,,,,,,,,,,,
swe,random,froude,native_fvm64,-1,0,24,24,1.0,0.11894392711561474,0.11894392711561474,0.14531398482615054,7.54378385765282e-09,0.0,-0.003804178679445158,0.26461854577064514,nan,34,0,0.018719200044870377,,,,,,,,,
swe,random,froude,muscl_fvm64,-1,0,24,24,1.0,0.06134856617524262,0.06134856617524262,0.06550829032713856,6.494199404401526e-09,0.0,-0.0017382784638471094,0.23456749320030212,nan,41,0,0.04287449992261827,,,,,,,,,
swe,random,froude,hcfl64,0,6050,24,24,1.0,0.06678365510021289,0.06678365510021289,0.08982207806603781,2.3301766669594398e-08,0.0,-0.0012563260483489103,0.18761081993579865,nan,,,,0.0,1.2649860068399306e-13,-0.0012563260483489103,0.0,0.0,1.0,17.0,,
swe,random,froude,hcfl64_no_low,0,6050,24,24,1.0,0.06678365510021289,0.06678365510021289,0.08982207806603781,2.3301766669594398e-08,0.0,-0.0012563260483489103,0.18761081993579865,nan,,,,0.0,1.2649860068399306e-13,-0.0012563260483489103,,,,17.0,0.0,False
swe,random,froude,hcfl64,1,6050,24,24,1.0,0.061423269319273784,0.061423269319273784,0.08243044338164641,2.5070709345320986e-08,0.0,-0.0009465742672887245,0.05522022023797035,nan,,,,0.0,1.2106832158705668e-13,-0.0009465742672887245,0.0,0.0,1.0,17.0,,
swe,random,froude,hcfl64_no_low,1,6050,24,24,1.0,0.06142327080214533,0.06142327080214533,0.08243044644320556,2.5070709345320986e-08,0.0,-0.0009465742672887245,0.05522017925977707,nan,,,,0.0,1.2106832158705668e-13,-0.0009465742672887245,,,,17.0,0.0,False
swe,random,froude,hcfl64,2,6050,24,24,1.0,0.06271193699151538,0.06271193699151538,0.08465756132491753,2.5334402026484334e-08,0.0,-0.001100374917029967,0.17158088088035583,nan,,,,0.0,1.2649860068399306e-13,-0.001100374917029967,0.0,0.0,1.0,17.0,,
swe,random,froude,hcfl64_no_low,2,6050,24,24,1.0,0.06271193692333907,0.06271193692333907,0.08465756110572831,2.5334402026484334e-08,0.0,-0.001100374917029967,0.17158089578151703,nan,,,,0.0,1.2649860068399306e-13,-0.001100374917029967,,,,17.0,0.0,False
swe,random,froude,learned_flux64,0,6050,24,24,1.0,0.09704293914625355,0.09704293914625355,0.12015334647530912,2.4411892603371498e-08,0.0,-0.0031388632278321893,0.24860334396362305,nan,,,,,,,,,,,,
swe,random,froude,fno64,0,30770,24,24,1.0,0.051707662102981326,0.051707662102981326,0.07777513203006553,0.016461872877943047,0.40931372549019607,8.85885491488034,0.18265320360660553,nan,,,,,,,,,,,,
swe,canonical,smooth_wave,native_fvm64,-1,0,1,1,1.0,0.0031461702464778713,0.0031461702464778713,0.005301443207122616,6.0202892693085915e-09,0.0,-0.008421018232468214,0.831530749797821,nan,50,0,0.01595369982533157,,,,,,,,,
swe,canonical,smooth_wave,muscl_fvm64,-1,0,1,1,1.0,0.0003079857340613026,0.0003079857340613026,0.000389901186499806,5.731271759097219e-09,0.0,-1.4979605566622922e-05,0.8268267512321472,nan,50,0,0.02946750004775822,,,,,,,,,
swe,canonical,smooth_wave,hcfl64,0,6050,1,1,1.0,0.0003134226060307554,0.0003134226060307554,0.0005909055894818972,2.4299283500035404e-08,0.0,-0.0014183671635805695,0.8277176022529602,nan,,,,0.0,-1.781845759617033e-07,-0.0014183671635805695,0.0,0.0,1.0,50.0,,
swe,canonical,smooth_wave,hcfl64_no_low,0,6050,1,1,1.0,0.0003134226060307554,0.0003134226060307554,0.0005909055894818972,2.4299283500035404e-08,0.0,-0.0014183671635805695,0.8277176022529602,nan,,,,0.0,-1.781845759617033e-07,-0.0014183671635805695,,,,50.0,0.0,False
swe,canonical,smooth_wave,hcfl64,1,6050,1,1,1.0,0.00024712157246765774,0.00024712157246765774,0.00046169796956382995,1.4210936445487491e-08,0.0,-0.0011171856397709234,0.8276509046554565,nan,,,,0.0,-1.965419115484545e-07,-0.0011171856397709234,0.0,0.0,1.0,50.0,,
swe,canonical,smooth_wave,hcfl64_no_low,1,6050,1,1,1.0,0.00024712157246765774,0.00024712157246765774,0.00046169796956382995,1.4210936445487491e-08,0.0,-0.0011171856397709234,0.8276509046554565,nan,,,,0.0,-1.965419115484545e-07,-0.0011171856397709234,,,,50.0,0.0,False
swe,canonical,smooth_wave,hcfl64,2,6050,1,1,1.0,0.00027908027300808935,0.00027908027300808935,0.0004883549099148852,2.423929873376512e-08,0.0,-0.0009146824521621966,0.8276594281196594,nan,,,,0.0,-1.9064133246945439e-07,-0.0009146824521621966,0.0,0.0,1.0,50.0,,
swe,canonical,smooth_wave,hcfl64_no_low,2,6050,1,1,1.0,0.00027908027300808935,0.00027908027300808935,0.0004883549099148852,2.423929873376512e-08,0.0,-0.0009146824521621966,0.8276594281196594,nan,,,,0.0,-1.9064133246945439e-07,-0.0009146824521621966,,,,50.0,0.0,False
swe,canonical,smooth_wave,learned_flux64,0,6050,1,1,1.0,0.0025743146279113152,0.0025743146279113152,0.004367331991298899,2.0176694109095823e-08,0.0,-0.0070338476343181355,0.8306632041931152,nan,,,,,,,,,,,,
swe,canonical,smooth_wave,fno64,0,30770,1,1,1.0,0.007654206702339213,0.007654206702339213,0.012886722435357684,0.006431827218777784,0.0,-0.006993652561277486,0.8205676674842834,nan,,,,,,,,,,,,
swe,canonical,dam_break,native_fvm64,-1,0,1,1,1.0,0.09494843821497094,0.09494843821497094,0.11013330471745993,1.0648002696016194e-08,0.0,-0.2167014474783855,0.550000011920929,nan,50,0,0.015518900007009506,,,,,,,,,
swe,canonical,dam_break,muscl_fvm64,-1,0,1,1,1.0,0.042097413785558896,0.042097413785558896,0.03246562142603466,1.2304900140705212e-08,0.0,-0.09863127278458705,0.550000011920929,nan,50,0,0.028085599886253476,,,,,,,,,
swe,canonical,dam_break,hcfl64,0,6050,1,1,1.0,0.05666272812824232,0.05666272812824232,0.05856188934285977,3.6159350116448586e-08,0.0,-0.10952255638602537,0.550000011920929,nan,,,,0.0,1.3688869020330206e-14,-0.10952255638602537,0.0,0.0,1.0,50.0,,
swe,canonical,dam_break,hcfl64_no_low,0,6050,1,1,1.0,0.05666272812824232,0.05666272812824232,0.05856188934285977,3.6159350116448586e-08,0.0,-0.10952255638602537,0.550000011920929,nan,,,,0.0,1.3688869020330206e-14,-0.10952255638602537,,,,50.0,0.0,False
swe,canonical,dam_break,hcfl64,1,6050,1,1,1.0,0.053659317091129005,0.053659317091129005,0.059078772465686394,2.7753032198541063e-08,0.0,-0.10919641023696158,0.550000011920929,nan,,,,0.0,1.072500163503258e-14,-0.10919641023696158,0.0,0.0,1.0,50.0,,
swe,canonical,dam_break,hcfl64_no_low,1,6050,1,1,1.0,0.053659317091129005,0.053659317091129005,0.059078772465686394,2.7753032198541063e-08,0.0,-0.10919641023696158,0.550000011920929,nan,,,,0.0,1.072500163503258e-14,-0.10919641023696158,,,,50.0,0.0,False
swe,canonical,dam_break,hcfl64,2,6050,1,1,1.0,0.05641091598395706,0.05641091598395706,0.06246268971331412,3.80720920195087e-08,0.0,-0.10730746631139709,0.550000011920929,nan,,,,0.0,1.2362381543612081e-14,-0.10730746631139709,0.0,0.0,1.0,50.0,,
swe,canonical,dam_break,hcfl64_no_low,2,6050,1,1,1.0,0.05641091598395706,0.05641091598395706,0.06246268971331412,3.80720920195087e-08,0.0,-0.10730746631139709,0.550000011920929,nan,,,,0.0,1.2362381543612081e-14,-0.10730746631139709,,,,50.0,0.0,False
swe,canonical,dam_break,learned_flux64,0,6050,1,1,1.0,0.0756092545517492,0.0756092545517492,0.08752690871399296,2.235593243385551e-08,0.0,-0.18220658965111625,0.550000011920929,nan,,,,,,,,,,,,
swe,canonical,dam_break,fno64,0,30770,1,1,1.0,0.07281942373065765,0.07281942373065765,0.1131129367923615,0.050466633321189745,0.52,0.6207253279110887,0.5140440464019775,nan,,,,,,,,,,,,
swe,canonical,counterflow_collision,native_fvm64,-1,0,1,1,1.0,0.07716204462991748,0.07716204462991748,0.08886230312246302,4.217309768286536e-09,0.0,-0.16093615504968284,0.5891640782356262,nan,50,0,0.016200099838897586,,,,,,,,,
swe,canonical,counterflow_collision,muscl_fvm64,-1,0,1,1,1.0,0.041689788688159424,0.041689788688159424,0.03617301852036485,4.217309768286536e-09,0.0,-0.09196511952694664,0.576688289642334,nan,50,0,0.028924799989908934,,,,,,,,,
swe,canonical,counterflow_collision,hcfl64,0,6050,1,1,1.0,0.04595240674379474,0.04595240674379474,0.04902224532549683,2.0779036670828454e-08,0.0,-0.10279422455852227,0.4944790005683899,nan,,,,0.0,-1.8389289929005015e-06,-0.10279422455852227,0.0,0.0,1.0,50.0,,
swe,canonical,counterflow_collision,hcfl64_no_low,0,6050,1,1,1.0,0.045952407654095515,0.045952407654095515,0.049022249474496064,2.2316597523849585e-08,0.0,-0.10279415025462413,0.4944790005683899,nan,,,,0.0,-1.8389289929005015e-06,-0.10279415025462413,,,,50.0,0.0,False
swe,canonical,counterflow_collision,hcfl64,1,6050,1,1,1.0,0.04286726017275434,0.04286726017275434,0.046545768841722075,1.3838047677190197e-08,0.0,-0.09979276390379255,0.49718427658081055,nan,,,,0.0,-1.455575571697107e-06,-0.09979276390379255,0.0,0.0,1.0,50.0,,
swe,canonical,counterflow_collision,hcfl64_no_low,1,6050,1,1,1.0,0.04286726017275434,0.04286726017275434,0.046545768841722075,1.3838047677190197e-08,0.0,-0.09979276390379255,0.49718427658081055,nan,,,,0.0,-1.455575571697107e-06,-0.09979276390379255,,,,50.0,0.0,False
swe,canonical,counterflow_collision,hcfl64,2,6050,1,1,1.0,0.04435619795001813,0.04435619795001813,0.04821840884509418,1.7599580478331182e-08,0.0,-0.09518060747296886,0.49912771582603455,nan,,,,0.0,-1.730039224682664e-06,-0.09518060747296886,0.0,0.0,1.0,50.0,,
swe,canonical,counterflow_collision,hcfl64_no_low,2,6050,1,1,1.0,0.04435619795001813,0.04435619795001813,0.04821840884509418,1.7599580478331182e-08,0.0,-0.09518060747296886,0.49912771582603455,nan,,,,0.0,-1.730039224682664e-06,-0.09518060747296886,,,,50.0,0.0,False
swe,canonical,counterflow_collision,learned_flux64,0,6050,1,1,1.0,0.06402218282052993,0.06402218282052993,0.07276257705997234,2.036169872500843e-08,0.0,-0.145286834607532,0.6010254621505737,nan,,,,,,,,,,,,
swe,canonical,counterflow_collision,fno64,0,30770,1,1,1.0,0.07381462104251077,0.07381462104251077,0.12183004429647128,0.031027517189132124,0.2,0.3853022735552827,0.5869367122650146,nan,,,,,,,,,,,,
swe,canonical,supercritical_right,native_fvm64,-1,0,1,1,1.0,0.09719419413087312,0.09719419413087312,0.116659945809905,5.064414387887833e-09,0.0,-0.11405406684878017,0.7200000286102295,nan,100,0,0.030160600086674094,,,,,,,,,
swe,canonical,supercritical_right,muscl_fvm64,-1,0,1,1,1.0,0.04223600264735991,0.04223600264735991,0.03960837644514329,3.97918273334044e-09,0.0,-0.037717832045586874,0.7200000286102295,nan,100,0,0.05836650007404387,,,,,,,,,
swe,canonical,supercritical_right,hcfl64,0,6050,1,1,1.0,0.05040938632743412,0.05040938632743412,0.05477724728030849,2.6588175536411125e-08,0.0,-0.04380706515792099,0.6786115765571594,nan,,,,0.0,0.0,-0.04380706515792099,0.0,0.0,1.0,50.0,,
swe,canonical,supercritical_right,hcfl64_no_low,0,6050,1,1,1.0,0.05040938632743412,0.05040938632743412,0.05477724728030849,2.6588175536411125e-08,0.0,-0.04380706515792099,0.6786115765571594,nan,,,,0.0,0.0,-0.04380706515792099,,,,50.0,0.0,False
swe,canonical,supercritical_right,hcfl64,1,6050,1,1,1.0,0.04879131497844016,0.04879131497844016,0.056135605668955445,3.0567358269751565e-08,0.0,-0.041517462476008404,0.6922163963317871,nan,,,,0.0,0.0,-0.041517462476008404,0.0,0.0,1.0,50.0,,
swe,canonical,supercritical_right,hcfl64_no_low,1,6050,1,1,1.0,0.04879131497844016,0.04879131497844016,0.056135605668955445,3.0567358269751565e-08,0.0,-0.041517462476008404,0.6922163963317871,nan,,,,0.0,0.0,-0.041517462476008404,,,,50.0,0.0,False
swe,canonical,supercritical_right,hcfl64,2,6050,1,1,1.0,0.0517698208121894,0.0517698208121894,0.06144622099047333,1.754457841518285e-08,0.0,-0.020055974275464905,0.6759955286979675,nan,,,,0.0,0.0,-0.020055974275464905,0.0,0.0,1.0,50.0,,
swe,canonical,supercritical_right,hcfl64_no_low,2,6050,1,1,1.0,0.0517698208121894,0.0517698208121894,0.06144622099047333,1.754457841518285e-08,0.0,-0.020055974275464905,0.6759955286979675,nan,,,,0.0,0.0,-0.020055974275464905,,,,50.0,0.0,False
swe,canonical,supercritical_right,learned_flux64,0,6050,1,1,1.0,0.08281343664642668,0.08281343664642668,0.10054877557809319,2.0257657551551332e-08,0.0,-0.09881454606954776,0.7123300433158875,nan,,,,,,,,,,,,
swe,canonical,supercritical_right,fno64,0,30770,1,1,1.0,0.036144388175974256,0.036144388175974256,0.0605190218752107,0.004405296048547396,0.46,1.0272163830595673,0.702663004398346,nan,,,,,,,,,,,,
