system,seed,update,learning_rate,last_minibatch_loss,validation_rollout_nrmse_completed_only,validation_rollout_nrmse_all_finite_outputs,validation_completion_rate,selection_metric,new_absolute_best
swe,0,0,0.0003,,0.2661274501069387,0.2661274501069387,1.0,0.2661274501069387,True
swe,0,200,0.0003,0.0005530946655198932,0.10337959181950682,0.11085001885206615,0.9705882352941176,0.11085001885206615,True
swe,0,400,0.0003,0.0001431718555977568,0.08715259604189761,0.08809576825226946,0.9926470588235294,0.08809576825226946,True
swe,0,600,0.0003,0.0001814724673749879,0.0779308997405793,0.07928337312244058,0.9926470588235294,0.07928337312244058,True
swe,0,800,0.0003,0.00010486485552974045,0.06947317484449896,0.07099412214657677,0.9926470588235294,0.07099412214657677,True
swe,0,1000,0.0003,0.00011915137292817235,0.0708325021575975,0.07266897715465877,0.9926470588235294,0.07266897715465877,False
swe,0,1200,0.0003,5.852444519405253e-05,0.06801007791386601,0.06801007791386601,1.0,0.06801007791386601,True
swe,0,1400,0.0003,7.28807644918561e-05,0.06257677163072918,0.06257677163072918,1.0,0.06257677163072918,True
swe,0,1600,0.0003,8.14824816188775e-05,0.05915421484661436,0.05915421484661436,1.0,0.05915421484661436,True
swe,0,1800,0.0003,6.207141268532723e-05,0.056564673521148606,0.056564673521148606,1.0,0.056564673521148606,True
swe,0,2000,0.0003,4.113910108571872e-05,0.05535945627288984,0.05535945627288984,1.0,0.05535945627288984,True
swe,0,2200,0.0003,9.084956400329247e-05,0.05464275104447455,0.05464275104447455,1.0,0.05464275104447455,True
swe,0,2400,0.0003,8.804156823316589e-05,0.052550848333886756,0.052550848333886756,1.0,0.052550848333886756,True
swe,0,2600,0.0003,5.3129821026232094e-05,0.054060431327365766,0.054060431327365766,1.0,0.054060431327365766,False
swe,0,2800,0.0003,4.965371044818312e-05,0.05589905361377068,0.05589905361377068,1.0,0.05589905361377068,False
swe,0,3000,0.0003,5.391021113609895e-05,0.05028190284081692,0.05028190284081692,1.0,0.05028190284081692,True
swe,0,3200,0.0003,3.1650648452341557e-05,0.05443089208275721,0.05443089208275721,1.0,0.05443089208275721,False
swe,0,3400,0.0003,3.7132183933863416e-05,0.04841971721589228,0.04841971721589228,1.0,0.04841971721589228,True
swe,0,3600,0.0003,3.868786370730959e-05,0.05220661405430099,0.05220661405430099,1.0,0.05220661405430099,False
swe,0,3800,0.0003,2.908458554884419e-05,0.05209944363558119,0.05209944363558119,1.0,0.05209944363558119,False
swe,0,4000,0.0003,4.0797385736368597e-05,0.049000437109851226,0.049000437109851226,1.0,0.049000437109851226,False
swe,0,4200,0.0003,4.209821418044157e-05,0.04768042431252007,0.04768042431252007,1.0,0.04768042431252007,True
swe,0,4400,0.0003,2.3608923584106378e-05,0.04756590922118409,0.04756590922118409,1.0,0.04756590922118409,True
swe,0,4600,0.0003,3.540367470122874e-05,0.046128623359472015,0.046128623359472015,1.0,0.046128623359472015,True
swe,0,4800,0.0003,3.7989713746355847e-05,0.048999042268337165,0.048999042268337165,1.0,0.048999042268337165,False
swe,0,5000,0.0003,3.797417593887076e-05,0.044589386502139644,0.044589386502139644,1.0,0.044589386502139644,True
swe,0,5200,0.0003,2.826061609084718e-05,0.04399478291382096,0.04399478291382096,1.0,0.04399478291382096,True
swe,0,5400,0.0003,2.888059134420473e-05,0.045728081193095085,0.045728081193095085,1.0,0.045728081193095085,False
swe,0,5600,0.0003,1.8336246284889057e-05,0.050897453942701974,0.050897453942701974,1.0,0.050897453942701974,False
swe,0,5800,0.0003,3.666325574158691e-05,0.04821599191781667,0.04821599191781667,1.0,0.04821599191781667,False
swe,0,6000,0.0003,4.691298818215728e-05,0.0484764076095374,0.0484764076095374,1.0,0.0484764076095374,False
swe,0,6200,0.0003,3.9414404454873875e-05,0.0428878220319016,0.0428878220319016,1.0,0.0428878220319016,True
swe,0,6400,0.0003,2.5895791623042896e-05,0.04479947775144689,0.04479947775144689,1.0,0.04479947775144689,False
swe,0,6600,0.0003,3.0977389542385936e-05,0.04414716840779647,0.04414716840779647,1.0,0.04414716840779647,False
swe,0,6800,0.0003,2.8172504244139418e-05,0.04421108251192641,0.04421108251192641,1.0,0.04421108251192641,False
swe,0,7000,0.0003,2.0027928258059546e-05,0.0418022060593311,0.0418022060593311,1.0,0.0418022060593311,True
swe,0,7200,0.0003,2.133777888957411e-05,0.044483216852710145,0.044483216852710145,1.0,0.044483216852710145,False
swe,0,7400,0.0003,2.025226604018826e-05,0.046753522707636844,0.046753522707636844,1.0,0.046753522707636844,False
swe,0,7600,0.0003,2.3614102246938273e-05,0.05228627746575467,0.05228627746575467,1.0,0.05228627746575467,False
swe,0,7800,0.0003,3.185368041158654e-05,0.04560227285909486,0.04560227285909486,1.0,0.04560227285909486,False
swe,0,8000,0.0003,2.3087319277692586e-05,0.0441647751149562,0.0441647751149562,1.0,0.0441647751149562,False
swe,0,8200,0.0003,1.9712393623194657e-05,0.0405872652190341,0.0405872652190341,1.0,0.0405872652190341,True
swe,0,8400,0.0003,2.281268643855583e-05,0.046290047037893134,0.046290047037893134,1.0,0.046290047037893134,False
swe,0,8600,0.0003,2.152903653040994e-05,0.0485065979226038,0.0485065979226038,1.0,0.0485065979226038,False
swe,0,8800,0.0003,1.9799497749772854e-05,0.04240518167438909,0.04240518167438909,1.0,0.04240518167438909,False
swe,0,9000,0.0003,2.0791949282283895e-05,0.04582098715505985,0.04582098715505985,1.0,0.04582098715505985,False
swe,0,9200,0.0003,1.7272792320000008e-05,0.044768010294405185,0.044768010294405185,1.0,0.044768010294405185,False
swe,0,9400,0.0003,1.9609062292147428e-05,0.04238245212501758,0.04238245212501758,1.0,0.04238245212501758,False
swe,0,9600,0.0003,1.4813063899055123e-05,0.05246072232970669,0.05246072232970669,1.0,0.05246072232970669,False
swe,0,9800,0.0003,2.019504609052092e-05,0.04295506794243156,0.04295506794243156,1.0,0.04295506794243156,False
swe,0,10000,8.999999999999999e-05,2.6966426958097145e-05,0.04277233216602266,0.04277233216602266,1.0,0.04277233216602266,False
swe,0,10200,8.999999999999999e-05,1.4875747183396015e-05,0.04264579930174483,0.04264579930174483,1.0,0.04264579930174483,False
swe,0,10400,8.999999999999999e-05,1.3967685845273081e-05,0.0424179604671953,0.0424179604671953,1.0,0.0424179604671953,False
swe,0,10600,8.999999999999999e-05,2.019700150412973e-05,0.04295589226372156,0.04295589226372156,1.0,0.04295589226372156,False
swe,0,10800,8.999999999999999e-05,1.1882721082656644e-05,0.044790630928559484,0.044790630928559484,1.0,0.044790630928559484,False
swe,0,11000,8.999999999999999e-05,1.1754244951589499e-05,0.04307160311898125,0.04307160311898125,1.0,0.04307160311898125,False
swe,0,11200,8.999999999999999e-05,1.611054176464677e-05,0.04193163812667363,0.04193163812667363,1.0,0.04193163812667363,False
swe,0,11400,8.999999999999999e-05,1.582201184646692e-05,0.043068277849458735,0.043068277849458735,1.0,0.043068277849458735,False
swe,0,11600,2.6999999999999996e-05,1.942751077876892e-05,0.04166319583047262,0.04166319583047262,1.0,0.04166319583047262,False
swe,0,11800,2.6999999999999996e-05,1.2359127140371129e-05,0.04240828598815141,0.04240828598815141,1.0,0.04240828598815141,False
swe,0,12000,2.6999999999999996e-05,1.1310075933579355e-05,0.04420016766396647,0.04420016766396647,1.0,0.04420016766396647,False
swe,0,12200,2.6999999999999996e-05,2.2323423763737082e-05,0.043021426028645615,0.043021426028645615,1.0,0.043021426028645615,False
swe,0,12400,2.6999999999999996e-05,1.4920862668077461e-05,0.04429374463292167,0.04429374463292167,1.0,0.04429374463292167,False
swe,0,12600,2.6999999999999996e-05,1.3800759916193783e-05,0.04272120544136894,0.04272120544136894,1.0,0.04272120544136894,False
swe,0,12800,2.6999999999999996e-05,2.3193852030090056e-05,0.04290851704332087,0.04290851704332087,1.0,0.04290851704332087,False
swe,0,13000,2.6999999999999996e-05,2.857043727999553e-05,0.04253096369058766,0.04253096369058766,1.0,0.04253096369058766,False
swe,0,13200,8.099999999999999e-06,1.4930765246390365e-05,0.04278181466765559,0.04278181466765559,1.0,0.04278181466765559,False
swe,0,13400,8.099999999999999e-06,2.257900996482931e-05,0.042584193265542476,0.042584193265542476,1.0,0.042584193265542476,False
swe,0,13600,8.099999999999999e-06,1.4417011698242277e-05,0.042273406068021116,0.042273406068021116,1.0,0.042273406068021116,False
swe,0,13800,8.099999999999999e-06,2.5462715711910278e-05,0.04318928434930562,0.04318928434930562,1.0,0.04318928434930562,False
swe,0,14000,8.099999999999999e-06,1.3366294297156855e-05,0.04255566767967129,0.04255566767967129,1.0,0.04255566767967129,False
swe,0,14200,8.099999999999999e-06,1.3346698324312456e-05,0.043122009815814356,0.043122009815814356,1.0,0.043122009815814356,False
swe,0,14400,8.099999999999999e-06,1.4975268641137518e-05,0.04298503658247158,0.04298503658247158,1.0,0.04298503658247158,False
swe,0,14600,8.099999999999999e-06,1.6642217815387994e-05,0.04268018231686386,0.04268018231686386,1.0,0.04268018231686386,False
swe,0,14800,3e-06,1.4071687473915517e-05,0.04241125714883382,0.04241125714883382,1.0,0.04241125714883382,False
swe,0,15000,3e-06,1.5049552530399524e-05,0.042809729450742046,0.042809729450742046,1.0,0.042809729450742046,False
swe,0,15200,3e-06,2.354336356802378e-05,0.04268498179283525,0.04268498179283525,1.0,0.04268498179283525,False
swe,0,15400,3e-06,3.421909423195757e-05,0.04311902151037626,0.04311902151037626,1.0,0.04311902151037626,False
swe,0,15600,3e-06,1.9777015040745027e-05,0.04277820611154316,0.04277820611154316,1.0,0.04277820611154316,False
swe,0,15800,3e-06,2.2602413082495332e-05,0.0428053017173955,0.0428053017173955,1.0,0.0428053017173955,False
swe,0,16000,3e-06,1.9044287910219282e-05,0.0427700856318707,0.0427700856318707,1.0,0.0427700856318707,False
swe,0,16200,3e-06,1.582023105584085e-05,0.04292606396432652,0.04292606396432652,1.0,0.04292606396432652,False
