seed,update,learning_rate,last_minibatch_loss,new_best,completion,minimum_density,minimum_pressure,maximum_entropy_balance,maximum_interface_residual,minimum_positivity_theta,minimum_entropy_beta,rollout_nmae_completed,rollout_nrmse_completed,nmae_oblique_riemann,nmae_contact_shear,nmae_oblique_quadrant,nmae_radial_interface,nmae_colliding_waves,nmae_smooth_packet,worst_family_nmae
2,0,0.0005,,True,1.0,0.17316141724586487,0.14484670758247375,-0.0027684019237312896,1.939067332256515e-10,1.0,1.0,0.028259362940146495,0.09052028377529554,0.025092933197336468,0.006859667024247437,0.06676529622075048,0.027857032653282564,0.03383301065750254,0.009148237887759474,0.06676529622075048
2,500,0.0005,0.00043550608097575605,True,1.0,0.08874128013849258,0.11919581145048141,-1.4610486687161028e-07,1.3614272960525952e-09,1.0,0.0,0.018513838952287805,0.07078158951892663,0.017640032529229296,0.003886317249447609,0.05048569470869412,0.01974456668363623,0.017807249086062824,0.0015191734566567536,0.05048569470869412
2,1000,0.0005,0.0001508285931777209,False,1.0,0.1476258933544159,0.12719640135765076,4.879329935647547e-07,3.134934550476846e-10,1.0,0.0,0.01852754186006908,0.07157573590061729,0.017488610590318095,0.00465603141461848,0.05056014826927497,0.0198951675707781,0.017149251073879115,0.0014160422415457343,0.05056014826927497
2,1500,0.0005,0.0006434581591747701,True,1.0,0.12413282692432404,0.11728361994028091,4.3681302486220375e-07,3.740080681963187e-08,1.0,0.0,0.018426131796681986,0.07086003569415465,0.01689013187152122,0.005059023912226166,0.05027546068292843,0.020101860795877984,0.016812557107937897,0.0014177564096002188,0.05027546068292843
2,2000,0.0005,0.0007647075108252466,False,1.0,0.12638475000858307,0.1211610808968544,4.90947968501132e-07,7.13829405307731e-09,1.0,0.0,0.018654652577246154,0.07007516783944176,0.016457309000696634,0.005192702088791099,0.05016973139567602,0.02017855614037262,0.016696621051800607,0.0032329957861399606,0.05016973139567602
2,2500,0.0005,0.0004134887713007629,False,1.0,0.13611438870429993,0.13307981193065643,4.909643394057639e-07,3.281903981564027e-08,1.0,0.0,0.01856868056987412,0.07004610453842444,0.016913911493194857,0.005639145690151842,0.04962045638824998,0.020131854153554656,0.016969125618995055,0.0021375900750983602,0.04962045638824998
2,3000,0.0005,0.0006460573058575392,False,1.0,0.12910832464694977,0.12386830896139145,4.082212399225682e-07,3.776501628083295e-08,1.0,0.0,0.018589851897192197,0.0696228647207399,0.01694762228260268,0.005671582932328143,0.04950511575875806,0.020125846771854406,0.017058615787313845,0.002230327850296052,0.04950511575875806
2,3500,0.0005,4.4023297959938645e-05,False,1.0,0.11786433309316635,0.09148400276899338,4.985237467280967e-07,9.753542749499355e-08,1.0,0.0,0.018774016680167666,0.06963324319639982,0.016193221022612576,0.005848300229957051,0.0497014433571144,0.020215324125880355,0.017548700046975545,0.003137111298466076,0.0497014433571144
2,4000,0.0005,2.164076067856513e-05,False,1.0,0.11571042239665985,0.11247309297323227,4.0470149542670697e-07,2.9809167220729016e-07,1.0,0.0,0.019391779912597978,0.07072749343641026,0.01717174519567401,0.006072863788274641,0.05011407861076192,0.02039987242502072,0.01746589882611462,0.00512622062974195,0.05011407861076192
2,4500,0.0005,0.00034224888077005744,False,1.0,0.10865190625190735,0.12091334909200668,4.269713826943189e-07,6.826131937476276e-08,1.0,0.0,0.01876384557677182,0.06933104724597702,0.016947254471491417,0.005694179372968147,0.048833415621466,0.020500346918793908,0.0179777304519723,0.002630146623939157,0.048833415621466
2,5000,0.0005,0.000244714057771489,False,1.0,0.10960569232702255,0.11418012529611588,4.5334127207752317e-07,3.0308422896418996e-08,1.0,0.0,0.01874774321927183,0.06851101211207519,0.016844656118918874,0.0060245959328067925,0.048355021759084287,0.02026596241326094,0.01748533291258742,0.0035108901789726657,0.048355021759084287
2,5500,0.0005,9.29931047721766e-05,False,1.0,0.12735719978809357,0.12466776371002197,4.826724762097001e-07,4.1198876508725444e-10,1.0,0.0,0.01870073621020322,0.06892235492376918,0.016772550448462712,0.005710726971459132,0.048972081229148194,0.020170249243342275,0.017199904198622266,0.003378905170184747,0.048972081229148194
2,6000,0.0005,0.00030093558598309755,False,1.0,0.11615018546581268,0.1286134570837021,4.719017852039542e-07,2.2212477565619615e-08,1.0,0.0,0.0188738512255804,0.06870056621214392,0.017231923224664256,0.005866721034363616,0.04849801681987661,0.020112515944145523,0.016908990949050542,0.004624939381381852,0.04849801681987661
2,6500,0.0001,0.00023821365903131664,False,1.0,0.11519916355609894,0.12753193080425262,4.983194230590016e-07,6.9170653475836286e-09,1.0,0.0,0.0187426289894654,0.0683461690542014,0.01663313972452755,0.005821560593747716,0.04834639371260378,0.02004759679817334,0.017091609569649467,0.004515473538090526,0.04834639371260378
2,7000,0.0001,0.00015887850895524025,False,1.0,0.1247963085770607,0.09569555521011353,4.5683191274292767e-07,7.3510919434971456e-09,1.0,0.0,0.018743009351131712,0.06790867823543952,0.016753952305470256,0.005793370028575381,0.04802598722082262,0.01999210557403897,0.016921714777817412,0.004970926200065636,0.04802598722082262
2,7500,0.0001,8.491495827911422e-05,False,1.0,0.12375089526176453,0.10985197871923447,4.580474524118472e-07,2.0844466673552997e-08,1.0,0.0,0.018608297041822434,0.0676768219665692,0.0162936248656281,0.005493215268626737,0.04812410265337401,0.020013969981367043,0.016941096426697822,0.004783773055240883,0.04812410265337401
2,8000,0.0001,0.0005373872700147331,False,1.0,0.12083903700113297,0.11292093992233276,4.768990038428456e-07,7.827387141223774e-10,1.0,0.0,0.01861045490789708,0.068314949902902,0.016676418188783737,0.005707392919841395,0.04836123036028888,0.020041082389300545,0.017014035788443273,0.003862569800724648,0.04836123036028888
2,8500,0.0001,0.0002283263165736571,False,1.0,0.12022535502910614,0.11777142435312271,4.979447112418711e-07,3.803516771330728e-08,1.0,0.0,0.018751222206382038,0.06858174025984157,0.016688414824259142,0.0056925898877125776,0.048441880179845485,0.02009032215752855,0.017138468306353592,0.00445565788259288,0.048441880179845485
2,9000,0.0001,0.00046054465929046273,False,1.0,0.1238618940114975,0.11245453357696533,4.377989171189256e-07,1.7340040725510875e-07,1.0,0.0,0.01873925072419758,0.06840447718320948,0.017188109267452643,0.0057284433703653475,0.048353463514020575,0.020034849256654122,0.017165668295578713,0.0039649706411140654,0.048353463514020575
2,9500,2e-05,0.0006446830811910331,False,1.0,0.11874368786811829,0.11612369120121002,4.907878974336199e-07,3.625049857239734e-10,1.0,0.0,0.018683966339587167,0.06800157723521004,0.016714382607163285,0.005670974622489914,0.048152277179017836,0.019925954503585756,0.017037488654238653,0.004602720471027541,0.048152277179017836
2,10000,2e-05,0.00016585768025834113,False,1.0,0.11990004032850266,0.1083306074142456,4.95313543069642e-07,5.278999921700384e-10,1.0,0.0,0.018639364648796806,0.06817888522389925,0.016841912719903287,0.005596108715947123,0.048290684766037324,0.019977113877262098,0.01714885581049736,0.003981512003133629,0.048290684766037324
2,10500,2e-05,0.0002702292986214161,False,1.0,0.11780880391597748,0.12357807159423828,4.85108103021048e-07,1.2754754766253207e-08,1.0,0.0,0.018544488555041507,0.06788495405624471,0.01644029551319211,0.005638767031317522,0.04818212675743821,0.019937210910419934,0.0170614179074547,0.004007113210426556,0.04818212675743821
2,11000,2e-05,0.0001391816622344777,False,1.0,0.11395378410816193,0.12814156711101532,4.954281394020654e-07,2.9065377571303547e-10,1.0,0.0,0.018675189590911502,0.0679969362424199,0.0168900506814288,0.005725784303415468,0.04799111177526624,0.019855437533364148,0.0169559764955538,0.004632776756440556,0.04799111177526624
2,11500,2e-05,0.00032274684053845704,False,1.0,0.1190134808421135,0.09263785928487778,4.3743375499616377e-07,2.3278880944416214e-08,1.0,0.0,0.018493666486050747,0.06787700278832368,0.016370084094739883,0.0057518610589387545,0.048198168198085804,0.01989087685035955,0.016997942513968224,0.0037530662002122745,0.048198168198085804
2,12000,2e-05,0.0001284620666410774,False,1.0,0.1165398508310318,0.13031738996505737,4.7194043872877955e-07,1.3213209970608375e-09,1.0,0.0,0.018787610904941635,0.06816647722656233,0.016985006018525994,0.005653722844815021,0.04817323318340961,0.01994321286666659,0.017099227065181584,0.004871263451051032,0.04817323318340961
