split,ntraj,rollout_nrmse,min_rho,min_pressure,entropy_violation_rate,max_entropy_residual,local_limiter_intervention_rate,fd_entropy_intervention_rate,mean_fd_beta,min_fd_beta,max_total_entropy_change,mean_substeps_per_snapshot,eval_seconds,seed,arm,parameter_count,train_seconds
ordinary_id,90,0.012355775208402796,0.5742957592010498,0.5326337218284607,0.0,8.431772842840914e-09,0.0,0.0,1.0,1.0,-0.00015057246260674617,1.0,0.1517234998755157,0,broad_random,6627,5.3226919998414814
broad_random_in_support,90,0.03433295487331937,0.1967880129814148,0.23142218589782715,0.0,1.3907338112638364e-08,0.0,0.0014814814814814814,0.9999535285101997,0.9585424065589905,-3.8111075184588117e-07,1.0,0.20307380007579923,0,broad_random,6627,5.3226919998414814
moderate_ood_high_frequency,90,0.006759427558680807,0.6434857249259949,0.6503472328186035,0.0,-3.490673618211648e-08,0.0,0.0,1.0,1.0,-0.0036331327527605595,1.0,0.13281750003807247,0,broad_random,6627,5.3226919998414814
sod,1,0.01785055275781293,0.12289555370807648,0.09839679300785065,0.0,2.06910082936054e-15,0.0,0.0,1.0,1.0,-0.005621852143582906,1.0,0.1668024999089539,0,broad_random,6627,5.3226919998414814
lax,1,0.0627854350646183,0.20454631745815277,0.5710000395774841,0.0,1.9113733816493286e-15,0.0,0.0,1.0,1.0,-0.04629472399729195,1.0,0.1818548000883311,0,broad_random,6627,5.3226919998414814
collision,1,0.10187547939777021,0.04471881687641144,1.0054022823169362e-05,0.0,0.0,0.001984126984126984,0.047619047619047616,0.9997550182872348,0.9896544218063354,-1.0832558774431789e-05,1.0,0.18398109986446798,0,broad_random,6627,5.3226919998414814
strong_pressure,1,0.11930504573115763,0.5143840312957764,0.04971669614315033,0.0,2.9116757561866574e-22,0.0,0.0,1.0,1.0,-0.4560944252104093,1.0,0.21325779985636473,0,broad_random,6627,5.3226919998414814
near_vacuum_expansion,1,0.08905598094228177,0.007577680982649326,1.0013580322265625e-05,0.0,0.0,0.015873015873015872,0.23809523809523808,0.9967651632097032,0.9580955505371094,-7.572029488756016e-06,1.0,0.27202849998138845,0,broad_random,6627,5.3226919998414814
ordinary_id,90,0.012196332694996578,0.5789462327957153,0.5205917358398438,0.0,1.3241911346639156e-14,0.0,0.0,1.0,1.0,-0.00015298703592847573,1.0,0.1727726999670267,0,wave_coverage,6627,5.1927638000342995
broad_random_in_support,90,0.03435460796919267,0.20239201188087463,0.22052951157093048,0.0,1.488032986319578e-14,0.0,0.0022222222222222222,0.99906005859375,0.0,-5.623256242870411e-07,1.0,0.20829740003682673,0,wave_coverage,6627,5.1927638000342995
moderate_ood_high_frequency,90,0.0067983647279522665,0.6431822180747986,0.6493369936943054,0.0,-3.573794864729363e-08,0.0,0.0,1.0,1.0,-0.003522366595426263,1.0,0.14891360001638532,0,wave_coverage,6627,5.1927638000342995
sod,1,0.021612930512124238,0.12295184284448624,0.09837033599615097,0.0,2.8649081406037403e-15,0.0,0.0,1.0,1.0,-0.0042791320141537526,1.0,0.18481180001981556,0,wave_coverage,6627,5.1927638000342995
lax,1,0.06286304756574511,0.2002250850200653,0.5710000395774841,0.0,7.645489086291786e-16,0.0,0.0,1.0,1.0,-0.04555718895144878,1.0,0.16889540012925863,0,wave_coverage,6627,5.1927638000342995
collision,1,0.09648176480968386,0.05731404200196266,1.0064383786811959e-05,0.0,0.0,0.001984126984126984,0.06349206349206349,0.9995396392686027,0.9840968251228333,-5.061325574651221e-06,1.0,0.2087732998188585,0,wave_coverage,6627,5.1927638000342995
strong_pressure,1,0.11828332805982575,0.5154286026954651,0.049543317407369614,0.0,1.6562751416280282e-14,0.0,0.0,1.0,1.0,-0.45742749401300387,1.0,0.20729549997486174,0,wave_coverage,6627,5.1927638000342995
near_vacuum_expansion,1,0.08637040642922157,0.010462235659360886,1.0013580322265625e-05,0.0,0.0,0.014384920634920634,0.2222222222222222,0.996931583162338,0.9576940536499023,-2.7815285363885778e-06,1.0,0.2507635001093149,0,wave_coverage,6627,5.1927638000342995
