seed,arm,iteration,loss
0,broad_random,0,6.421243597287685e-05
0,broad_random,100,4.378687299322337e-05
0,broad_random,200,8.744034130359069e-05
0,broad_random,300,3.546624429873191e-05
0,broad_random,400,7.084715616656467e-05
0,broad_random,500,3.9603066397830844e-05
0,broad_random,600,6.11662253504619e-05
0,broad_random,700,2.6947385777020827e-05
0,broad_random,800,3.395746898604557e-05
0,broad_random,900,4.283733869669959e-05
0,broad_random,1000,1.2561819858092349e-05
0,broad_random,1099,4.381233884487301e-05
0,wave_coverage,0,3.575900700525381e-05
0,wave_coverage,100,1.4308919162431266e-05
0,wave_coverage,200,3.206582186976448e-05
0,wave_coverage,300,2.4269944333354943e-05
0,wave_coverage,400,3.320052564959042e-05
0,wave_coverage,500,2.250776560686063e-05
0,wave_coverage,600,1.7157117326860316e-05
0,wave_coverage,700,1.3941920769866556e-05
0,wave_coverage,800,2.024338573392015e-05
0,wave_coverage,900,1.5918434655759484e-05
0,wave_coverage,1000,9.486662747804075e-06
0,wave_coverage,1099,2.9398894184851088e-05
