stencil_cells,seed,update,learning_rate,last_minibatch_loss,new_best,completion,rollout_nmae_completed,rollout_nrmse_completed,minimum_density,minimum_pressure,maximum_entropy_balance,maximum_interface_residual,minimum_positivity_theta,minimum_entropy_beta
6,2,0,0.0005,,True,1.0,0.038792881699832506,0.10379970959962129,0.3283994197845459,0.30593037605285645,-0.004231640436728412,2.989226831760414e-14,1.0,1.0
6,2,500,0.0005,0.00021609743998851627,True,1.0,0.03017788904849198,0.08550033747140656,0.27323105931282043,0.1893472522497177,-1.0461632427904988e-05,2.9105668883713798e-08,1.0,0.9917294383049011
6,2,1000,0.0005,0.0006032795063219965,False,1.0,0.03144790533594785,0.08940473768709475,0.27287980914115906,0.18863452970981598,-0.00045969488928676583,1.597292556554386e-08,1.0,0.0
6,2,1500,0.0005,0.0004442339122761041,False,1.0,0.031541340509072154,0.09080843086709481,0.2717478275299072,0.18428795039653778,-1.0345603186578956e-05,3.0003985927295335e-08,1.0,0.0
6,2,2000,0.0005,0.0005140155553817749,False,1.0,0.03172649530074589,0.09093460843076946,0.2735987901687622,0.19208940863609314,-6.7371319687481446e-06,6.047439762499329e-09,1.0,0.0
6,2,2500,0.0005,0.00030819911626167595,False,1.0,0.03192818676643341,0.091576635945766,0.27109187841415405,0.18960897624492645,-5.660944680130342e-06,8.289536364627925e-09,1.0,0.0
6,2,3000,0.0005,0.0002448785235174,False,1.0,0.03262981356602574,0.09406661931593097,0.27261024713516235,0.18827733397483826,-6.289446503160434e-06,7.603271022765118e-09,1.0,0.0
6,2,3500,0.0005,0.0005971298669464886,False,1.0,0.03266109181980901,0.0939683775669701,0.27005431056022644,0.18699024617671967,-7.0459095695696305e-06,2.8822529380551076e-09,1.0,0.0
6,2,4000,0.0001,0.0004352529067546129,False,1.0,0.03267976413621838,0.09376110225017267,0.27094218134880066,0.1874573677778244,-2.9778132102364907e-06,1.766544411706955e-08,1.0,0.9828870296478271
6,2,4500,0.0001,0.00043609103886410594,False,1.0,0.03237507393146577,0.09274195906164272,0.26973870396614075,0.1865909844636917,-1.526052102462927e-05,2.2603782050961696e-08,1.0,0.0
6,2,5000,0.0001,0.0004755643312819302,False,1.0,0.03279742267497785,0.09440128776466396,0.27068468928337097,0.1894858330488205,-4.5659963348043675e-06,6.65558681257894e-09,1.0,0.0
6,2,5500,2e-05,0.00023668039648327976,False,1.0,0.03280636064510444,0.09449708177550695,0.27022239565849304,0.18779972195625305,-5.4353190535039175e-06,8.595169256886415e-09,1.0,0.9844932556152344
6,2,6000,2e-05,0.00022827462817076594,False,1.0,0.03279513276989211,0.09441885823977177,0.2706340253353119,0.18873031437397003,-1.3455864063871559e-05,9.945593374902084e-09,1.0,0.9861875772476196
6,2,6500,2e-05,0.0004149453598074615,False,1.0,0.0328447203844515,0.09455446610786354,0.2702834904193878,0.18862785398960114,-8.385032515434432e-06,5.221763640927968e-08,1.0,0.0
