split,method,rollout_nrmse_mean,rollout_nrmse_std,min_h_mean,entropy_violation_rate_mean,entropy_violation_rate_max,max_entropy_residual_max,mass_drift_max
ID,hard,0.047407,0.001319,0.643099,0.0,0.0,0.000001,0.000023
ID,hll,0.094033,0.002877,0.657177,0.0,0.0,,0.000031
ID,plain,0.038272,0.001858,0.632782,0.026103,0.027261,3.611237,0.000023
ID,rusanov,0.096634,0.003036,0.656828,0.0,0.0,,0.000031
ID,soft,0.042163,0.002045,0.635602,0.019274,0.021131,2.172517,0.000023
OOD,hard,0.114558,0.009924,0.390160,0.0,0.0,0.000002,0.000038
OOD,hll,0.195746,0.016887,0.400536,0.0,0.0,,0.000031
OOD,plain,0.102673,0.009073,0.326557,0.026369,0.029816,12.822450,0.000031
OOD,rusanov,0.204206,0.017523,0.401701,0.0,0.0,,0.000031
OOD,soft,0.109870,0.009824,0.355419,0.019908,0.023392,8.617992,0.000031
