case,method,completed,failure_reason,rollout_nrmse,final_snapshot_nrmse,minimum_density,minimum_pressure,hard_projection_intervention_rate,local_limiter_intervention_rate,fd_entropy_intervention_rate,minimum_internal_dt
sod,native_hllc_512,True,,0.010811347514390945,0.012714155949652195,0.125,0.10000000149011612,,,,
sod,hllc_roe_correction_hcfl_512,True,,0.0068195536732673645,0.007109828758984804,0.125,0.10000000149011612,0.00021701388888888888,0.0,0.0,
sod,roe_complete_hcfl_512,True,,0.013052510097622871,0.017293382436037064,0.12210400402545929,0.09916061908006668,0.485076419890873,0.0,0.0,0.0004
sod,central_roe_signed_hcfl_512,True,,0.009844070300459862,0.010514380410313606,0.125,0.10000000149011612,0.07691979786706349,0.0,0.0,0.0004
sod,central_roe_upwind_hcfl_512,True,,0.005697757937014103,0.005280407145619392,0.125,0.10000000149011612,0.0002208891369047619,0.0,0.0,0.0004
lax,native_hllc_512,True,,0.051048148423433304,0.05998900532722473,0.24970562756061554,0.5710000395774841,,,,
lax,hllc_roe_correction_hcfl_512,True,,0.030756700783967972,0.03277136757969856,0.2220984399318695,0.5710000395774841,0.08563135540674603,0.0,0.0,
lax,roe_complete_hcfl_512,True,,0.1362835168838501,0.20129647850990295,0.23962149024009705,0.5527908205986023,0.47541542658730157,0.0,0.0,0.0004
lax,central_roe_signed_hcfl_512,True,,0.0319855697453022,0.040042977780103683,0.17657995223999023,0.5710000395774841,0.14927842881944445,0.0,0.0,0.0004
lax,central_roe_upwind_hcfl_512,True,,0.033559489995241165,0.036827635020017624,0.2098204642534256,0.5710000395774841,0.09938461061507936,0.0,0.0,0.0004
collision,native_hllc_512,True,,0.06802190840244293,0.060315243899822235,0.08217018097639084,0.06716174632310867,,,,
collision,hllc_roe_correction_hcfl_512,True,,0.05115491896867752,0.04664769396185875,0.0742735043168068,0.06437119841575623,0.18214828249007936,0.0,0.0,
collision,roe_complete_hcfl_512,True,,0.2753756642341614,0.46122443675994873,0.009478291496634483,0.0018238144693896174,0.45592680431547616,7.750496031746031e-06,0.0,0.0004
collision,central_roe_signed_hcfl_512,True,,0.04339032992720604,0.05243663489818573,0.006788876373320818,0.0036268827971071005,0.42094881572420634,0.0,0.0,0.0004
collision,central_roe_upwind_hcfl_512,True,,0.04037981107831001,0.04716981574892998,0.0026991190388798714,0.010506687685847282,0.21191018725198413,0.0,0.0,0.0004
strong_pressure,native_hllc_512,True,,0.17141221463680267,0.24039193987846375,0.5615903735160828,0.05000000074505806,,,,
strong_pressure,hllc_roe_correction_hcfl_512,True,,0.1297285109758377,0.1770087331533432,0.5011986494064331,0.05000000074505806,0.0017826140873015873,0.0,0.0,
strong_pressure,roe_complete_hcfl_512,True,,0.41742461919784546,0.7057229280471802,0.3979707956314087,0.046847064048051834,0.45641896081349204,0.0,0.0,0.0004
strong_pressure,central_roe_signed_hcfl_512,True,,0.11595577001571655,0.1627640426158905,0.5068210959434509,0.05000000074505806,0.016775948660714284,0.0,0.0,0.0004
strong_pressure,central_roe_upwind_hcfl_512,True,,0.13004536926746368,0.17976245284080505,0.4928429126739502,0.05000000074505806,0.003127325148809524,0.0,0.0,0.0004
near_vacuum_expansion,native_hllc_512,True,,0.069891057908535,0.08317048102617264,0.02066754177212715,0.008250758051872253,,,,
near_vacuum_expansion,hllc_roe_correction_hcfl_512,True,,0.06288488209247589,0.08141366392374039,0.017533134669065475,0.009008700959384441,0.15609111483134921,0.0,0.0,
near_vacuum_expansion,roe_complete_hcfl_512,True,,0.21491694450378418,0.35300010442733765,0.0011202484602108598,1.0002614544646349e-05,0.5122457837301587,0.0018254950495049506,0.13465346534653466,0.00013813793703189886
near_vacuum_expansion,central_roe_signed_hcfl_512,True,,0.04552198573946953,0.05520563945174217,1.0024069524661172e-05,1.1113402251794469e-05,0.23787047371031747,0.0005645751953125,0.0,1.3138694338595892e-05
near_vacuum_expansion,central_roe_upwind_hcfl_512,True,,0.03930266946554184,0.04049051180481911,1.0002971066569444e-05,0.001919406815432012,0.21159241691468253,0.0028725014076576576,0.0,4.5708388567833715e-07
