scope,case,method,metric,value
validation,all_validation,full_flux_broad,best_rollout_nrmse,0.028046926162405422
64_cell,random_mean,full_flux_broad,rollout_nrmse,0.011329202503056595
64_cell,canonical_mean,full_flux_broad,rollout_nrmse,0.09750634450331593
validation,all_validation,roe_complete_broad,best_rollout_nrmse,0.030531342767883288
64_cell,random_mean,roe_complete_broad,rollout_nrmse,0.013385386102717714
64_cell,canonical_mean,roe_complete_broad,rollout_nrmse,0.1087450069970283
validation,all_validation,central_consistent_broad,best_rollout_nrmse,0.045760336310044634
64_cell,random_mean,central_consistent_broad,rollout_nrmse,0.014464165477452773
64_cell,canonical_mean,central_consistent_broad,rollout_nrmse,0.11024259794633892
validation,all_validation,central_roe_signed_broad,best_rollout_nrmse,0.024512604004480954
64_cell,random_mean,central_roe_signed_broad,rollout_nrmse,0.011833766466326043
64_cell,canonical_mean,central_roe_signed_broad,rollout_nrmse,0.041728348746954594
validation,all_validation,central_roe_upwind_broad,best_rollout_nrmse,0.029099848489295067
64_cell,random_mean,central_roe_upwind_broad,rollout_nrmse,0.012925960353808856
64_cell,canonical_mean,central_roe_upwind_broad,rollout_nrmse,0.04709292711002809
validation,all_validation,dissipation_broad,best_rollout_nrmse,0.031556808975426086
64_cell,random_mean,dissipation_broad,rollout_nrmse,0.01298858527726327
64_cell,canonical_mean,dissipation_broad,rollout_nrmse,0.06257498635792874
512_cell,canonical_mean,roe_complete_broad,rollout_nrmse,0.2114106509834528
512_cell,canonical_mean,central_roe_signed_broad,rollout_nrmse,0.04933954514563084
512_cell,canonical_mean,central_roe_upwind_broad,rollout_nrmse,0.04979701954871416
512_cell,canonical_mean,dissipation_broad,rollout_nrmse,0.05626891329884529
512_cell,canonical_mean,native_hllc_512,rollout_nrmse,0.07423693537712098
512_cell,canonical_mean,central_consistent_broad,rollout_nrmse,0.09386766348034144
