case,method,feasibility_weight,rollout_nrmse,final_snapshot_nrmse,hard_projection_intervention_rate,local_limiter_intervention_rate,fd_entropy_intervention_rate,minimum_density,minimum_pressure
sod,control,0.0,0.005697757937014103,0.005280407145619392,0.0002208891369047619,0.0,0.0,0.125,0.10000000149011612
sod,feas_1e4,0.0001,0.005862697958946228,0.005924200639128685,0.00026351686507936506,0.0,0.0,0.125,0.10000000149011612
sod,feas_1e3,0.001,0.007227523252367973,0.007228289730846882,8.525545634920634e-05,0.0,0.0,0.125,0.10000000149011612
lax,control,0.0,0.033559489995241165,0.036827635020017624,0.09938461061507936,0.0,0.0,0.2098204642534256,0.5710000395774841
lax,feas_1e4,0.0001,0.03622851520776749,0.03916488215327263,0.07463340153769842,0.0,0.0,0.2058379203081131,0.5710000395774841
lax,feas_1e3,0.001,0.03700321912765503,0.04083449766039848,0.10241505456349206,0.0,0.0,0.20523634552955627,0.5710000395774841
collision,control,0.0,0.04037981107831001,0.04716981574892998,0.21191018725198413,0.0,0.0,0.0026991190388798714,0.010506687685847282
collision,feas_1e4,0.0001,0.05717815086245537,0.06251652538776398,0.24377247643849206,0.0,0.0,0.05268676206469536,0.012902790680527687
collision,feas_1e3,0.001,0.04005899652838707,0.04789301007986069,0.23537093874007936,0.0,0.0,0.06114216521382332,0.03004874847829342
strong_pressure,control,0.0,0.13004536926746368,0.17976245284080505,0.003127325148809524,0.0,0.0,0.4928429126739502,0.05000000074505806
strong_pressure,feas_1e4,0.0001,0.1399262249469757,0.19070354104042053,0.0025266617063492065,0.0,0.0,0.49712425470352173,0.05000000074505806
strong_pressure,feas_1e3,0.001,0.13775192201137543,0.18150383234024048,0.0027514260912698415,0.0,0.0,0.4760104715824127,0.05000000074505806
near_vacuum_expansion,control,0.0,0.03930266946554184,0.04049051180481911,0.21159241691468253,0.0028725014076576576,0.0,1.0002971066569444e-05,0.001919406815432012
near_vacuum_expansion,feas_1e4,0.0001,0.060757722705602646,0.06923013925552368,0.20685686383928573,0.0,0.0,0.0005619706935249269,0.0011891460744664073
near_vacuum_expansion,feas_1e3,0.001,0.04820529371500015,0.048161830753088,0.2587890625,0.0,0.0,0.0005545279709622264,0.0001844212383730337
