variant,seed,update,learning_rate,last_minibatch_loss,new_best,completion,rollout_nmae_completed,rollout_nrmse_completed,final_density_tv_excess_completed,minimum_density,minimum_pressure,maximum_entropy_balance,maximum_interface_residual,minimum_positivity_theta,minimum_entropy_beta,mean_absolute_transverse_coefficient_response,relative_transverse_coefficient_response,mean_transverse_gate
flat18,0,0,0.0005,,True,1.0,0.038792881699832506,0.10379970959962129,0.0,0.3283994197845459,0.30593037605285645,-0.004231640436728412,2.989226831760414e-14,1.0,1.0,0.0,0.0,0.024807091017879507
flat18,0,500,0.0005,0.0002551299403421581,True,1.0,0.030801336067731225,0.08851256819146287,0.0887246107061704,0.28093960881233215,0.19726112484931946,-5.365359129427816e-06,5.2422498515725113e-08,1.0,0.9997317790985107,0.0036000699514434453,0.004874783447781968,0.024807091017879507
flat18,0,1000,0.0005,0.001128396368585527,False,1.0,0.031873079523320705,0.09164724548156232,0.11963211674204406,0.27202853560447693,0.17393122613430023,-4.256742613506503e-06,2.57120892702134e-08,1.0,0.9896538257598877,0.00316634163970039,0.0037648769396724743,0.024807091017879507
flat18,0,1500,0.0005,0.00039022936834953725,False,1.0,0.03216811012190354,0.09245146414225576,0.12229191985291739,0.2729988396167755,0.19095981121063232,-1.9339478853908076e-05,2.3595521161934307e-08,1.0,0.0,0.003692034170741127,0.004361052725555341,0.024807091017879507
flat18,0,2000,0.0005,0.000306364061543718,False,1.0,0.032400867102889225,0.09290677665742836,0.1268802206031978,0.2721225917339325,0.18598666787147522,-8.585812031469686e-05,1.7741670195470238e-08,1.0,0.9997640252113342,0.0034597351713470683,0.003922597406847688,0.024807091017879507
flat18,0,2500,0.0005,0.00025618000654503703,False,1.0,0.03149918450786179,0.09084547686764033,0.12021681976815064,0.27460312843322754,0.18073783814907074,-0.0014243896553125523,3.0085504375970684e-08,1.0,1.0,0.003299102534062017,0.0036920079845942505,0.024807091017879507
flat18,0,3000,0.0005,0.0005771862342953682,False,1.0,0.03099995419714349,0.09037044862596356,0.1110230030802389,0.27401572465896606,0.19221742451190948,-0.00010211886456090724,5.610336471263688e-08,1.0,1.0,0.0034577870179736425,0.0038819238295849335,0.024807091017879507
flat18,0,3500,0.0005,0.00020021470845676959,True,1.0,0.0305207555152019,0.08875969529276992,0.09736845642328262,0.2759488821029663,0.21178193390369415,-0.0012663602287830145,6.795284389956441e-08,1.0,1.0,0.0036246202058262296,0.004106536870622049,0.024807091017879507
flat18,0,4000,0.0005,0.0005136016989126801,True,1.0,0.03012256331105829,0.08743237492243358,0.097349780301253,0.2596336603164673,0.1858987659215927,-7.020494649623288e-05,2.040845742921904e-08,1.0,1.0,0.003442785151736446,0.0038275078197531945,0.024807091017879507
flat18,0,4500,0.0005,0.0002288983523612842,True,1.0,0.02997578633440314,0.087494783288405,0.09091372073938449,0.25847581028938293,0.19265832006931305,-0.001019875104248058,5.624004256483267e-08,1.0,1.0,0.0038391952634488466,0.004302861513168386,0.024807091017879507
flat18,0,5000,0.0005,0.00026791292475536466,True,1.0,0.029503670922015234,0.08655350401195114,0.0742027135565877,0.26763370633125305,0.20108509063720703,-0.0016033111535307398,6.333153825498206e-08,1.0,1.0,0.004085051232860202,0.004629210567938807,0.024807091017879507
flat18,0,5500,0.0005,0.00043283432023599744,True,1.0,0.029186009365974937,0.08578291149194522,0.05988460821875682,0.27978846430778503,0.19741445779800415,-0.0001741070091156871,5.1424215831777365e-08,1.0,1.0,0.0046900021887960885,0.005383634176684359,0.024807091017879507
flat18,0,6000,0.0005,0.000327090616337955,True,1.0,0.029163691440280626,0.08566656029733348,0.04922456108033657,0.2802627980709076,0.22336316108703613,-0.0007647269285371294,3.073161739268384e-08,1.0,1.0,0.005293874813135339,0.006339206923298818,0.024807091017879507
flat18,0,6500,0.0005,0.0002837628417182714,True,1.0,0.02870640151350964,0.08405829863937092,0.0556556558876764,0.2756267786026001,0.216719388961792,-4.725668668470462e-05,6.595381462758815e-08,1.0,1.0,0.005549905476746736,0.006472528526366524,0.024807091017879507
flat18,0,7000,0.0005,0.00040571633144281805,False,1.0,0.029819974304830778,0.08848656448923255,0.0503473998978734,0.2715214192867279,0.22140660881996155,-0.002583669326668314,3.7821666760279316e-08,1.0,1.0,0.005846456134760821,0.006725856091018243,0.024807091017879507
flat18,0,7500,0.0005,0.00029105463181622326,True,1.0,0.028321148220796358,0.08299740126083319,0.0352826789021492,0.2780580222606659,0.27622756361961365,-0.0009613323509256588,2.7265174265891923e-08,1.0,1.0,0.006150068524022582,0.007129894672247565,0.024807091017879507
flat18,0,8000,0.0005,0.0002491206396371126,True,1.0,0.02744854180910899,0.08040271204764136,0.03014290612190962,0.2778448760509491,0.2775686979293823,-0.00187860384448868,5.281821896865879e-08,1.0,1.0,0.006601933748633773,0.007632139278608258,0.024807091017879507
flat18,0,8500,0.0005,0.00013591285096481442,True,1.0,0.026664735522625462,0.07862393671306342,0.016597548499703407,0.29075905680656433,0.2788145840167999,-0.0024029330222674616,5.754055957315346e-08,1.0,1.0,0.0076511348444948755,0.009113311832480101,0.024807091017879507
flat18,0,9000,0.0005,0.00019654780044220388,True,1.0,0.02537406686443913,0.07555661099043683,0.010302329746385416,0.29465532302856445,0.28151413798332214,-0.0017913137717187055,2.8170632994720113e-08,1.0,1.0,0.007583175970133019,0.009022096632119697,0.024807091017879507
flat18,0,9500,0.0005,0.0002966293541248888,True,1.0,0.0243306096316594,0.07173772792318327,0.012863098488499721,0.29707327485084534,0.284358412027359,-0.002142719203220622,2.572767186619085e-08,1.0,1.0,0.007997908013522941,0.009537900515670729,0.024807091017879507
flat18,0,10000,0.0005,0.0003097378648817539,True,1.0,0.024081830303318334,0.07194706301584229,0.013389359693974257,0.30406278371810913,0.2878372371196747,-0.007461147801450352,6.76017549439134e-08,1.0,1.0,0.008627040439812595,0.010312356782064942,0.024807091017879507
flat18,0,10500,0.0005,0.0002181290474254638,True,1.0,0.023877194595278994,0.07103024249376744,0.01136107207275927,0.3095446228981018,0.29281026124954224,-0.0011295057490769977,5.639595539001785e-08,1.0,1.0,0.009171744227093994,0.011137054497725039,0.024807091017879507
flat18,0,11000,0.0005,0.00012836878886446357,True,1.0,0.02339143862894562,0.06936171691096929,0.015135670391221842,0.2996661961078644,0.2967652380466461,-0.0017835945404840459,4.025769544113711e-08,1.0,1.0,0.00898573308710068,0.010668825412773647,0.024807091017879507
flat18,0,11500,0.0005,0.00026504104607738554,False,1.0,0.024192696849218504,0.07306500317421527,0.00856254705771183,0.3070339560508728,0.3003137707710266,-0.008439305059027902,6.3497529793205e-08,1.0,1.0,0.009509496855988073,0.011514291418935315,0.024807091017879507
flat18,0,12000,0.0005,0.00030253807199187577,False,1.0,0.02362050354887008,0.07009439880279997,0.00883852799112598,0.30239227414131165,0.30122363567352295,-0.007330888238357147,7.798728933125498e-08,1.0,1.0,0.009065136179406807,0.010726527133984951,0.024807091017879507
flat18,0,12500,0.0005,0.00012315493950154632,False,1.0,0.024003574550346216,0.07143059456097704,0.014923594736804565,0.29477375745773315,0.3033406436443329,-0.005996423362830683,1.3530302274064598e-07,1.0,1.0,0.01004322373835498,0.012329847176472923,0.024807091017879507
flat18,0,13000,0.0001,0.00012098784645786509,False,1.0,0.023618931849440174,0.0696696360060933,0.008874794468283653,0.3030562698841095,0.3036312758922577,-0.0008163650318238069,1.4875983441256513e-07,1.0,1.0,0.0093759020169576,0.011252815216877913,0.024807091017879507
flat18,0,13500,0.0001,0.000135550057166256,False,1.0,0.023609788696328387,0.07010522206496132,0.011212231125682592,0.30234941840171814,0.3044096529483795,-0.0014630386231146986,1.0584462860514787e-07,1.0,1.0,0.009611096095155787,0.01159364855266339,0.024807091017879507
flat18,0,14000,0.0001,0.0002243888593511656,False,1.0,0.023501200501060734,0.06908692027655271,0.009973355568945408,0.3044861853122711,0.3042566478252411,-0.0010870664370941086,1.5124306273692212e-07,1.0,1.0,0.009467400255657378,0.011392357512046366,0.024807091017879507
flat18,0,14500,2e-05,0.00011494991485960782,False,1.0,0.023506352066737946,0.069377308380016,0.010974749767531952,0.3012408912181854,0.30510351061820984,-0.00069293207843657,1.7510866175997342e-07,1.0,1.0,0.009544171802896672,0.011469664168554092,0.024807091017879507
flat18,0,15000,2e-05,0.0002124905149685219,False,1.0,0.02343031771398974,0.06897678470163716,0.010512369529654583,0.3020575940608978,0.3049076497554779,-0.000978510596723936,1.3164608988081722e-07,1.0,1.0,0.009601406303663103,0.011571652924099228,0.024807091017879507
flat18,0,15500,2e-05,0.00020568260515574366,False,1.0,0.023525908723237943,0.0694801561516586,0.00919464478890101,0.30444449186325073,0.3049256503582001,-0.0010274238491092547,1.7282755925690507e-07,1.0,1.0,0.009491906658051505,0.01142691481791448,0.024807091017879507
